player_display_name,position,recent_team,opponent_team,week,fantasy_points,fantasy_points_ppr,completions,attempts,passing_yards,passing_tds,interceptions,carries,rushing_yards,rushing_tds,receptions,targets,receiving_yards,receiving_tds,sacks
A.J. Barner,TE,SEA,MIA,3,1.3,4.3,0,0,0.0,0,0.0,0,0.0,0,3,3,13.0,0,0.0
A.J. Barner,TE,SEA,DET,4,8.7,10.7,0,0,0.0,0,0.0,0,0.0,0,2,2,27.0,1,0.0
A.J. Barner,TE,SEA,NYG,5,1.3,2.3,0,0,0.0,0,0.0,0,0.0,0,1,1,13.0,0,0.0
A.J. Barner,TE,SEA,SF,6,1.3,2.3,0,0,0.0,0,0.0,0,0.0,0,1,1,13.0,0,0.0
A.J. Barner,TE,SEA,ATL,7,0.5,1.5,0,0,0.0,0,0.0,0,0.0,0,1,1,5.0,0,0.0
A.J. Barner,TE,SEA,BUF,8,3.4,5.4,0,0,0.0,0,0.0,0,0.0,0,2,2,34.0,0,0.0
A.J. Barner,TE,SEA,LA,9,2.7,6.7,0,0,0.0,0,0.0,0,0.0,0,4,7,27.0,0,0.0
A.J. Barner,TE,SEA,SF,11,1.5,3.5,0,0,0.0,0,0.0,0,0.0,0,2,4,15.0,0,0.0
A.J. Barner,TE,SEA,ARI,12,1.9,4.9,0,0,0.0,0,0.0,0,0.0,0,3,4,19.0,0,0.0
A.J. Barner,TE,SEA,NYJ,13,7.4,9.4,0,0,0.0,0,0.0,0,0.0,0,2,2,14.0,1,0.0
A.J. Barner,TE,SEA,ARI,14,1.3,2.3,0,0,0.0,0,0.0,0,0.0,0,1,1,13.0,0,0.0
A.J. Barner,TE,SEA,GB,15,0.5,1.5,0,0,0.0,0,0.0,0,0.0,0,1,3,5.0,0,0.0
A.J. Barner,TE,SEA,MIN,16,7.3,9.3,0,0,0.0,0,0.0,0,0.0,0,2,2,13.0,1,0.0
A.J. Barner,TE,SEA,LA,18,9.4,14.4,0,0,0.0,0,0.0,0,0.0,0,5,5,34.0,1,0.0
A.J. Brown,WR,PHI,GB,1,17.9,22.9,0,0,0.0,0,0.0,0,0.0,0,5,10,119.0,1,0.0
A.J. Brown,WR,PHI,CLE,6,17.6,23.6,0,0,0.0,0,0.0,0,0.0,0,6,9,116.0,1,0.0
A.J. Brown,WR,PHI,NYG,7,14.9,19.9,0,0,0.0,0,0.0,0,0.0,0,5,5,89.0,1,0.0
A.J. Brown,WR,PHI,CIN,8,8.4,13.4,0,0,0.0,0,0.0,0,0.0,0,5,6,84.0,0,0.0
A.J. Brown,WR,PHI,JAX,9,3.6,5.6,0,0,0.0,0,0.0,0,0.0,0,2,4,36.0,0,0.0
A.J. Brown,WR,PHI,DAL,10,10.9,15.9,0,0,0.0,0,0.0,0,0.0,0,5,7,109.0,0,0.0
A.J. Brown,WR,PHI,WAS,11,6.5,11.5,0,0,0.0,0,0.0,0,0.0,0,5,8,65.0,0,0.0
A.J. Brown,WR,PHI,LA,12,16.9,22.9,0,0,0.0,0,0.0,0,0.0,0,6,7,109.0,1,0.0
A.J. Brown,WR,PHI,BAL,13,6.6,11.6,0,0,0.0,0,0.0,0,0.0,0,5,6,66.0,0,0.0
A.J. Brown,WR,PHI,CAR,14,4.3,8.3,0,0,0.0,0,0.0,0,0.0,0,4,4,43.0,0,0.0
A.J. Brown,WR,PHI,PIT,15,17.0,25.0,0,0,0.0,0,0.0,0,0.0,0,8,11,110.0,1,0.0
A.J. Brown,WR,PHI,WAS,16,15.7,23.7,0,0,0.0,0,0.0,0,0.0,0,8,15,97.0,1,0.0
A.J. Brown,WR,PHI,DAL,17,9.6,12.6,0,0,0.0,0,0.0,0,0.0,0,3,5,36.0,1,0.0
A.J. Cole,P,LV,DEN,12,1.36,1.36,1,1,34.0,0,0.0,0,0.0,0,0,0,0.0,0,0.0
Aaron Jones,RB,MIN,NYG,1,16.9,18.9,0,0,0.0,0,0.0,14,94.0,1,2,2,15.0,0,0.0
Aaron Jones,RB,MIN,SF,2,4.8,9.8,0,0,0.0,0,0.0,9,32.0,0,5,6,36.0,0,0.0
Aaron Jones,RB,MIN,HOU,3,20.8,25.8,0,0,0.0,0,0.0,19,102.0,0,5,6,46.0,1,0.0
Aaron Jones,RB,MIN,GB,4,13.9,17.9,0,0,0.0,0,0.0,22,93.0,0,4,5,46.0,0,0.0
Aaron Jones,RB,MIN,NYJ,5,5.3,6.3,0,0,0.0,0,0.0,7,29.0,0,1,1,24.0,0,0.0
Aaron Jones,RB,MIN,DET,7,17.6,20.6,0,0,0.0,0,0.0,14,93.0,1,3,3,23.0,0,0.0
Aaron Jones,RB,MIN,LA,8,9.5,11.5,0,0,0.0,0,0.0,19,58.0,0,2,2,37.0,0,0.0
Aaron Jones,RB,MIN,IND,9,8.2,12.2,0,0,0.0,0,0.0,21,64.0,0,4,4,18.0,0,0.0
Aaron Jones,RB,MIN,JAX,10,10.1,12.1,0,0,0.0,0,0.0,17,88.0,0,2,3,13.0,0,0.0
Aaron Jones,RB,MIN,TEN,11,4.3,5.3,0,0,0.0,0,0.0,15,39.0,0,1,1,4.0,0,0.0
Aaron Jones,RB,MIN,CHI,12,16.9,19.9,0,0,0.0,0,0.0,22,106.0,1,3,4,23.0,0,0.0
Aaron Jones,RB,MIN,ARI,13,6.8,9.8,0,0,0.0,0,0.0,5,22.0,0,3,4,6.0,1,0.0
Aaron Jones,RB,MIN,ATL,14,14.4,16.4,0,0,0.0,0,0.0,13,73.0,1,2,2,11.0,0,0.0
Aaron Jones,RB,MIN,CHI,15,16.6,18.6,0,0,0.0,0,0.0,18,86.0,1,2,3,20.0,0,0.0
Aaron Jones,RB,MIN,SEA,16,9.3,12.3,0,0,0.0,0,0.0,18,67.0,0,3,5,26.0,0,0.0
Aaron Jones,RB,MIN,GB,17,7.7,11.7,0,0,0.0,0,0.0,12,47.0,0,4,5,30.0,0,0.0
Aaron Jones,RB,MIN,DET,18,7.5,12.5,0,0,0.0,0,0.0,10,45.0,0,5,6,30.0,0,0.0
Aaron Rodgers,QB,NYJ,SF,1,8.58,8.58,13,21,167.0,1,1.0,1,-1.0,0,0,0,0.0,0,1.0
Aaron Rodgers,QB,NYJ,TEN,2,15.14,15.14,18,30,176.0,2,0.0,2,1.0,0,0,0,0.0,0,2.0
Aaron Rodgers,QB,NYJ,NE,3,21.04,21.04,27,35,281.0,2,0.0,3,18.0,0,0,0,0.0,0,2.0
Aaron Rodgers,QB,NYJ,DEN,4,11.6,11.6,24,42,225.0,0,0.0,5,26.0,0,0,0,0.0,0,5.0
Aaron Rodgers,QB,NYJ,MIN,5,11.76,11.76,29,54,244.0,2,3.0,0,0.0,0,0,0,0.0,0,3.0
Aaron Rodgers,QB,NYJ,BUF,6,17.76,17.76,23,35,294.0,2,1.0,0,0.0,0,0,0,0.0,0,3.0
Aaron Rodgers,QB,NYJ,PIT,7,13.04,13.04,24,39,276.0,1,2.0,0,0.0,0,0,0,0.0,0,1.0
Aaron Rodgers,QB,NYJ,NE,8,17.32,17.32,17,28,233.0,2,0.0,0,0.0,0,0,0,0.0,0,1.0
Aaron Rodgers,QB,NYJ,HOU,9,20.34,20.34,22,32,211.0,3,0.0,1,-1.0,0,0,0,0.0,0,2.0
Aaron Rodgers,QB,NYJ,ARI,10,4.04,4.04,22,35,151.0,0,0.0,0,0.0,0,0,0,0.0,0,3.0
Aaron Rodgers,QB,NYJ,IND,11,16.06,16.06,22,29,184.0,2,0.0,1,7.0,0,0,0,0.0,0,3.0
Aaron Rodgers,QB,NYJ,SEA,13,14.0,14.0,21,39,185.0,2,1.0,2,6.0,0,0,0,0.0,0,2.0
Aaron Rodgers,QB,NYJ,MIA,14,17.56,17.56,27,39,339.0,1,0.0,0,0.0,0,0,0,0.0,0,3.0
Aaron Rodgers,QB,NYJ,JAX,15,30.06,30.06,16,30,289.0,3,0.0,6,45.0,0,0,0,0.0,0,1.0
Aaron Rodgers,QB,NYJ,LA,16,12.84,12.84,28,42,256.0,1,0.0,1,6.0,0,0,0,0.0,0,1.0
Aaron Rodgers,QB,NYJ,BUF,17,0.48,0.48,12,18,112.0,0,2.0,0,0.0,0,0,0,0.0,0,4.0
Aaron Rodgers,QB,NYJ,MIA,18,24.96,24.96,23,36,274.0,4,1.0,0,0.0,0,0,0,0.0,0,3.0
Aaron Shampklin,RB,PIT,IND,4,0.5,0.5,0,0,0.0,0,0.0,1,5.0,0,0,0,0.0,0,0.0
Aaron Shampklin,RB,PIT,DAL,5,1.4,1.4,0,0,0.0,0,0.0,4,14.0,0,0,0,0.0,0,0.0
Aaron Shampklin,RB,PIT,LV,6,-0.2,-0.2,0,0,0.0,0,0.0,1,-2.0,0,0,0,0.0,0,0.0
Adam Prentice,FB,NO,DAL,2,0.0,0.0,0,0,0.0,0,0.0,0,0.0,0,0,1,0.0,0,0.0
Adam Prentice,FB,NO,LAC,8,0.0,0.0,0,0,0.0,0,0.0,0,0.0,0,0,1,0.0,0,0.0
Adam Prentice,FB,NO,CAR,9,0.0,0.0,0,0,0.0,0,0.0,0,0.0,0,0,1,0.0,0,0.0
Adam Prentice,FB,NO,LV,17,0.0,0.0,0,0,0.0,0,0.0,0,0.0,0,0,1,0.0,0,0.0
Adam Thielen,WR,CAR,NO,1,4.9,7.9,0,0,0.0,0,0.0,0,0.0,0,3,4,49.0,0,0.0
Adam Thielen,WR,CAR,LAC,2,2.0,4.0,0,0,0.0,0,0.0,0,0.0,0,2,3,20.0,0,0.0
Adam Thielen,WR,CAR,LV,3,10.0,13.0,0,0,0.0,0,0.0,0,0.0,0,3,5,40.0,1,0.0
Adam Thielen,WR,CAR,KC,12,5.7,8.7,0,0,0.0,0,0.0,0,0.0,0,3,4,57.0,0,0.0
Adam Thielen,WR,CAR,TB,13,15.9,23.9,0,0,0.0,0,0.0,0,0.0,0,8,10,99.0,1,0.0
Adam Thielen,WR,CAR,PHI,14,10.2,19.2,0,0,0.0,0,0.0,0,0.0,0,9,11,102.0,0,0.0
Adam Thielen,WR,CAR,DAL,15,5.1,10.1,0,0,0.0,0,0.0,0,0.0,0,5,7,51.0,0,0.0
Adam Thielen,WR,CAR,ARI,16,10.3,15.3,0,0,0.0,0,0.0,0,0.0,0,5,6,43.0,1,0.0
Adam Thielen,WR,CAR,TB,17,23.0,28.0,0,0,0.0,0,0.0,0,0.0,0,5,6,110.0,2,0.0
Adam Thielen,WR,CAR,ATL,18,4.4,9.4,0,0,0.0,0,0.0,0,0.0,0,5,6,44.0,0,0.0
Adam Trautman,TE,DEN,SEA,1,0.0,0.0,0,0,0.0,0,0.0,0,0.0,0,0,1,0.0,0,0.0
Adam Trautman,TE,DEN,TB,3,1.3,2.3,0,0,0.0,0,0.0,0,0.0,0,1,1,13.0,0,0.0
Adam Trautman,TE,DEN,LV,5,1.9,2.9,0,0,0.0,0,0.0,0,0.0,0,1,1,19.0,0,0.0
Adam Trautman,TE,DEN,NO,7,0.0,0.0,0,0,0.0,0,0.0,0,0.0,0,0,3,0.0,0,0.0
Adam Trautman,TE,DEN,CAR,8,14.5,18.5,0,0,0.0,0,0.0,0,0.0,0,4,4,85.0,1,0.0
Adam Trautman,TE,DEN,BAL,9,0.4,1.4,0,0,0.0,0,0.0,0,0.0,0,1,1,4.0,0,0.0
Adam Trautman,TE,DEN,KC,10,3.4,4.4,0,0,0.0,0,0.0,0,0.0,0,1,1,34.0,0,0.0
Adam Trautman,TE,DEN,ATL,11,0.0,0.0,0,0,0.0,0,0.0,0,0.0,0,0,1,0.0,0,0.0
Adam Trautman,TE,DEN,LV,12,0.3,1.3,0,0,0.0,0,0.0,0,0.0,0,1,2,3.0,0,0.0
Adam Trautman,TE,DEN,CLE,13,0.0,0.0,0,0,0.0,0,0.0,0,0.0,0,0,1,0.0,0,0.0
Adam Trautman,TE,DEN,IND,15,8.0,10.0,0,0,0.0,0,0.0,0,0.0,0,2,2,20.0,1,0.0
Adam Trautman,TE,DEN,LAC,16,0.5,1.5,0,0,0.0,0,0.0,0,0.0,0,1,1,5.0,0,0.0
Adam Trautman,TE,DEN,CIN,17,0.5,1.5,0,0,0.0,0,0.0,0,0.0,0,1,3,5.0,0,0.0
Adonai Mitchell,WR,IND,HOU,1,0.2,1.2,0,0,0.0,0,0.0,0,0.0,0,1,5,2.0,0,0.0
Adonai Mitchell,WR,IND,GB,2,3.0,4.0,0,0,0.0,0,0.0,0,0.0,0,1,4,30.0,0,0.0
Adonai Mitchell,WR,IND,CHI,3,0.0,0.0,0,0,0.0,0,0.0,0,0.0,0,0,1,0.0,0,0.0
Adonai Mitchell,WR,IND,PIT,4,1.0,1.0,0,0,0.0,0,0.0,1,10.0,0,0,3,0.0,0,0.0
Adonai Mitchell,WR,IND,JAX,5,5.16,9.16,1,1,24.0,0,0.0,1,4.0,0,4,7,38.0,0,0.0
Adonai Mitchell,WR,IND,TEN,6,0.9,2.9,0,0,0.0,0,0.0,0,0.0,0,2,4,9.0,0,0.0
Adonai Mitchell,WR,IND,MIA,7,3.0,5.0,0,0,0.0,0,0.0,0,0.0,0,2,3,30.0,0,0.0
Adonai Mitchell,WR,IND,HOU,8,0.9,1.9,0,0,0.0,0,0.0,0,0.0,0,1,4,9.0,0,0.0
Adonai Mitchell,WR,IND,MIN,9,2.2,3.2,0,0,0.0,0,0.0,0,0.0,0,1,1,22.0,0,0.0
Adonai Mitchell,WR,IND,BUF,10,7.1,13.1,0,0,0.0,0,0.0,0,0.0,0,6,6,71.0,0,0.0
Adonai Mitchell,WR,IND,NYJ,11,3.5,4.5,0,0,0.0,0,0.0,1,2.0,0,1,2,33.0,0,0.0
Adonai Mitchell,WR,IND,DET,12,1.0,2.0,0,0,0.0,0,0.0,0,0.0,0,1,3,10.0,0,0.0
Adonai Mitchell,WR,IND,NE,13,0.0,0.0,0,0,0.0,0,0.0,0,0.0,0,0,2,0.0,0,0.0
Adonai Mitchell,WR,IND,DEN,15,-3.0,-3.0,0,0,0.0,0,0.0,1,-10.0,0,0,4,0.0,0,0.0
Adonai Mitchell,WR,IND,TEN,16,3.6,4.6,0,0,0.0,0,0.0,0,0.0,0,1,1,36.0,0,0.0
Adonai Mitchell,WR,IND,NYG,17,2.2,4.2,0,0,0.0,0,0.0,0,0.0,0,2,4,22.0,0,0.0
Adonai Mitchell,WR,IND,JAX,18,0.0,0.0,0,0,0.0,0,0.0,0,0.0,0,0,1,0.0,0,0.0
Aidan O'Connell,QB,LV,CAR,3,7.28,7.28,9,12,82.0,1,0.0,0,0.0,0,0,0,0.0,0,1.0
Aidan O'Connell,QB,LV,DEN,5,1.76,1.76,10,20,94.0,0,1.0,0,0.0,0,0,0,0.0,0,1.0
Aidan O'Connell,QB,LV,PIT,6,11.08,11.08,27,40,227.0,1,1.0,0,0.0,0,0,0,0.0,0,1.0
Aidan O'Connell,QB,LV,LA,7,2.08,2.08,6,10,52.0,0,0.0,0,0.0,0,0,0,0.0,0,0.0
Aidan O'Connell,QB,LV,KC,13,19.6,19.6,23,35,340.0,2,0.0,1,0.0,0,0,0,0.0,0,3.0
Aidan O'Connell,QB,LV,TB,14,6.76,6.76,11,19,104.0,0,1.0,6,6.0,1,0,0,0.0,0,1.0
Aidan O'Connell,QB,LV,JAX,16,11.48,11.48,24,38,257.0,0,0.0,7,12.0,0,0,0,0.0,0,2.0
Aidan O'Connell,QB,LV,NO,17,17.58,17.58,20,35,242.0,2,0.0,3,-1.0,0,0,0,0.0,0,1.0
Aidan O'Connell,QB,LV,LAC,18,15.86,15.86,24,34,214.0,2,1.0,4,13.0,0,0,0,0.0,0,0.0
Ainias Smith,WR,PHI,JAX,9,0.2,1.2,0,0,0.0,0,0.0,1,2.0,0,1,1,0.0,0,0.0
Ainias Smith,WR,PHI,DAL,10,0.6,2.6,0,0,0.0,0,0.0,0,0.0,0,2,2,6.0,0,0.0
Ainias Smith,WR,PHI,NYG,18,9.9,13.9,0,0,0.0,0,0.0,1,4.0,0,4,6,35.0,1,0.0
Alec Ingold,FB,MIA,JAX,1,0.8,0.8,0,0,0.0,0,0.0,2,8.0,0,0,1,0.0,0,0.0
Alec Ingold,FB,MIA,BUF,2,0.2,0.2,0,0,0.0,0,0.0,2,2.0,0,0,0,0.0,0,0.0
Alec Ingold,FB,MIA,SEA,3,1.4,4.4,0,0,0.0,0,0.0,1,-2.0,0,3,3,16.0,0,0.0
Alec Ingold,FB,MIA,NE,5,6.3,6.3,0,0,0.0,0,0.0,1,3.0,1,0,0,0.0,0,0.0
Alec Ingold,FB,MIA,IND,7,0.4,1.4,0,0,0.0,0,0.0,2,-1.0,0,1,1,25.0,0,0.0
Alec Ingold,FB,MIA,ARI,8,2.2,5.2,0,0,0.0,0,0.0,1,3.0,0,3,3,19.0,0,0.0
Alec Ingold,FB,MIA,GB,13,1.5,3.5,0,0,0.0,0,0.0,0,0.0,0,2,2,15.0,0,0.0
Alec Ingold,FB,MIA,SF,16,0.4,0.4,0,0,0.0,0,0.0,1,4.0,0,0,0,0.0,0,0.0
Alec Ingold,FB,MIA,NYJ,18,2.1,4.1,0,0,0.0,0,0.0,0,0.0,0,2,2,21.0,0,0.0
Alec Pierce,WR,IND,HOU,1,18.5,21.5,0,0,0.0,0,0.0,0,0.0,0,3,3,125.0,1,0.0
Alec Pierce,WR,IND,GB,2,11.6,16.6,0,0,0.0,0,0.0,0,0.0,0,5,7,56.0,1,0.0
Alec Pierce,WR,IND,CHI,3,4.4,5.4,0,0,0.0,0,0.0,0,0.0,0,1,2,44.0,0,0.0
Alec Pierce,WR,IND,PIT,4,0.9,1.9,0,0,0.0,0,0.0,0,0.0,0,1,2,9.0,0,0.0
Alec Pierce,WR,IND,JAX,5,19.4,22.4,0,0,0.0,0,0.0,0,0.0,0,3,3,134.0,1,0.0
Alec Pierce,WR,IND,TEN,6,0.0,0.0,0,0,0.0,0,0.0,0,0.0,0,0,4,0.0,0,0.0
Alec Pierce,WR,IND,MIA,7,1.5,3.5,0,0,0.0,0,0.0,0,0.0,0,2,5,15.0,0,0.0
Alec Pierce,WR,IND,HOU,8,1.1,2.1,0,0,0.0,0,0.0,0,0.0,0,1,4,11.0,0,0.0
Alec Pierce,WR,IND,MIN,9,4.1,7.1,0,0,0.0,0,0.0,0,0.0,0,3,3,41.0,0,0.0
Alec Pierce,WR,IND,BUF,10,14.1,18.1,0,0,0.0,0,0.0,0,0.0,0,4,7,81.0,1,0.0
Alec Pierce,WR,IND,NYJ,11,7.4,10.4,0,0,0.0,0,0.0,0,0.0,0,3,4,74.0,0,0.0
Alec Pierce,WR,IND,DET,12,3.9,4.9,0,0,0.0,0,0.0,0,0.0,0,1,4,39.0,0,0.0
Alec Pierce,WR,IND,NE,13,7.6,9.6,0,0,0.0,0,0.0,0,0.0,0,2,6,16.0,1,0.0
Alec Pierce,WR,IND,DEN,15,0.0,0.0,0,0,0.0,0,0.0,0,0.0,0,0,4,0.0,0,0.0
Alec Pierce,WR,IND,NYG,17,18.2,24.2,0,0,0.0,0,0.0,0,0.0,0,6,9,122.0,1,0.0
Alec Pierce,WR,IND,JAX,18,11.7,13.7,0,0,0.0,0,0.0,0,0.0,0,2,2,57.0,1,0.0
Alex Bachman,WR,LV,PIT,6,3.1,6.1,0,0,0.0,0,0.0,0,0.0,0,3,3,31.0,0,0.0
Alexander Mattison,RB,LV,LAC,1,12.2,16.2,0,0,0.0,0,0.0,5,19.0,0,4,6,43.0,1,0.0
Alexander Mattison,RB,LV,BAL,2,6.1,6.1,0,0,0.0,0,0.0,4,1.0,1,0,0,0.0,0,0.0
Alexander Mattison,RB,LV,CAR,3,10.4,13.4,0,0,0.0,0,0.0,3,7.0,1,3,3,37.0,0,0.0
Alexander Mattison,RB,LV,CLE,4,6.0,6.0,0,0,0.0,0,0.0,5,60.0,0,0,1,0.0,0,0.0
Alexander Mattison,RB,LV,DEN,5,8.1,10.1,0,0,0.0,0,0.0,15,38.0,0,2,3,23.0,0,0.0
Alexander Mattison,RB,LV,PIT,6,12.5,17.5,0,0,0.0,0,0.0,14,33.0,1,5,5,32.0,0,0.0
Alexander Mattison,RB,LV,LA,7,12.3,15.3,0,0,0.0,0,0.0,23,92.0,0,3,3,31.0,0,0.0
Alexander Mattison,RB,LV,KC,8,4.4,9.4,0,0,0.0,0,0.0,14,15.0,0,5,5,29.0,0,0.0
Alexander Mattison,RB,LV,CIN,9,3.6,3.6,0,0,0.0,0,0.0,9,36.0,0,0,0,0.0,0,0.0
Alexander Mattison,RB,LV,MIA,11,6.9,9.9,0,0,0.0,0,0.0,5,19.0,0,3,3,50.0,0,0.0
Alexander Mattison,RB,LV,ATL,15,0.4,2.4,0,0,0.0,0,0.0,7,21.0,0,2,4,3.0,0,0.0
Alexander Mattison,RB,LV,JAX,16,11.6,15.6,0,0,0.0,0,0.0,12,27.0,1,4,7,29.0,0,0.0
Alexander Mattison,RB,LV,NO,17,3.8,4.8,0,0,0.0,0,0.0,10,32.0,0,1,3,6.0,0,0.0
Alexander Mattison,RB,LV,LAC,18,3.1,7.1,0,0,0.0,0,0.0,6,20.0,0,4,5,11.0,0,0.0
Allen Lazard,WR,NYJ,SF,1,20.9,26.9,0,0,0.0,0,0.0,0,0.0,0,6,9,89.0,2,0.0
Allen Lazard,WR,NYJ,TEN,2,1.1,3.1,0,0,0.0,0,0.0,0,0.0,0,2,4,11.0,0,0.0
Allen Lazard,WR,NYJ,NE,3,10.8,13.8,0,0,0.0,0,0.0,0,0.0,0,3,3,48.0,1,0.0
Allen Lazard,WR,NYJ,DEN,4,5.8,10.8,0,0,0.0,0,0.0,0,0.0,0,5,8,58.0,0,0.0
Allen Lazard,WR,NYJ,MIN,5,9.4,13.4,0,0,0.0,0,0.0,0,0.0,0,4,10,34.0,1,0.0
Allen Lazard,WR,NYJ,BUF,6,17.4,23.4,0,0,0.0,0,0.0,0,0.0,0,6,7,114.0,1,0.0
Allen Lazard,WR,NYJ,PIT,7,5.8,9.8,0,0,0.0,0,0.0,0,0.0,0,4,4,58.0,0,0.0
Allen Lazard,WR,NYJ,MIA,14,1.8,2.8,0,0,0.0,0,0.0,0,0.0,0,1,1,18.0,0,0.0
Allen Lazard,WR,NYJ,JAX,15,0.0,0.0,0,0,0.0,0,0.0,0,0.0,0,0,4,0.0,0,0.0
Allen Lazard,WR,NYJ,LA,16,2.0,4.0,0,0,0.0,0,0.0,0,0.0,0,2,5,20.0,0,0.0
Allen Lazard,WR,NYJ,BUF,17,0.9,1.9,0,0,0.0,0,0.0,0,0.0,0,1,3,9.0,0,0.0
Allen Lazard,WR,NYJ,MIA,18,13.1,16.1,0,1,0.0,0,0.0,0,0.0,0,3,3,71.0,1,0.0
Allen Robinson,WR,DET,DAL,6,0.0,0.0,0,0,0.0,0,0.0,0,0.0,0,0,1,0.0,0,0.0
Allen Robinson,WR,DET,TEN,8,0.0,0.0,0,0,0.0,0,0.0,0,0.0,0,0,1,0.0,0,0.0
Allen Robinson,WR,DET,GB,9,0.2,1.2,0,0,0.0,0,0.0,0,0.0,0,1,1,2.0,0,0.0
Allen Robinson,WR,DET,JAX,11,0.7,1.7,0,0,0.0,0,0.0,0,0.0,0,1,2,7.0,0,0.0
Allen Robinson,WR,DET,BUF,15,0.0,0.0,0,0,0.0,0,0.0,0,0.0,0,0,1,0.0,0,0.0
Allen Robinson,WR,DET,SF,17,2.1,3.1,0,0,0.0,0,0.0,0,0.0,0,1,1,21.0,0,0.0
Alvin Kamara,RB,NO,CAR,1,17.0,22.0,0,0,0.0,0,0.0,15,83.0,1,5,5,27.0,0,0.0
Alvin Kamara,RB,NO,DAL,2,42.0,44.0,0,0,0.0,0,0.0,20,115.0,3,2,3,65.0,1,0.0
Alvin Kamara,RB,NO,PHI,3,12.7,15.7,0,0,0.0,0,0.0,26,87.0,0,3,3,40.0,0,0.0
Alvin Kamara,RB,NO,ATL,4,17.9,24.9,0,0,0.0,0,0.0,19,77.0,1,7,9,42.0,0,0.0
Alvin Kamara,RB,NO,KC,5,6.6,12.6,0,0,0.0,0,0.0,11,26.0,0,6,8,40.0,0,0.0
Alvin Kamara,RB,NO,TB,6,12.4,17.4,0,0,0.0,0,0.0,13,40.0,1,5,8,24.0,0,0.0
Alvin Kamara,RB,NO,DEN,7,2.4,8.4,0,0,0.0,0,0.0,7,10.0,0,6,7,14.0,0,0.0
Alvin Kamara,RB,NO,LAC,8,12.2,18.2,0,0,0.0,0,0.0,10,67.0,0,6,11,55.0,0,0.0
Alvin Kamara,RB,NO,CAR,9,21.5,27.5,0,0,0.0,0,0.0,29,155.0,0,6,9,60.0,0,0.0
Alvin Kamara,RB,NO,ATL,10,10.9,15.9,0,0,0.0,0,0.0,17,55.0,0,5,6,54.0,0,0.0
Alvin Kamara,RB,NO,CLE,11,8.9,12.9,0,0,0.0,0,0.0,16,67.0,0,4,4,22.0,0,0.0
Alvin Kamara,RB,NO,LA,13,11.9,15.9,0,0,0.0,0,0.0,23,112.0,0,4,6,7.0,0,0.0
Alvin Kamara,RB,NO,NYG,14,7.9,12.9,0,0,0.0,0,0.0,17,44.0,0,5,5,35.0,0,0.0
Alvin Kamara,RB,NO,WAS,15,13.0,17.0,0,0,0.0,0,0.0,5,12.0,0,4,5,58.0,1,0.0
Amari Cooper,WR,CLE,DAL,1,1.6,3.6,0,0,0.0,0,0.0,0,0.0,0,2,9,16.0,0,0.0
Amari Cooper,WR,CLE,JAX,2,1.1,4.1,0,0,0.0,0,0.0,0,0.0,0,3,8,11.0,0,0.0
Amari Cooper,WR,CLE,NYG,3,20.6,27.6,0,0,0.0,0,0.0,0,0.0,0,7,12,86.0,2,0.0
Amari Cooper,WR,CLE,LV,4,3.5,7.5,0,0,0.0,0,0.0,0,0.0,0,4,8,35.0,0,0.0
Amari Cooper,WR,CLE,WAS,5,6.0,10.0,0,0,0.0,0,0.0,0,0.0,0,4,10,60.0,0,0.0
Amari Cooper,WR,CLE,PHI,6,4.2,8.2,0,0,0.0,0,0.0,0,0.0,0,4,6,42.0,0,0.0
Amari Cooper,WR,BUF,TEN,7,12.6,16.6,0,0,0.0,0,0.0,0,0.0,0,4,5,66.0,1,0.0
Amari Cooper,WR,BUF,SEA,8,0.3,1.3,0,0,0.0,0,0.0,0,0.0,0,1,2,3.0,0,0.0
Amari Cooper,WR,BUF,KC,11,5.5,7.5,0,0,0.0,0,0.0,0,0.0,0,2,3,55.0,0,0.0
Amari Cooper,WR,BUF,SF,13,1.2,4.2,0,0,0.0,0,0.0,0,0.0,0,3,3,12.0,0,0.0
Amari Cooper,WR,BUF,LA,14,9.5,15.5,0,0,0.0,0,0.0,0,0.0,0,6,14,95.0,0,0.0
Amari Cooper,WR,BUF,NE,16,1.0,2.0,0,0,0.0,0,0.0,0,0.0,0,1,2,10.0,0,0.0
Amari Cooper,WR,BUF,NYJ,17,11.6,14.6,0,0,0.0,0,0.0,0,0.0,0,3,3,56.0,1,0.0
Ameer Abdullah,RB,LV,BAL,2,0.2,2.2,0,0,0.0,0,0.0,2,1.0,0,2,2,1.0,0,0.0
Ameer Abdullah,RB,LV,CAR,3,1.3,3.3,0,0,0.0,0,0.0,0,0.0,0,2,2,13.0,0,0.0
Ameer Abdullah,RB,LV,DEN,5,11.1,14.1,0,0,0.0,0,0.0,5,42.0,1,3,3,9.0,0,0.0
Ameer Abdullah,RB,LV,PIT,6,1.8,4.8,0,0,0.0,0,0.0,4,24.0,0,3,5,14.0,0,0.0
Ameer Abdullah,RB,LV,KC,8,1.1,2.1,0,0,0.0,0,0.0,1,2.0,0,1,2,9.0,0,0.0
Ameer Abdullah,RB,LV,CIN,9,2.6,5.6,0,0,0.0,0,0.0,4,12.0,0,3,3,14.0,0,0.0
Ameer Abdullah,RB,LV,MIA,11,7.7,10.7,0,0,0.0,0,0.0,1,1.0,0,3,3,16.0,1,0.0
Ameer Abdullah,RB,LV,DEN,12,12.5,17.5,0,0,0.0,0,0.0,8,28.0,0,5,6,37.0,1,0.0
Ameer Abdullah,RB,LV,KC,13,5.3,7.3,0,0,0.0,0,0.0,10,39.0,0,2,2,14.0,0,0.0
Ameer Abdullah,RB,LV,TB,14,-0.2,0.8,0,0,0.0,0,0.0,1,1.0,0,1,2,-3.0,0,0.0
Ameer Abdullah,RB,LV,ATL,15,12.6,19.6,0,0,0.0,0,0.0,3,8.0,0,7,7,58.0,1,0.0
Ameer Abdullah,RB,LV,JAX,16,14.5,19.5,0,0,0.0,0,0.0,7,38.0,1,5,6,47.0,0,0.0
Ameer Abdullah,RB,LV,NO,17,14.7,17.7,0,0,0.0,0,0.0,20,115.0,0,3,4,32.0,0,0.0
Amon-Ra St. Brown,WR,DET,LA,1,1.3,4.3,0,0,0.0,0,0.0,0,0.0,0,3,6,13.0,0,0.0
Amon-Ra St. Brown,WR,DET,TB,2,11.9,22.9,0,0,0.0,0,0.0,0,0.0,0,11,18,119.0,0,0.0
Amon-Ra St. Brown,WR,DET,ARI,3,13.5,20.5,0,0,0.0,0,0.0,0,0.0,0,7,8,75.0,1,0.0
Amon-Ra St. Brown,WR,DET,SEA,4,14.78,20.78,1,1,7.0,1,0.0,0,0.0,0,6,6,45.0,1,0.0
Amon-Ra St. Brown,WR,DET,DAL,6,9.7,13.7,0,0,0.0,0,0.0,0,0.0,0,4,4,37.0,1,0.0
Amon-Ra St. Brown,WR,DET,MIN,7,17.2,25.2,0,0,0.0,0,0.0,0,0.0,0,8,8,112.0,1,0.0
Amon-Ra St. Brown,WR,DET,TEN,8,6.7,8.7,0,0,0.0,0,0.0,0,0.0,0,2,2,7.0,1,0.0
Amon-Ra St. Brown,WR,DET,GB,9,11.6,18.6,0,0,0.0,0,0.0,0,0.0,0,7,7,56.0,1,0.0
Amon-Ra St. Brown,WR,DET,HOU,10,12.0,18.0,0,0,0.0,0,0.0,0,0.0,0,6,8,60.0,1,0.0
Amon-Ra St. Brown,WR,DET,JAX,11,27.7,38.7,0,0,0.0,0,0.0,1,-4.0,0,11,11,161.0,2,0.0
Amon-Ra St. Brown,WR,DET,IND,12,6.2,12.2,0,0,0.0,0,0.0,0,0.0,0,6,7,62.0,0,0.0
Amon-Ra St. Brown,WR,DET,CHI,13,7.3,12.3,0,0,0.0,0,0.0,0,0.0,0,5,7,73.0,0,0.0
Amon-Ra St. Brown,WR,DET,GB,14,5.3,10.3,0,0,0.0,0,0.0,1,10.0,0,5,6,43.0,0,0.0
Amon-Ra St. Brown,WR,DET,BUF,15,23.3,37.3,0,0,0.0,0,0.0,0,0.0,0,14,18,193.0,1,0.0
Amon-Ra St. Brown,WR,DET,CHI,16,13.0,19.0,0,0,0.0,0,0.0,0,0.0,0,6,8,70.0,1,0.0
Amon-Ra St. Brown,WR,DET,SF,17,12.0,20.0,0,0,0.0,0,0.0,0,0.0,0,8,10,60.0,1,0.0
Amon-Ra St. Brown,WR,DET,MIN,18,7.7,13.7,0,0,0.0,0,0.0,0,0.0,0,6,7,77.0,0,0.0
Andrei Iosivas,WR,CIN,NE,1,2.6,5.6,0,0,0.0,0,0.0,0,0.0,0,3,6,26.0,0,0.0
Andrei Iosivas,WR,CIN,KC,2,12.7,14.7,0,0,0.0,0,0.0,0,0.0,0,2,4,7.0,2,0.0
Andrei Iosivas,WR,CIN,WAS,3,11.2,16.2,0,0,0.0,0,0.0,0,0.0,0,5,7,52.0,1,0.0
Andrei Iosivas,WR,CIN,CAR,4,2.9,3.9,0,0,0.0,0,0.0,0,0.0,0,1,1,29.0,0,0.0
Andrei Iosivas,WR,CIN,BAL,5,3.9,4.9,0,0,0.0,0,0.0,0,0.0,0,1,2,39.0,0,0.0
Andrei Iosivas,WR,CIN,NYG,6,3.6,5.6,0,0,0.0,0,0.0,0,0.0,0,2,3,36.0,0,0.0
Andrei Iosivas,WR,CIN,CLE,7,0.0,0.0,0,0,0.0,0,0.0,0,0.0,0,0,1,0.0,0,0.0
Andrei Iosivas,WR,CIN,PHI,8,0.0,0.0,0,0,0.0,0,0.0,0,0.0,0,0,3,0.0,0,0.0
Andrei Iosivas,WR,CIN,LV,9,7.0,8.0,0,0,0.0,0,0.0,0,0.0,0,1,4,10.0,1,0.0
Andrei Iosivas,WR,CIN,BAL,10,2.9,4.9,0,0,0.0,0,0.0,0,0.0,0,2,4,29.0,0,0.0
Andrei Iosivas,WR,CIN,LAC,11,4.6,7.6,0,0,0.0,0,0.0,0,0.0,0,3,3,46.0,0,0.0
Andrei Iosivas,WR,CIN,PIT,13,9.5,12.5,0,0,0.0,0,0.0,0,0.0,0,3,4,35.0,1,0.0
Andrei Iosivas,WR,CIN,DAL,14,4.1,8.1,0,0,0.0,0,0.0,0,0.0,0,4,5,41.0,0,0.0
Andrei Iosivas,WR,CIN,TEN,15,0.5,1.5,0,0,0.0,0,0.0,0,0.0,0,1,4,5.0,0,0.0
Andrei Iosivas,WR,CIN,CLE,16,11.3,14.3,0,0,0.0,0,0.0,0,0.0,0,3,3,53.0,1,0.0
Andrei Iosivas,WR,CIN,DEN,17,5.9,8.9,0,0,0.0,0,0.0,0,0.0,0,3,4,59.0,0,0.0
Andrei Iosivas,WR,CIN,PIT,18,1.2,3.2,0,0,0.0,0,0.0,0,0.0,0,2,3,12.0,0,0.0
Andrew Beck,FB,GB,ARI,6,0.0,0.0,0,0,0.0,0,0.0,0,0.0,0,0,1,0.0,0,0.0
Andrew Beck,FB,HOU,KC,16,0.0,0.0,0,0,0.0,0,0.0,0,0.0,0,0,1,0.0,0,0.0
Andrew Ogletree,TE,IND,GB,2,1.2,2.2,0,0,0.0,0,0.0,0,0.0,0,1,2,12.0,0,0.0
Andrew Ogletree,TE,IND,PIT,4,7.5,8.5,0,0,0.0,0,0.0,0,0.0,0,1,1,15.0,1,0.0
Andrew Ogletree,TE,IND,JAX,5,0.5,1.5,0,0,0.0,0,0.0,0,0.0,0,1,1,5.0,0,0.0
Andrew Ogletree,TE,IND,TEN,6,2.4,4.4,0,0,0.0,0,0.0,0,0.0,0,2,2,24.0,0,0.0
Andrew Ogletree,TE,IND,MIA,7,0.0,0.0,0,0,0.0,0,0.0,0,0.0,0,0,1,0.0,0,0.0
Andrew Ogletree,TE,IND,BUF,10,0.2,1.2,0,0,0.0,0,0.0,0,0.0,0,1,1,2.0,0,0.0
Andrew Ogletree,TE,IND,NYJ,11,0.8,1.8,0,0,0.0,0,0.0,0,0.0,0,1,1,8.0,0,0.0
Andrew Ogletree,TE,IND,DET,12,0.0,0.0,0,0,0.0,0,0.0,0,0.0,0,0,1,0.0,0,0.0
Andrew Ogletree,TE,IND,NE,13,2.2,3.2,0,0,0.0,0,0.0,0,0.0,0,1,2,22.0,0,0.0
Andrew Ogletree,TE,IND,TEN,16,0.0,0.0,0,0,0.0,0,0.0,0,0.0,0,0,1,0.0,0,0.0
Andrew Ogletree,TE,IND,JAX,18,2.1,3.1,0,0,0.0,0,0.0,0,0.0,0,1,1,21.0,0,0.0
Andy Dalton,QB,CAR,NO,1,0.0,0.0,0,1,0.0,0,0.0,0,0.0,0,0,0,0.0,0,0.0
Andy Dalton,QB,CAR,LV,3,24.56,24.56,26,37,319.0,3,0.0,2,-2.0,0,0,0,0.0,0,2.0
Andy Dalton,QB,CAR,CIN,4,15.7,15.7,25,40,220.0,2,1.0,3,9.0,0,0,0,0.0,0,0.0
Andy Dalton,QB,CAR,CHI,5,3.74,3.74,18,28,136.0,0,1.0,1,3.0,0,0,0,0.0,0,3.0
Andy Dalton,QB,CAR,ATL,6,14.94,14.94,26,38,221.0,2,2.0,3,21.0,0,0,0,0.0,0,0.0
Andy Dalton,QB,CAR,WAS,7,0.02,0.02,11,16,93.0,0,2.0,2,3.0,0,0,0,0.0,0,2.0
Anthony Gould,WR,IND,DEN,15,2.3,3.3,0,0,0.0,0,0.0,0,0.0,0,1,1,23.0,0,0.0
Anthony Miller,WR,BAL,HOU,17,1.6,2.6,0,0,0.0,0,0.0,0,0.0,0,1,1,16.0,0,0.0
Anthony Richardson,QB,IND,HOU,1,26.08,26.08,9,19,212.0,2,1.0,6,56.0,1,0,0,0.0,0,2.0
Anthony Richardson,QB,IND,GB,2,9.86,9.86,17,34,204.0,1,3.0,4,37.0,0,0,0,0.0,0,1.0
Anthony Richardson,QB,IND,CHI,3,5.08,5.08,10,20,167.0,0,2.0,8,24.0,0,0,0,0.0,0,1.0
Anthony Richardson,QB,IND,PIT,4,5.24,5.24,3,4,71.0,0,0.0,3,24.0,0,0,0,0.0,0,0.0
Anthony Richardson,QB,IND,MIA,7,8.76,8.76,10,24,129.0,0,0.0,14,56.0,0,0,0,0.0,0,0.0
Anthony Richardson,QB,IND,HOU,8,11.5,11.5,10,32,175.0,1,1.0,6,45.0,0,0,0,0.0,0,5.0
Anthony Richardson,QB,IND,NYJ,11,28.08,28.08,20,30,272.0,1,0.0,10,32.0,2,0,0,0.0,0,2.0
Anthony Richardson,QB,IND,DET,12,12.98,12.98,11,28,172.0,0,0.0,10,61.0,0,0,0,0.0,0,0.0
Anthony Richardson,QB,IND,NE,13,21.16,21.16,12,24,109.0,2,2.0,9,48.0,1,0,0,0.0,0,0.0
Anthony Richardson,QB,IND,DEN,15,13.38,14.38,17,38,172.0,0,2.0,7,46.0,1,1,1,-1.0,0,2.0
Anthony Richardson,QB,IND,TEN,16,20.24,20.24,7,11,131.0,1,1.0,9,70.0,1,0,0,0.0,0,1.0
Antonio Gibson,RB,NE,CIN,1,1.8,1.8,0,0,0.0,0,0.0,7,18.0,0,0,0,0.0,0,0.0
Antonio Gibson,RB,NE,SEA,2,10.3,11.3,0,0,0.0,0,0.0,11,96.0,0,1,1,7.0,0,0.0
Antonio Gibson,RB,NE,NYJ,3,3.7,6.7,0,0,0.0,0,0.0,5,29.0,0,3,3,8.0,0,0.0
Antonio Gibson,RB,NE,SF,4,7.9,10.9,0,0,0.0,0,0.0,6,12.0,0,3,4,67.0,0,0.0
Antonio Gibson,RB,NE,MIA,5,5.6,6.6,0,0,0.0,0,0.0,6,52.0,0,1,1,4.0,0,0.0
Antonio Gibson,RB,NE,HOU,6,4.3,7.3,0,0,0.0,0,0.0,13,19.0,0,3,4,24.0,0,0.0
Antonio Gibson,RB,NE,JAX,7,1.3,2.3,0,0,0.0,0,0.0,3,4.0,0,1,1,9.0,0,0.0
Antonio Gibson,RB,NE,NYJ,8,0.7,0.7,0,0,0.0,0,0.0,5,7.0,0,0,0,0.0,0,0.0
Antonio Gibson,RB,NE,TEN,9,1.1,2.1,0,0,0.0,0,0.0,1,-1.0,0,1,1,12.0,0,0.0
Antonio Gibson,RB,NE,CHI,10,2.6,2.6,0,0,0.0,0,0.0,5,26.0,0,0,0,0.0,0,0.0
Antonio Gibson,RB,NE,LA,11,2.0,3.0,0,0,0.0,0,0.0,4,18.0,0,1,1,2.0,0,0.0
Antonio Gibson,RB,NE,MIA,12,4.5,5.5,0,0,0.0,0,0.0,6,31.0,0,1,2,14.0,0,0.0
Antonio Gibson,RB,NE,IND,13,12.2,12.2,0,0,0.0,0,0.0,7,62.0,1,0,0,0.0,0,0.0
Antonio Gibson,RB,NE,ARI,15,6.4,8.4,0,0,0.0,0,0.0,7,33.0,0,2,2,31.0,0,0.0
Antonio Gibson,RB,NE,BUF,16,3.6,5.6,0,0,0.0,0,0.0,10,28.0,0,2,2,8.0,0,0.0
Antonio Gibson,RB,NE,LAC,17,6.3,6.3,0,0,0.0,0,0.0,12,63.0,0,0,1,0.0,0,0.0
Antonio Gibson,RB,NE,BUF,18,6.1,10.1,0,0,0.0,0,0.0,12,41.0,0,4,6,20.0,0,0.0
Ashton Dulin,WR,IND,HOU,1,11.4,12.4,0,0,0.0,0,0.0,0,0.0,0,1,1,54.0,1,0.0
Ashton Dulin,WR,IND,GB,2,1.3,2.3,0,0,0.0,0,0.0,0,0.0,0,1,2,13.0,0,0.0
Ashton Dulin,WR,IND,CHI,3,0.0,0.0,0,0,0.0,0,0.0,0,0.0,0,0,1,0.0,0,0.0
Ashton Dulin,WR,IND,JAX,5,0.9,0.9,0,0,0.0,0,0.0,1,9.0,0,0,0,0.0,0,0.0
Ashton Dulin,WR,IND,TEN,6,0.0,0.0,0,0,0.0,0,0.0,0,0.0,0,0,1,0.0,0,0.0
Ashton Dulin,WR,IND,MIA,7,1.2,1.2,0,0,0.0,0,0.0,1,12.0,0,0,0,0.0,0,0.0
Ashton Dulin,WR,IND,MIN,9,1.7,1.7,0,0,0.0,0,0.0,2,17.0,0,0,2,0.0,0,0.0
Ashton Dulin,WR,IND,BUF,10,0.7,0.7,0,0,0.0,0,0.0,1,7.0,0,0,0,0.0,0,0.0
Ashton Dulin,WR,IND,DET,12,0.0,0.0,0,0,0.0,0,0.0,0,0.0,0,0,1,0.0,0,0.0
Ashtyn Davis,SS,NYJ,JAX,15,2.1,2.1,0,0,0.0,0,0.0,1,21.0,0,0,0,0.0,0,0.0
Audric Estime,RB,DEN,SEA,1,1.4,1.4,0,0,0.0,0,0.0,2,14.0,0,0,0,0.0,0,0.0
Audric Estime,RB,DEN,LAC,6,1.3,1.3,0,0,0.0,0,0.0,2,13.0,0,0,0,0.0,0,0.0
Audric Estime,RB,DEN,NO,7,0.9,0.9,0,0,0.0,0,0.0,5,29.0,0,0,0,0.0,0,0.0
Audric Estime,RB,DEN,CAR,8,0.4,0.4,0,0,0.0,0,0.0,1,4.0,0,0,0,0.0,0,0.0
Audric Estime,RB,DEN,BAL,9,3.5,3.5,0,0,0.0,0,0.0,5,35.0,0,0,0,0.0,0,0.0
Audric Estime,RB,DEN,KC,10,5.3,5.3,0,0,0.0,0,0.0,14,53.0,0,0,0,0.0,0,0.0
Audric Estime,RB,DEN,ATL,11,2.5,5.5,0,0,0.0,0,0.0,6,16.0,0,3,3,9.0,0,0.0
Audric Estime,RB,DEN,LV,12,1.5,1.5,0,0,0.0,0,0.0,3,15.0,0,0,0,0.0,0,0.0
Audric Estime,RB,DEN,CLE,13,1.2,1.2,0,0,0.0,0,0.0,3,12.0,0,0,0,0.0,0,0.0
Audric Estime,RB,DEN,IND,15,1.8,2.8,0,0,0.0,0,0.0,5,13.0,0,1,1,5.0,0,0.0
Audric Estime,RB,DEN,LAC,16,10.8,10.8,0,0,0.0,0,0.0,9,48.0,1,0,0,0.0,0,0.0
Audric Estime,RB,DEN,CIN,17,3.7,4.7,0,0,0.0,0,0.0,9,24.0,0,1,1,13.0,0,0.0
Audric Estime,RB,DEN,KC,18,9.4,9.4,0,0,0.0,0,0.0,12,34.0,1,0,0,0.0,0,0.0
Austin Ekeler,RB,WAS,TB,1,6.2,10.2,0,0,0.0,0,0.0,2,10.0,0,4,4,52.0,0,0.0
Austin Ekeler,RB,WAS,NYG,2,8.5,11.5,0,0,0.0,0,0.0,8,38.0,0,3,3,47.0,0,0.0
Austin Ekeler,RB,WAS,CIN,3,11.7,13.7,0,0,0.0,0,0.0,3,35.0,1,2,2,22.0,0,0.0
Austin Ekeler,RB,WAS,CLE,5,9.7,11.7,0,0,0.0,0,0.0,6,67.0,0,2,2,30.0,0,0.0
Austin Ekeler,RB,WAS,BAL,6,6.8,10.8,0,0,0.0,0,0.0,9,21.0,0,4,5,47.0,0,0.0
Austin Ekeler,RB,WAS,CAR,7,2.0,4.0,0,0,0.0,0,0.0,4,17.0,0,2,2,3.0,0,0.0
Austin Ekeler,RB,WAS,CHI,8,5.8,7.8,0,0,0.0,0,0.0,7,52.0,0,2,3,6.0,0,0.0
Austin Ekeler,RB,WAS,NYG,9,14.3,17.3,0,0,0.0,0,0.0,11,42.0,1,3,4,41.0,0,0.0
Austin Ekeler,RB,WAS,PIT,10,17.1,18.1,0,0,0.0,0,0.0,13,44.0,2,1,2,7.0,0,0.0
Austin Ekeler,RB,WAS,PHI,11,9.6,17.6,0,0,0.0,0,0.0,2,7.0,0,8,9,89.0,0,0.0
Austin Ekeler,RB,WAS,DAL,12,2.4,4.4,0,0,0.0,0,0.0,9,22.0,0,2,3,2.0,0,0.0
Austin Ekeler,RB,WAS,DAL,18,3.2,5.2,0,0,0.0,0,0.0,3,12.0,0,2,2,20.0,0,0.0
Austin Hooper,TE,NE,CIN,1,3.1,5.1,0,0,0.0,0,0.0,0,0.0,0,2,4,31.0,0,0.0
Austin Hooper,TE,NE,SEA,2,0.5,1.5,0,0,0.0,0,0.0,0,0.0,0,1,1,5.0,0,0.0
Austin Hooper,TE,NE,NYJ,3,1.9,2.9,0,0,0.0,0,0.0,0,0.0,0,1,4,19.0,0,0.0
Austin Hooper,TE,NE,SF,4,7.3,9.3,0,0,0.0,0,0.0,0,0.0,0,2,2,13.0,1,0.0
Austin Hooper,TE,NE,MIA,5,0.9,1.9,0,0,0.0,0,0.0,0,0.0,0,1,3,9.0,0,0.0
Austin Hooper,TE,NE,HOU,6,-1.5,-0.5,0,0,0.0,0,0.0,0,0.0,0,1,2,5.0,0,0.0
Austin Hooper,TE,NE,JAX,7,3.2,7.2,0,0,0.0,0,0.0,0,0.0,0,4,5,32.0,0,0.0
Austin Hooper,TE,NE,NYJ,8,1.5,4.5,0,0,0.0,0,0.0,0,0.0,0,3,4,15.0,0,0.0
Austin Hooper,TE,NE,TEN,9,0.8,1.8,0,0,0.0,0,0.0,0,0.0,0,1,1,8.0,0,0.0
Austin Hooper,TE,NE,CHI,10,6.4,9.4,0,0,0.0,0,0.0,0,0.0,0,3,4,64.0,0,0.0
Austin Hooper,TE,NE,LA,11,3.5,7.5,0,0,0.0,0,0.0,0,0.0,0,4,4,35.0,0,0.0
Austin Hooper,TE,NE,MIA,12,11.9,15.9,0,0,0.0,0,0.0,0,0.0,0,4,4,59.0,1,0.0
Austin Hooper,TE,NE,IND,13,10.2,14.2,0,0,0.0,0,0.0,0,0.0,0,4,4,42.0,1,0.0
Austin Hooper,TE,NE,ARI,15,3.8,6.8,0,0,0.0,0,0.0,0,0.0,0,3,3,38.0,0,0.0
Austin Hooper,TE,NE,BUF,16,5.5,9.5,0,0,0.0,0,0.0,0,0.0,0,4,5,55.0,0,0.0
Austin Hooper,TE,NE,LAC,17,1.9,4.9,0,0,0.0,0,0.0,0,0.0,0,3,3,19.0,0,0.0
Austin Hooper,TE,NE,BUF,18,2.7,6.7,0,0,0.0,0,0.0,0,0.0,0,4,6,27.0,0,0.0
Austin Trammell,WR,JAX,PHI,9,4.0,6.0,0,0,0.0,0,0.0,0,0.0,0,2,3,40.0,0,0.0
Bailey Zappe,QB,CLE,BAL,18,7.0,7.0,16,31,170.0,1,2.0,2,2.0,0,0,0,0.0,0,1.0
Baker Mayfield,QB,TB,WAS,1,29.66,29.66,24,30,289.0,4,0.0,3,21.0,0,0,0,0.0,0,1.0
Baker Mayfield,QB,TB,DET,2,18.8,18.8,12,19,185.0,1,1.0,5,34.0,1,0,0,0.0,0,5.0
Baker Mayfield,QB,TB,DEN,3,8.52,8.52,25,33,163.0,1,1.0,0,0.0,0,0,0,0.0,0,7.0
Baker Mayfield,QB,TB,PHI,4,28.88,28.88,30,47,347.0,2,0.0,4,10.0,1,0,0,0.0,0,2.0
Baker Mayfield,QB,TB,ATL,5,23.4,23.4,19,24,180.0,3,0.0,6,42.0,0,0,0,0.0,0,1.0
Baker Mayfield,QB,TB,NO,6,25.9,25.9,24,36,325.0,4,3.0,3,29.0,0,0,0,0.0,0,1.0
Baker Mayfield,QB,TB,BAL,7,27.0,27.0,31,45,370.0,3,2.0,5,22.0,0,0,0,0.0,0,3.0
Baker Mayfield,QB,TB,ATL,8,22.3,22.3,37,50,330.0,3,2.0,3,11.0,0,0,0,0.0,0,0.0
Baker Mayfield,QB,TB,KC,9,18.0,18.0,23,31,200.0,2,0.0,4,20.0,0,0,0,0.0,0,2.0
Baker Mayfield,QB,TB,SF,10,8.94,8.94,18,29,116.0,1,0.0,3,3.0,0,0,0,0.0,0,2.0
Baker Mayfield,QB,TB,NYG,12,18.66,18.66,24,30,294.0,0,0.0,4,29.0,1,0,0,0.0,0,0.0
Baker Mayfield,QB,TB,CAR,13,10.2,10.2,21,33,235.0,1,2.0,3,8.0,0,0,0,0.0,0,4.0
Baker Mayfield,QB,TB,LV,14,19.0,19.0,18,29,295.0,3,2.0,2,12.0,0,0,0,0.0,0,4.0
Baker Mayfield,QB,TB,LAC,15,28.02,28.02,22,27,288.0,4,1.0,2,25.0,0,0,0,0.0,0,1.0
Baker Mayfield,QB,TB,DAL,16,22.32,22.32,31,43,303.0,2,1.0,3,42.0,0,0,0,0.0,0,4.0
Baker Mayfield,QB,TB,CAR,17,34.56,34.56,27,32,359.0,5,0.0,1,2.0,0,0,0,0.0,0,2.0
Baker Mayfield,QB,TB,NO,18,21.64,21.64,21,32,221.0,2,1.0,9,68.0,0,0,0,0.0,0,1.0
Baylor Cupp,TE,KC,LAC,14,0.0,0.0,0,0,0.0,0,0.0,0,0.0,0,0,1,0.0,0,0.0
Ben Sims,TE,GB,ARI,6,3.8,5.8,0,0,0.0,0,0.0,0,0.0,0,2,2,38.0,0,0.0
Ben Sims,TE,GB,HOU,7,0.2,1.2,0,0,0.0,0,0.0,0,0.0,0,1,1,2.0,0,0.0
Ben Sims,TE,GB,JAX,8,0.0,0.0,0,0,0.0,0,0.0,0,0.0,0,0,1,0.0,0,0.0
Ben Sims,TE,GB,DET,14,0.2,1.2,0,0,0.0,0,0.0,0,0.0,0,1,1,2.0,0,0.0
Ben Sinnott,TE,WAS,CAR,7,6.6,8.6,0,0,0.0,0,0.0,0,0.0,0,2,2,6.0,1,0.0
Ben Sinnott,TE,WAS,NYG,9,1.2,2.2,0,0,0.0,0,0.0,0,0.0,0,1,1,12.0,0,0.0
Ben Sinnott,TE,WAS,TEN,13,0.3,1.3,0,0,0.0,0,0.0,0,0.0,0,1,1,3.0,0,0.0
Ben Sinnott,TE,WAS,NO,15,0.7,1.7,0,0,0.0,0,0.0,0,0.0,0,1,1,7.0,0,0.0
Ben Skowronek,WR,PIT,BAL,11,0.4,1.4,0,0,0.0,0,0.0,0,0.0,0,1,1,4.0,0,0.0
Ben Skowronek,WR,PIT,CIN,13,2.3,3.3,0,0,0.0,0,0.0,0,0.0,0,1,1,23.0,0,0.0
Ben Skowronek,WR,PIT,PHI,15,1.7,2.7,0,0,0.0,0,0.0,0,0.0,0,1,1,17.0,0,0.0
Ben Skowronek,WR,PIT,BAL,16,2.5,4.5,0,0,0.0,0,0.0,0,0.0,0,2,2,25.0,0,0.0
Ben VanSumeren,FB,PHI,JAX,9,0.0,1.0,0,0,0.0,0,0.0,0,0.0,0,1,1,0.0,0,0.0
Bijan Robinson,RB,ATL,PIT,1,11.1,16.1,0,0,0.0,0,0.0,18,68.0,0,5,5,43.0,0,0.0
Bijan Robinson,RB,ATL,PHI,2,12.2,16.2,0,0,0.0,0,0.0,14,97.0,0,4,5,25.0,0,0.0
Bijan Robinson,RB,ATL,KC,3,11.2,13.2,0,0,0.0,0,0.0,16,31.0,1,2,2,21.0,0,0.0
Bijan Robinson,RB,ATL,NO,4,7.4,11.4,0,0,0.0,0,0.0,7,28.0,0,4,4,46.0,0,0.0
Bijan Robinson,RB,ATL,TB,5,7.7,10.7,0,0,0.0,0,0.0,12,61.0,0,3,3,16.0,0,0.0
Bijan Robinson,RB,ATL,CAR,6,22.5,25.5,0,0,0.0,0,0.0,15,95.0,2,3,4,10.0,0,0.0
Bijan Robinson,RB,ATL,SEA,7,20.3,23.3,0,0,0.0,0,0.0,21,103.0,1,3,5,40.0,0,0.0
Bijan Robinson,RB,ATL,TB,8,16.6,23.6,0,0,0.0,0,0.0,13,63.0,0,7,7,43.0,1,0.0
Bijan Robinson,RB,ATL,DAL,9,14.5,21.5,0,0,0.0,0,0.0,19,86.0,0,7,7,59.0,0,0.0
Bijan Robinson,RB,ATL,NO,10,26.4,29.4,0,0,0.0,0,0.0,20,116.0,2,3,4,28.0,0,0.0
Bijan Robinson,RB,ATL,DEN,11,6.3,10.3,0,0,0.0,0,0.0,12,35.0,0,4,4,28.0,0,0.0
Bijan Robinson,RB,ATL,LAC,13,19.5,25.5,0,0,0.0,0,0.0,26,102.0,1,6,6,33.0,0,0.0
Bijan Robinson,RB,ATL,MIN,14,18.1,20.1,0,0,0.0,0,0.0,22,92.0,1,2,2,9.0,0,0.0
Bijan Robinson,RB,ATL,LV,15,13.5,14.5,0,0,0.0,0,0.0,22,125.0,0,1,2,10.0,0,0.0
Bijan Robinson,RB,ATL,NYG,16,22.3,24.3,0,0,0.0,0,0.0,22,94.0,2,2,2,9.0,0,0.0
Bijan Robinson,RB,ATL,WAS,17,21.8,24.8,0,0,0.0,0,0.0,17,90.0,2,3,5,8.0,0,0.0
Bijan Robinson,RB,ATL,CAR,18,29.3,31.3,0,0,0.0,0,0.0,28,170.0,2,2,5,3.0,0,0.0
Blake Corum,RB,LA,ARI,2,2.8,2.8,0,0,0.0,0,0.0,8,28.0,0,0,0,0.0,0,0.0
Blake Corum,RB,LA,GB,5,3.3,4.3,0,0,0.0,0,0.0,5,25.0,0,1,1,8.0,0,0.0
Blake Corum,RB,LA,LV,7,1.1,1.1,0,0,0.0,0,0.0,3,11.0,0,0,0,0.0,0,0.0
Blake Corum,RB,LA,MIN,8,1.8,2.8,0,0,0.0,0,0.0,4,9.0,0,1,1,9.0,0,0.0
Blake Corum,RB,LA,SEA,9,-0.1,-0.1,0,0,0.0,0,0.0,1,-1.0,0,0,0,0.0,0,0.0
Blake Corum,RB,LA,MIA,10,1.5,2.5,0,0,0.0,0,0.0,2,8.0,0,1,1,7.0,0,0.0
Blake Corum,RB,LA,NE,11,2.8,3.8,0,0,0.0,0,0.0,5,21.0,0,1,1,7.0,0,0.0
Blake Corum,RB,LA,PHI,12,0.5,0.5,0,0,0.0,0,0.0,1,5.0,0,0,0,0.0,0,0.0
Blake Corum,RB,LA,NO,13,4.2,4.2,0,0,0.0,0,0.0,8,42.0,0,0,0,0.0,0,0.0
Blake Corum,RB,LA,BUF,14,3.4,3.4,0,0,0.0,0,0.0,8,34.0,0,0,0,0.0,0,0.0
Blake Corum,RB,LA,SF,15,2.0,4.0,0,0,0.0,0,0.0,3,5.0,0,2,3,15.0,0,0.0
Blake Corum,RB,LA,NYJ,16,1.4,1.4,0,0,0.0,0,0.0,5,14.0,0,0,0,0.0,0,0.0
Blake Corum,RB,LA,ARI,17,-0.4,-0.4,0,0,0.0,0,0.0,3,-4.0,0,0,0,0.0,0,0.0
Blake Corum,RB,LA,SEA,18,2.2,3.2,0,0,0.0,0,0.0,2,10.0,0,1,1,12.0,0,0.0
Blake Watson,RB,DEN,LAC,16,2.3,3.3,0,0,0.0,0,0.0,4,10.0,0,1,2,13.0,0,0.0
Blake Whiteheart,TE,CLE,LV,4,7.3,10.3,0,0,0.0,0,0.0,0,0.0,0,3,3,13.0,1,0.0
Blake Whiteheart,TE,CLE,PIT,12,2.9,3.9,0,0,0.0,0,0.0,0,0.0,0,1,1,29.0,0,0.0
Blake Whiteheart,TE,CLE,DEN,13,0.0,0.0,0,0,0.0,0,0.0,0,0.0,0,0,1,0.0,0,0.0
Blake Whiteheart,TE,CLE,PIT,14,0.0,0.0,0,0,0.0,0,0.0,0,0.0,0,0,1,0.0,0,0.0
Blake Whiteheart,TE,CLE,KC,15,0.0,0.0,0,0,0.0,0,0.0,0,0.0,0,0,1,0.0,0,0.0
Blake Whiteheart,TE,CLE,MIA,17,0.8,1.8,0,0,0.0,0,0.0,0,0.0,0,1,1,8.0,0,0.0
Blake Whiteheart,TE,CLE,BAL,18,0.1,1.1,0,0,0.0,0,0.0,0,0.0,0,1,1,1.0,0,0.0
Bo Melton,WR,GB,IND,2,0.8,0.8,0,0,0.0,0,0.0,2,8.0,0,0,0,0.0,0,0.0
Bo Melton,WR,GB,MIN,4,2.8,3.8,0,0,0.0,0,0.0,0,0.0,0,1,3,28.0,0,0.0
Bo Melton,WR,GB,LA,5,1.2,2.2,0,0,0.0,0,0.0,0,0.0,0,1,2,12.0,0,0.0
Bo Melton,WR,GB,ARI,6,3.3,4.3,0,0,0.0,0,0.0,2,27.0,0,1,2,6.0,0,0.0
Bo Melton,WR,GB,HOU,7,0.7,1.7,0,0,0.0,0,0.0,1,-1.0,0,1,1,8.0,0,0.0
Bo Melton,WR,GB,JAX,8,0.0,0.0,0,0,0.0,0,0.0,0,0.0,0,0,1,0.0,0,0.0
Bo Melton,WR,GB,DET,9,1.9,2.9,0,0,0.0,0,0.0,0,0.0,0,1,2,19.0,0,0.0
Bo Melton,WR,GB,SF,12,0.5,0.5,0,0,0.0,0,0.0,1,5.0,0,0,1,0.0,0,0.0
Bo Melton,WR,GB,NO,16,1.4,1.4,0,0,0.0,0,0.0,1,14.0,0,0,1,0.0,0,0.0
Bo Melton,WR,GB,MIN,17,1.8,4.8,0,0,0.0,0,0.0,0,0.0,0,3,4,18.0,0,0.0
Bo Melton,WR,GB,CHI,18,0.1,0.1,0,0,0.0,0,0.0,1,1.0,0,0,0,0.0,0,0.0
Bo Nix,QB,DEN,SEA,1,11.02,11.02,26,42,138.0,0,2.0,5,35.0,1,0,0,0.0,0,2.0
Bo Nix,QB,DEN,PIT,2,8.34,8.34,20,35,246.0,0,2.0,4,25.0,0,0,0,0.0,0,2.0
Bo Nix,QB,DEN,TB,3,19.34,19.34,25,36,216.0,0,0.0,9,47.0,1,0,0,0.0,0,0.0
Bo Nix,QB,DEN,NYJ,4,6.7,6.7,12,25,60.0,1,0.0,5,3.0,0,0,0,0.0,0,0.0
Bo Nix,QB,DEN,LV,5,23.14,23.14,19,27,206.0,2,0.0,8,9.0,1,0,0,0.0,0,3.0
Bo Nix,QB,DEN,LAC,6,20.74,20.74,19,33,216.0,2,1.0,6,61.0,0,0,0,0.0,0,2.0
Bo Nix,QB,DEN,NO,7,14.06,14.06,16,26,164.0,0,0.0,10,75.0,0,0,0,0.0,0,0.0
Bo Nix,QB,DEN,CAR,8,29.76,29.76,28,37,284.0,3,0.0,5,4.0,1,0,0,0.0,0,2.0
Bo Nix,QB,DEN,BAL,9,16.72,17.72,19,33,223.0,0,1.0,6,36.0,0,1,1,2.0,1,4.0
Bo Nix,QB,DEN,KC,10,16.1,16.1,22,30,215.0,2,0.0,3,-5.0,0,0,0,0.0,0,2.0
Bo Nix,QB,DEN,ATL,11,28.78,28.78,28,33,307.0,4,0.0,2,5.0,0,0,0,0.0,0,1.0
Bo Nix,QB,DEN,LV,12,19.42,19.42,25,42,273.0,2,0.0,1,5.0,0,0,0,0.0,0,1.0
Bo Nix,QB,DEN,CLE,13,12.16,12.16,18,35,294.0,1,2.0,3,4.0,0,0,0,0.0,0,0.0
Bo Nix,QB,DEN,IND,15,13.5,13.5,20,33,130.0,3,3.0,8,23.0,0,0,0,0.0,0,1.0
Bo Nix,QB,DEN,LAC,16,21.02,21.02,29,40,263.0,2,0.0,3,25.0,0,0,0,0.0,0,2.0
Bo Nix,QB,DEN,CIN,17,21.86,21.86,24,31,219.0,3,1.0,7,31.0,0,0,0,0.0,0,2.0
Bo Nix,QB,DEN,KC,18,33.54,33.54,26,29,321.0,4,0.0,7,47.0,0,0,0,0.0,0,0.0
Braelon Allen,RB,NYJ,SF,1,1.7,2.7,0,0,0.0,0,0.0,1,8.0,0,1,1,9.0,0,0.0
Braelon Allen,RB,NYJ,TEN,2,17.6,19.6,0,0,0.0,0,0.0,7,33.0,1,2,4,23.0,1,0.0
Braelon Allen,RB,NYJ,NE,3,6.8,9.8,0,0,0.0,0,0.0,11,55.0,0,3,3,13.0,0,0.0
Braelon Allen,RB,NYJ,DEN,4,4.6,5.6,0,0,0.0,0,0.0,8,34.0,0,1,1,12.0,0,0.0
Braelon Allen,RB,NYJ,MIN,5,2.8,3.8,0,0,0.0,0,0.0,5,13.0,0,1,2,15.0,0,0.0
Braelon Allen,RB,NYJ,BUF,6,0.8,0.8,0,0,0.0,0,0.0,3,8.0,0,0,2,0.0,0,0.0
Braelon Allen,RB,NYJ,PIT,7,0.6,1.6,0,0,0.0,0,0.0,2,4.0,0,1,1,2.0,0,0.0
Braelon Allen,RB,NYJ,NE,8,9.2,9.2,0,0,0.0,0,0.0,12,32.0,1,0,0,0.0,0,0.0
Braelon Allen,RB,NYJ,HOU,9,0.9,0.9,0,0,0.0,0,0.0,4,9.0,0,0,1,0.0,0,0.0
Braelon Allen,RB,NYJ,ARI,10,3.4,4.4,0,0,0.0,0,0.0,7,27.0,0,1,1,7.0,0,0.0
Braelon Allen,RB,NYJ,IND,11,0.6,0.6,0,0,0.0,0,0.0,2,6.0,0,0,0,0.0,0,0.0
Braelon Allen,RB,NYJ,SEA,13,2.7,4.7,0,0,0.0,0,0.0,5,11.0,0,2,2,16.0,0,0.0
Braelon Allen,RB,NYJ,MIA,14,8.1,12.1,0,0,0.0,0,0.0,11,43.0,0,4,5,38.0,0,0.0
Braelon Allen,RB,NYJ,JAX,15,0.5,0.5,0,0,0.0,0,0.0,2,5.0,0,0,0,0.0,0,0.0
Braelon Allen,RB,NYJ,LA,16,1.0,2.0,0,0,0.0,0,0.0,2,5.0,0,1,1,5.0,0,0.0
Braelon Allen,RB,NYJ,BUF,17,2.6,2.6,0,0,0.0,0,0.0,6,26.0,0,0,0,0.0,0,0.0
Braelon Allen,RB,NYJ,MIA,18,2.3,4.3,0,0,0.0,0,0.0,4,15.0,0,2,3,8.0,0,0.0
Brandin Cooks,WR,DAL,CLE,1,10.5,14.5,0,0,0.0,0,0.0,1,5.0,0,4,7,40.0,1,0.0
Brandin Cooks,WR,DAL,NO,2,1.6,3.6,0,0,0.0,0,0.0,1,-3.0,0,2,2,19.0,0,0.0
Brandin Cooks,WR,DAL,BAL,3,1.6,3.6,0,0,0.0,0,0.0,0,0.0,0,2,6,16.0,0,0.0
Brandin Cooks,WR,DAL,NYG,4,1.6,2.6,0,0,0.0,0,0.0,0,0.0,0,1,4,16.0,0,0.0
Brandin Cooks,WR,DAL,NYG,13,7.6,10.6,0,0,0.0,0,0.0,0,0.0,0,3,7,16.0,1,0.0
Brandin Cooks,WR,DAL,CIN,14,6.3,7.3,0,0,0.0,0,0.0,0,0.0,0,1,3,3.0,1,0.0
Brandin Cooks,WR,DAL,CAR,15,3.4,6.4,0,0,0.0,0,0.0,0,0.0,0,3,5,34.0,0,0.0
Brandin Cooks,WR,DAL,TB,16,4.8,7.8,0,0,0.0,0,0.0,0,0.0,0,3,3,48.0,0,0.0
Brandin Cooks,WR,DAL,PHI,17,5.2,9.2,0,0,0.0,0,0.0,0,0.0,0,4,8,52.0,0,0.0
Brandin Cooks,WR,DAL,WAS,18,1.0,4.0,0,0,0.0,0,0.0,1,-5.0,0,3,9,15.0,0,0.0
Brandon Aiyuk,WR,SF,NYJ,1,2.8,4.8,0,0,0.0,0,0.0,0,0.0,0,2,5,28.0,0,0.0
Brandon Aiyuk,WR,SF,MIN,2,4.3,8.3,0,0,0.0,0,0.0,0,0.0,0,4,5,43.0,0,0.0
Brandon Aiyuk,WR,SF,LA,3,4.8,9.8,0,0,0.0,0,0.0,0,0.0,0,5,10,48.0,0,0.0
Brandon Aiyuk,WR,SF,NE,4,4.8,6.8,0,0,0.0,0,0.0,0,0.0,0,2,5,48.0,0,0.0
Brandon Aiyuk,WR,SF,ARI,5,14.7,22.7,0,0,0.0,0,0.0,0,0.0,0,8,12,147.0,0,0.0
Brandon Aiyuk,WR,SF,SEA,6,3.7,5.7,0,0,0.0,0,0.0,0,0.0,0,2,4,37.0,0,0.0
Brandon Aiyuk,WR,SF,KC,7,2.3,4.3,0,0,0.0,0,0.0,0,0.0,0,2,6,23.0,0,0.0
Brandon Allen,QB,SF,NYJ,1,-0.1,-0.1,0,0,0.0,0,0.0,1,-1.0,0,0,0,0.0,0,0.0
Brandon Allen,QB,SF,GB,12,8.46,8.46,17,29,199.0,1,1.0,2,5.0,0,0,0,0.0,0,2.0
Brandon Allen,QB,SF,CHI,14,-2.0,-2.0,0,1,0.0,0,1.0,0,0.0,0,0,0,0.0,0,0.0
Brandon Johnson,WR,PIT,DAL,5,0.9,1.9,0,0,0.0,0,0.0,0,0.0,0,1,1,9.0,0,0.0
Brandon Powell,WR,MIN,SF,2,1.6,3.6,0,0,0.0,0,0.0,0,0.0,0,2,2,16.0,0,0.0
Brandon Powell,WR,MIN,HOU,3,1.3,2.3,0,0,0.0,0,0.0,0,0.0,0,1,2,13.0,0,0.0
Brandon Powell,WR,MIN,GB,4,0.0,0.0,0,0,0.0,0,0.0,0,0.0,0,0,2,0.0,0,0.0
Brandon Powell,WR,MIN,IND,9,0.9,1.9,0,0,0.0,0,0.0,0,0.0,0,1,1,9.0,0,0.0
Brandon Powell,WR,MIN,TEN,11,1.3,2.3,0,0,0.0,0,0.0,0,0.0,0,1,1,13.0,0,0.0
Brandon Powell,WR,MIN,ARI,13,0.8,1.8,0,0,0.0,0,0.0,0,0.0,0,1,1,8.0,0,0.0
Brandon Powell,WR,MIN,CHI,15,1.2,2.2,0,0,0.0,0,0.0,0,0.0,0,1,1,12.0,0,0.0
Braxton Berrios,WR,MIA,JAX,1,0.0,0.0,0,0,0.0,0,0.0,0,0.0,0,0,2,0.0,0,0.0
Braxton Berrios,WR,MIA,BUF,2,0.0,0.0,0,0,0.0,0,0.0,0,0.0,0,0,1,0.0,0,0.0
Braxton Berrios,WR,MIA,SEA,3,0.0,0.0,0,0,0.0,0,0.0,0,0.0,0,0,1,0.0,0,0.0
Brayden Willis,TE,SF,ARI,18,0.0,0.0,0,0,0.0,0,0.0,0,0.0,0,0,2,0.0,0,0.0
Breece Hall,RB,NYJ,SF,1,13.3,18.3,0,0,0.0,0,0.0,16,54.0,1,5,6,39.0,0,0.0
Breece Hall,RB,NYJ,TEN,2,17.4,24.4,0,0,0.0,0,0.0,14,62.0,0,7,8,52.0,1,0.0
Breece Hall,RB,NYJ,NE,3,14.3,18.3,0,0,0.0,0,0.0,16,54.0,1,4,5,29.0,0,0.0
Breece Hall,RB,NYJ,DEN,4,1.8,3.8,0,0,0.0,0,0.0,10,4.0,0,2,5,14.0,0,0.0
Breece Hall,RB,NYJ,MIN,5,3.7,6.7,0,0,0.0,0,0.0,9,23.0,0,3,4,14.0,0,0.0
Breece Hall,RB,NYJ,BUF,6,16.9,21.9,0,0,0.0,0,0.0,18,113.0,0,5,6,56.0,0,0.0
Breece Hall,RB,NYJ,PIT,7,20.1,26.1,0,0,0.0,0,0.0,12,38.0,1,6,9,103.0,0,0.0
Breece Hall,RB,NYJ,NE,8,8.9,9.9,0,0,0.0,0,0.0,16,80.0,0,1,3,9.0,0,0.0
Breece Hall,RB,NYJ,HOU,9,8.5,10.5,0,0,0.0,0,0.0,15,74.0,0,2,4,11.0,0,0.0
Breece Hall,RB,NYJ,ARI,10,8.3,12.3,0,0,0.0,0,0.0,10,52.0,0,4,4,31.0,0,0.0
Breece Hall,RB,NYJ,IND,11,24.1,31.1,0,0,0.0,0,0.0,16,78.0,1,7,7,43.0,1,0.0
Breece Hall,RB,NYJ,SEA,13,6.0,6.0,0,0,0.0,0,0.0,12,60.0,0,0,1,0.0,0,0.0
Breece Hall,RB,NYJ,JAX,15,11.1,13.1,0,0,0.0,0,0.0,9,30.0,1,2,2,21.0,0,0.0
Breece Hall,RB,NYJ,LA,16,9.0,14.0,0,0,0.0,0,0.0,14,52.0,0,5,6,38.0,0,0.0
Breece Hall,RB,NYJ,BUF,17,5.3,6.3,0,0,0.0,0,0.0,10,45.0,0,1,1,8.0,0,0.0
Breece Hall,RB,NYJ,MIA,18,15.2,18.2,0,0,0.0,0,0.0,12,57.0,0,3,5,15.0,1,0.0
Brenden Bates,TE,CLE,BAL,18,0.0,0.0,0,0,0.0,0,0.0,0,0.0,0,0,1,0.0,0,0.0
Brenton Strange,TE,JAX,CLE,2,6.5,9.5,0,0,0.0,0,0.0,0,0.0,0,3,6,65.0,0,0.0
Brenton Strange,TE,JAX,BUF,3,7.2,9.2,0,0,0.0,0,0.0,0,0.0,0,2,5,12.0,1,0.0
Brenton Strange,TE,JAX,HOU,4,1.9,4.9,0,0,0.0,0,0.0,0,0.0,0,3,3,19.0,0,0.0
Brenton Strange,TE,JAX,IND,5,8.4,12.4,0,0,0.0,0,0.0,0,0.0,0,4,4,24.0,1,0.0
Brenton Strange,TE,JAX,CHI,6,1.1,2.1,0,0,0.0,0,0.0,0,0.0,0,1,2,11.0,0,0.0
Brenton Strange,TE,JAX,GB,8,5.9,10.9,0,0,0.0,0,0.0,0,0.0,0,5,5,59.0,0,0.0
Brenton Strange,TE,JAX,MIN,10,2.5,4.5,0,0,0.0,0,0.0,0,0.0,0,2,3,25.0,0,0.0
Brenton Strange,TE,JAX,DET,11,0.6,1.6,0,0,0.0,0,0.0,0,0.0,0,1,1,6.0,0,0.0
Brenton Strange,TE,JAX,HOU,13,1.4,2.4,0,0,0.0,0,0.0,0,0.0,0,1,2,14.0,0,0.0
Brenton Strange,TE,JAX,TEN,14,2.1,3.1,0,0,0.0,0,0.0,0,0.0,0,1,1,21.0,0,0.0
Brenton Strange,TE,JAX,NYJ,15,7.3,18.3,0,0,0.0,0,0.0,0,0.0,0,11,12,73.0,0,0.0
Brenton Strange,TE,JAX,LV,16,0.2,2.2,0,0,0.0,0,0.0,0,0.0,0,2,4,22.0,0,0.0
Brenton Strange,TE,JAX,TEN,17,0.0,0.0,0,0,0.0,0,0.0,0,0.0,0,0,1,0.0,0,0.0
Brenton Strange,TE,JAX,IND,18,6.0,10.0,0,0,0.0,0,0.0,0,0.0,0,4,4,60.0,0,0.0
Brevin Jordan,TE,HOU,IND,1,0.3,1.3,0,0,0.0,0,0.0,0,0.0,0,1,2,3.0,0,0.0
Brevin Jordan,TE,HOU,CHI,2,0.4,1.4,0,0,0.0,0,0.0,0,0.0,0,1,1,4.0,0,0.0
Brevyn Spann-Ford,TE,DAL,NO,2,0.0,0.0,0,0,0.0,0,0.0,0,0.0,0,0,1,0.0,0,0.0
Brevyn Spann-Ford,TE,DAL,PIT,5,2.0,4.0,0,0,0.0,0,0.0,0,0.0,0,2,3,20.0,0,0.0
Brevyn Spann-Ford,TE,DAL,SF,8,0.0,0.0,0,0,0.0,0,0.0,0,0.0,0,0,2,0.0,0,0.0
Brevyn Spann-Ford,TE,DAL,HOU,11,4.2,8.2,0,0,0.0,0,0.0,0,0.0,0,4,5,42.0,0,0.0
Brevyn Spann-Ford,TE,DAL,WAS,12,2.4,4.4,0,0,0.0,0,0.0,0,0.0,0,2,2,24.0,0,0.0
Brevyn Spann-Ford,TE,DAL,CAR,15,0.2,1.2,0,0,0.0,0,0.0,0,0.0,0,1,1,2.0,0,0.0
Brian Robinson,RB,WAS,TB,1,14.9,17.9,0,0,0.0,0,0.0,12,40.0,1,3,4,49.0,0,0.0
Brian Robinson,RB,WAS,NYG,2,13.6,14.6,0,0,0.0,0,0.0,17,133.0,0,1,3,3.0,0,0.0
Brian Robinson,RB,WAS,CIN,3,9.7,10.7,0,0,0.0,0,0.0,16,33.0,1,1,1,4.0,0,0.0
Brian Robinson,RB,WAS,ARI,4,17.3,20.3,0,0,0.0,0,0.0,21,101.0,1,3,3,12.0,0,0.0
Brian Robinson,RB,WAS,CLE,5,13.8,13.8,0,0,0.0,0,0.0,7,18.0,2,0,0,0.0,0,0.0
Brian Robinson,RB,WAS,CAR,7,13.1,13.1,0,0,0.0,0,0.0,12,71.0,1,0,0,0.0,0,0.0
Brian Robinson,RB,WAS,CHI,8,7.6,8.6,0,0,0.0,0,0.0,16,65.0,0,1,1,11.0,0,0.0
Brian Robinson,RB,WAS,PHI,11,13.2,14.2,0,0,0.0,0,0.0,16,63.0,1,1,1,9.0,0,0.0
Brian Robinson,RB,WAS,DAL,12,2.4,3.4,0,0,0.0,0,0.0,5,13.0,0,1,2,11.0,0,0.0
Brian Robinson,RB,WAS,TEN,13,16.9,17.9,0,0,0.0,0,0.0,16,103.0,1,1,1,6.0,0,0.0
Brian Robinson,RB,WAS,NO,15,8.7,11.7,0,0,0.0,0,0.0,21,65.0,0,3,3,22.0,0,0.0
Brian Robinson,RB,WAS,PHI,16,0.1,2.1,0,0,0.0,0,0.0,10,24.0,0,2,3,17.0,0,0.0
Brian Robinson,RB,WAS,ATL,17,6.9,8.9,0,0,0.0,0,0.0,13,60.0,0,2,2,9.0,0,0.0
Brian Robinson,RB,WAS,DAL,18,1.6,2.6,0,0,0.0,0,0.0,5,10.0,0,1,1,6.0,0,0.0
Brian Thomas,WR,JAX,MIA,1,10.7,14.7,0,0,0.0,0,0.0,0,0.0,0,4,4,47.0,1,0.0
Brian Thomas,WR,JAX,CLE,2,9.4,11.4,0,0,0.0,0,0.0,0,0.0,0,2,4,94.0,0,0.0
Brian Thomas,WR,JAX,BUF,3,4.8,9.8,0,0,0.0,0,0.0,0,0.0,0,5,9,48.0,0,0.0
Brian Thomas,WR,JAX,HOU,4,15.9,21.9,0,0,0.0,0,0.0,1,13.0,0,6,9,86.0,1,0.0
Brian Thomas,WR,JAX,IND,5,18.2,23.2,0,0,0.0,0,0.0,0,0.0,0,5,8,122.0,1,0.0
Brian Thomas,WR,JAX,CHI,6,2.7,5.7,0,0,0.0,0,0.0,0,0.0,0,3,6,27.0,0,0.0
Brian Thomas,WR,JAX,NE,7,17.1,22.1,0,0,0.0,0,0.0,2,2.0,0,5,5,89.0,1,0.0
Brian Thomas,WR,JAX,GB,8,12.0,15.0,0,0,0.0,0,0.0,0,0.0,0,3,4,60.0,1,0.0
Brian Thomas,WR,JAX,PHI,9,4.2,6.2,0,0,0.0,0,0.0,0,0.0,0,2,4,22.0,0,0.0
Brian Thomas,WR,JAX,MIN,10,1.2,3.2,0,0,0.0,0,0.0,0,0.0,0,2,3,12.0,0,0.0
Brian Thomas,WR,JAX,DET,11,8.6,13.6,0,0,0.0,0,0.0,1,4.0,0,5,7,82.0,0,0.0
Brian Thomas,WR,JAX,HOU,13,14.7,18.7,0,0,0.0,0,0.0,1,11.0,0,4,10,76.0,1,0.0
Brian Thomas,WR,JAX,TEN,14,8.6,16.6,0,0,0.0,0,0.0,0,0.0,0,8,12,86.0,0,0.0
Brian Thomas,WR,JAX,NYJ,15,22.5,32.5,0,0,0.0,0,0.0,0,0.0,0,10,14,105.0,2,0.0
Brian Thomas,WR,JAX,LV,16,19.2,28.2,0,0,0.0,0,0.0,0,0.0,0,9,13,132.0,1,0.0
Brian Thomas,WR,JAX,TEN,17,16.9,23.9,0,0,0.0,0,0.0,1,18.0,0,7,10,91.0,1,0.0
Brian Thomas,WR,JAX,IND,18,10.3,17.3,0,0,0.0,0,0.0,0,0.0,0,7,11,103.0,0,0.0
Britain Covey,WR,PHI,ATL,2,2.3,8.3,0,0,0.0,0,0.0,0,0.0,0,6,6,23.0,0,0.0
Britain Covey,WR,PHI,NO,3,1.1,2.1,0,0,0.0,0,0.0,0,0.0,0,1,1,11.0,0,0.0
Britain Covey,WR,PHI,BAL,13,0.0,0.0,0,0,0.0,0,0.0,0,0.0,0,0,1,0.0,0,0.0
British Brooks,RB,HOU,MIN,3,0.2,0.2,0,0,0.0,0,0.0,1,2.0,0,0,0,0.0,0,0.0
Brock Bowers,TE,LV,LAC,1,5.8,11.8,0,0,0.0,0,0.0,0,0.0,0,6,8,58.0,0,0.0
Brock Bowers,TE,LV,BAL,2,9.8,18.8,0,0,0.0,0,0.0,0,0.0,0,9,9,98.0,0,0.0
Brock Bowers,TE,LV,CAR,3,4.1,7.1,0,0,0.0,0,0.0,0,0.0,0,3,4,41.0,0,0.0
Brock Bowers,TE,LV,CLE,4,3.1,5.1,0,0,0.0,0,0.0,1,12.0,0,2,3,19.0,0,0.0
Brock Bowers,TE,LV,DEN,5,15.7,23.7,0,0,0.0,0,0.0,0,0.0,0,8,12,97.0,1,0.0
Brock Bowers,TE,LV,PIT,6,7.1,16.1,0,0,0.0,0,0.0,0,0.0,0,9,10,71.0,0,0.0
Brock Bowers,TE,LV,LA,7,9.3,19.3,0,0,0.0,0,0.0,0,0.0,0,10,14,93.0,0,0.0
Brock Bowers,TE,LV,KC,8,5.8,10.8,0,0,0.0,0,0.0,0,0.0,0,5,5,58.0,0,0.0
Brock Bowers,TE,LV,CIN,9,10.5,15.5,0,0,0.0,0,0.0,0,0.0,0,5,8,45.0,1,0.0
Brock Bowers,TE,LV,MIA,11,18.3,31.3,0,0,0.0,0,0.0,1,-3.0,0,13,16,126.0,1,0.0
Brock Bowers,TE,LV,DEN,12,3.8,7.8,0,0,0.0,0,0.0,0,0.0,0,4,10,38.0,0,0.0
Brock Bowers,TE,LV,KC,13,20.2,30.2,0,0,0.0,0,0.0,1,2.0,0,10,14,140.0,1,0.0
Brock Bowers,TE,LV,TB,14,5.2,8.2,0,0,0.0,0,0.0,1,3.0,0,3,5,49.0,0,0.0
Brock Bowers,TE,LV,ATL,15,3.5,6.5,0,0,0.0,0,0.0,0,0.0,0,3,6,35.0,0,0.0
Brock Bowers,TE,LV,JAX,16,9.9,20.9,0,0,0.0,0,0.0,0,0.0,0,11,13,99.0,0,0.0
Brock Bowers,TE,LV,NO,17,7.6,14.6,0,0,0.0,0,0.0,1,-1.0,0,7,7,77.0,0,0.0
Brock Bowers,TE,LV,LAC,18,11.0,15.0,0,0,0.0,0,0.0,0,0.0,0,4,9,50.0,1,0.0
Brock Purdy,QB,SF,NYJ,1,10.34,10.34,19,29,231.0,0,0.0,1,11.0,0,0,0,0.0,0,2.0
Brock Purdy,QB,SF,MIN,2,13.96,13.96,28,36,319.0,1,1.0,2,12.0,0,0,0,0.0,0,6.0
Brock Purdy,QB,SF,LA,3,25.78,25.78,22,30,292.0,3,0.0,10,41.0,0,0,0,0.0,0,1.0
Brock Purdy,QB,SF,NE,4,14.62,14.62,15,27,288.0,1,1.0,5,11.0,0,0,0,0.0,0,1.0
Brock Purdy,QB,SF,ARI,5,13.06,13.06,19,35,244.0,1,2.0,4,33.0,0,0,0,0.0,0,2.0
Brock Purdy,QB,SF,SEA,6,24.1,24.1,18,28,255.0,3,0.0,4,19.0,0,0,0,0.0,0,0.0
Brock Purdy,QB,SF,KC,7,17.18,17.18,17,31,212.0,0,3.0,8,27.0,2,0,0,0.0,0,1.0
Brock Purdy,QB,SF,DAL,8,26.0,26.0,18,26,260.0,1,0.0,8,56.0,1,0,0,0.0,0,2.0
Brock Purdy,QB,SF,TB,10,23.82,23.82,25,36,353.0,2,0.0,4,17.0,0,0,0,0.0,0,3.0
Brock Purdy,QB,SF,SEA,11,18.36,18.36,21,28,159.0,1,1.0,5,40.0,1,0,0,0.0,0,2.0
Brock Purdy,QB,SF,BUF,13,2.16,2.16,11,18,94.0,0,0.0,2,4.0,0,0,0,0.0,0,2.0
Brock Purdy,QB,SF,CHI,14,22.1,22.1,20,25,325.0,2,0.0,5,11.0,0,0,0,0.0,0,1.0
Brock Purdy,QB,SF,LA,15,3.98,3.98,14,31,142.0,0,1.0,1,3.0,0,0,0,0.0,0,3.0
Brock Purdy,QB,SF,MIA,16,21.12,21.12,26,40,313.0,2,1.0,4,26.0,0,0,0,0.0,0,3.0
Brock Purdy,QB,SF,DET,17,30.28,30.28,27,35,377.0,3,2.0,3,12.0,1,0,0,0.0,0,2.0
Brock Wright,TE,DET,LA,1,0.2,1.2,0,0,0.0,0,0.0,0,0.0,0,1,1,2.0,0,0.0
Brock Wright,TE,DET,ARI,3,3.4,7.4,0,0,0.0,0,0.0,0,0.0,0,4,5,34.0,0,0.0
Brock Wright,TE,DET,SEA,4,1.3,3.3,0,0,0.0,0,0.0,0,0.0,0,2,2,13.0,0,0.0
Brock Wright,TE,DET,DAL,6,0.0,0.0,0,0,0.0,0,0.0,0,0.0,0,0,1,0.0,0,0.0
Brock Wright,TE,DET,TEN,8,6.8,7.8,0,0,0.0,0,0.0,0,0.0,0,1,1,8.0,1,0.0
Brock Wright,TE,DET,GB,9,0.1,1.1,0,0,0.0,0,0.0,0,0.0,0,1,1,1.0,0,0.0
Brock Wright,TE,DET,JAX,11,6.5,7.5,0,0,0.0,0,0.0,0,0.0,0,1,1,5.0,1,0.0
Brock Wright,TE,DET,IND,12,2.4,4.4,0,0,0.0,0,0.0,0,0.0,0,2,2,24.0,0,0.0
Brock Wright,TE,DET,CHI,13,1.3,2.3,0,0,0.0,0,0.0,0,0.0,0,1,1,13.0,0,0.0
Brock Wright,TE,DET,GB,14,0.0,0.0,0,0,0.0,0,0.0,0,0.0,0,0,1,0.0,0,0.0
Bryan Anger,P,DAL,ATL,9,0.0,0.0,0,1,0.0,0,0.0,0,0.0,0,0,0,0.0,0,0.0
Bryan Anger,P,DAL,HOU,11,0.16,0.16,1,1,4.0,0,0.0,0,0.0,0,0,0,0.0,0,0.0
Bryce Ford-Wheaton,WR,NYG,NYG,5,6.0,6.0,0,0,0.0,0,0.0,0,0.0,0,0,0,0.0,0,0.0
Bryce Oliver,WR,TEN,LAC,10,2.3,4.3,0,0,0.0,0,0.0,0,0.0,0,2,2,23.0,0,0.0
Bryce Oliver,WR,TEN,MIN,11,3.3,4.3,0,0,0.0,0,0.0,0,0.0,0,1,1,33.0,0,0.0
Bryce Oliver,WR,TEN,JAX,14,1.6,2.6,0,0,0.0,0,0.0,0,0.0,0,1,1,16.0,0,0.0
Bryce Oliver,WR,TEN,CIN,15,0.8,1.8,0,0,0.0,0,0.0,0,0.0,0,1,2,8.0,0,0.0
Bryce Oliver,WR,TEN,HOU,18,1.5,2.5,0,0,0.0,0,0.0,0,0.0,0,1,3,15.0,0,0.0
Bryce Young,QB,CAR,NO,1,9.64,9.64,13,30,161.0,0,2.0,4,12.0,1,0,0,0.0,0,4.0
Bryce Young,QB,CAR,LAC,2,1.96,1.96,18,26,84.0,0,1.0,1,6.0,0,0,0,0.0,0,2.0
Bryce Young,QB,CAR,CHI,5,3.12,3.12,4,7,58.0,0,0.0,1,8.0,0,0,0,0.0,0,1.0
Bryce Young,QB,CAR,WAS,7,-0.16,-0.16,2,2,-4.0,0,0.0,0,0.0,0,0,0,0.0,0,0.0
Bryce Young,QB,CAR,DEN,8,13.56,13.56,24,37,224.0,2,2.0,3,6.0,0,0,0,0.0,0,2.0
Bryce Young,QB,CAR,NO,9,9.74,9.74,16,26,171.0,1,1.0,4,9.0,0,0,0,0.0,0,1.0
Bryce Young,QB,CAR,NYG,10,12.04,12.04,15,25,126.0,1,0.0,2,30.0,0,0,0,0.0,0,1.0
Bryce Young,QB,CAR,KC,12,16.52,16.52,21,35,263.0,1,0.0,3,20.0,0,0,0,0.0,0,2.0
Bryce Young,QB,CAR,TB,13,23.62,23.62,26,46,298.0,1,0.0,3,17.0,1,0,0,0.0,0,1.0
Bryce Young,QB,CAR,PHI,14,12.54,12.54,19,34,191.0,1,1.0,7,29.0,0,0,0,0.0,0,1.0
Bryce Young,QB,CAR,DAL,15,11.96,11.96,19,28,219.0,1,2.0,3,12.0,1,0,0,0.0,0,6.0
Bryce Young,QB,CAR,ARI,16,27.12,27.12,17,26,158.0,2,0.0,5,68.0,1,0,0,0.0,0,3.0
Bryce Young,QB,CAR,TB,17,16.92,16.92,15,28,203.0,2,0.0,2,8.0,0,0,0,0.0,0,5.0
Bryce Young,QB,CAR,ATL,18,36.44,36.44,25,34,251.0,3,0.0,5,24.0,2,0,0,0.0,0,0.0
Brycen Tremayne,WR,WAS,CLE,5,-0.2,0.8,0,0,0.0,0,0.0,0,0.0,0,1,1,-2.0,0,0.0
Bub Means,WR,NO,CAR,1,0.0,0.0,0,0,0.0,0,0.0,0,0.0,0,0,1,0.0,0,0.0
Bub Means,WR,NO,TB,6,10.5,15.5,0,0,0.0,0,0.0,0,0.0,0,5,8,45.0,1,0.0
Bub Means,WR,NO,DEN,7,3.7,6.7,0,0,0.0,0,0.0,0,0.0,0,3,5,37.0,0,0.0
Bub Means,WR,NO,LAC,8,3.6,4.6,0,0,0.0,0,0.0,0,0.0,0,1,1,36.0,0,0.0
Bucky Irving,RB,TB,WAS,1,7.6,9.6,0,0,0.0,0,0.0,9,62.0,0,2,3,14.0,0,0.0
Bucky Irving,RB,TB,DET,2,2.2,2.2,0,0,0.0,0,0.0,7,22.0,0,0,0,0.0,0,0.0
Bucky Irving,RB,TB,DEN,3,8.4,11.4,0,0,0.0,0,0.0,9,70.0,0,3,3,14.0,0,0.0
Bucky Irving,RB,TB,PHI,4,11.5,12.5,0,0,0.0,0,0.0,10,49.0,1,1,2,6.0,0,0.0
Bucky Irving,RB,TB,ATL,5,3.6,5.6,0,0,0.0,0,0.0,9,44.0,0,2,2,12.0,0,0.0
Bucky Irving,RB,TB,NO,6,16.5,18.5,0,0,0.0,0,0.0,14,81.0,1,2,2,24.0,0,0.0
Bucky Irving,RB,TB,BAL,7,13.7,16.7,0,0,0.0,0,0.0,9,23.0,1,3,3,54.0,0,0.0
Bucky Irving,RB,TB,ATL,8,8.4,15.4,0,0,0.0,0,0.0,9,44.0,0,7,7,40.0,0,0.0
Bucky Irving,RB,TB,KC,9,3.4,6.4,0,0,0.0,0,0.0,7,24.0,0,3,3,10.0,0,0.0
Bucky Irving,RB,TB,SF,10,14.7,17.7,0,0,0.0,0,0.0,13,73.0,1,3,3,14.0,0,0.0
Bucky Irving,RB,TB,NYG,12,21.2,27.2,0,0,0.0,0,0.0,12,88.0,1,6,6,64.0,0,0.0
Bucky Irving,RB,TB,CAR,13,24.5,27.5,0,0,0.0,0,0.0,25,152.0,1,3,3,33.0,0,0.0
Bucky Irving,RB,TB,LV,14,1.8,2.8,0,0,0.0,0,0.0,4,3.0,0,1,1,15.0,0,0.0
Bucky Irving,RB,TB,LAC,15,11.3,13.3,0,0,0.0,0,0.0,15,117.0,0,2,2,-4.0,0,0.0
Bucky Irving,RB,TB,DAL,16,15.2,18.2,0,0,0.0,0,0.0,16,68.0,1,3,3,24.0,0,0.0
Bucky Irving,RB,TB,CAR,17,19.0,23.0,0,0,0.0,0,0.0,20,113.0,0,4,4,77.0,0,0.0
Bucky Irving,RB,TB,NO,18,14.4,16.4,0,0,0.0,0,0.0,19,89.0,1,2,5,-5.0,0,0.0
C.J. Goodwin,CB,DAL,ATL,9,0.0,0.0,0,0,0.0,0,0.0,0,0.0,0,0,1,0.0,0,0.0
C.J. Ham,FB,MIN,NYG,1,-0.9,1.1,0,0,0.0,0,0.0,0,0.0,0,2,2,11.0,0,0.0
C.J. Ham,FB,MIN,NYJ,5,7.0,7.0,0,0,0.0,0,0.0,2,10.0,1,0,0,0.0,0,0.0
C.J. Ham,FB,MIN,CHI,12,0.0,0.0,0,0,0.0,0,0.0,0,0.0,0,0,1,0.0,0,0.0
C.J. Ham,FB,MIN,SEA,16,0.9,1.9,0,0,0.0,0,0.0,0,0.0,0,1,1,9.0,0,0.0
C.J. Ham,FB,MIN,GB,17,1.5,3.5,0,0,0.0,0,0.0,0,0.0,0,2,2,15.0,0,0.0
C.J. Stroud,QB,HOU,IND,1,18.66,18.66,24,32,234.0,2,0.0,4,13.0,0,0,0,0.0,0,4.0
C.J. Stroud,QB,HOU,CHI,2,14.3,14.3,23,36,260.0,1,0.0,1,-1.0,0,0,0,0.0,0,3.0
C.J. Stroud,QB,HOU,MIN,3,9.8,9.8,20,31,215.0,1,2.0,3,12.0,0,0,0,0.0,0,4.0
C.J. Stroud,QB,HOU,JAX,4,23.5,23.5,27,40,345.0,2,0.0,3,17.0,0,0,0,0.0,0,2.0
C.J. Stroud,QB,HOU,BUF,5,15.94,15.94,28,38,331.0,1,1.0,3,27.0,0,0,0,0.0,0,1.0
C.J. Stroud,QB,HOU,NE,6,18.38,18.38,20,31,192.0,3,1.0,3,7.0,0,0,0,0.0,0,2.0
C.J. Stroud,QB,HOU,GB,7,5.34,5.34,10,21,86.0,0,0.0,5,19.0,0,0,0,0.0,0,4.0
C.J. Stroud,QB,HOU,IND,8,12.4,12.4,25,37,285.0,1,0.0,1,-10.0,0,0,0,0.0,0,2.0
C.J. Stroud,QB,HOU,NYJ,9,11.54,11.54,11,30,191.0,0,0.0,8,59.0,0,0,1,0.0,0,8.0
C.J. Stroud,QB,HOU,DET,10,9.78,9.78,19,33,232.0,1,2.0,1,5.0,0,0,0,0.0,0,4.0
C.J. Stroud,QB,HOU,DAL,11,10.88,10.88,23,34,257.0,0,1.0,3,26.0,0,0,0,0.0,0,1.0
C.J. Stroud,QB,HOU,TEN,12,15.68,15.68,20,33,247.0,2,2.0,3,18.0,0,0,0,0.0,0,4.0
C.J. Stroud,QB,HOU,JAX,13,14.38,14.38,22,34,242.0,1,0.0,5,7.0,0,0,0,0.0,0,2.0
C.J. Stroud,QB,HOU,MIA,15,11.64,11.64,18,26,131.0,2,0.0,6,4.0,0,0,0,0.0,0,4.0
C.J. Stroud,QB,HOU,KC,16,16.06,16.06,23,39,244.0,2,2.0,2,23.0,0,0,0,0.0,0,2.0
C.J. Stroud,QB,HOU,BAL,17,6.1,6.1,17,31,185.0,0,1.0,1,7.0,0,0,0,0.0,0,5.0
C.J. Stroud,QB,HOU,TEN,18,6.0,6.0,6,6,50.0,1,0.0,0,0.0,0,0,0,0.0,0,0.0
Cade Otton,TE,TB,WAS,1,0.5,1.5,0,0,0.0,0,0.0,0,0.0,0,1,2,5.0,0,0.0
Cade Otton,TE,TB,DET,2,-0.4,-0.4,0,0,0.0,0,0.0,1,-4.0,0,0,2,0.0,0,0.0
Cade Otton,TE,TB,DEN,3,2.7,9.7,0,0,0.0,0,0.0,0,0.0,0,7,8,47.0,0,0.0
Cade Otton,TE,TB,PHI,4,5.2,11.2,0,0,0.0,0,0.0,0,0.0,0,6,9,52.0,0,0.0
Cade Otton,TE,TB,ATL,5,4.4,7.4,0,0,0.0,0,0.0,0,0.0,0,3,4,44.0,0,0.0
Cade Otton,TE,TB,NO,6,7.5,9.5,0,0,0.0,0,0.0,0,0.0,0,2,6,15.0,1,0.0
Cade Otton,TE,TB,BAL,7,10.0,18.0,0,0,0.0,0,0.0,0,0.0,0,8,10,100.0,0,0.0
Cade Otton,TE,TB,ATL,8,20.1,29.1,0,0,0.0,0,0.0,0,0.0,0,9,10,81.0,2,0.0
Cade Otton,TE,TB,KC,9,13.7,21.7,0,0,0.0,0,0.0,0,0.0,0,8,11,77.0,1,0.0
Cade Otton,TE,TB,SF,10,3.5,8.5,0,0,0.0,0,0.0,0,0.0,0,5,8,35.0,0,0.0
Cade Otton,TE,TB,NYG,12,3.0,4.0,0,0,0.0,0,0.0,0,0.0,0,1,3,30.0,0,0.0
Cade Otton,TE,TB,CAR,13,2.0,6.0,0,0,0.0,0,0.0,0,0.0,0,4,7,20.0,0,0.0
Cade Otton,TE,TB,LV,14,7.0,10.0,0,0,0.0,0,0.0,0,0.0,0,3,4,70.0,0,0.0
Cade Otton,TE,TB,LAC,15,2.4,4.4,0,0,0.0,0,0.0,0,0.0,0,2,3,24.0,0,0.0
Cade Stover,TE,HOU,CHI,2,1.8,2.8,0,0,0.0,0,0.0,0,0.0,0,1,1,18.0,0,0.0
Cade Stover,TE,HOU,JAX,4,2.7,3.7,0,0,0.0,0,0.0,0,0.0,0,1,1,27.0,0,0.0
Cade Stover,TE,HOU,BUF,5,0.6,2.6,0,0,0.0,0,0.0,0,0.0,0,2,2,6.0,0,0.0
Cade Stover,TE,HOU,NE,6,0.0,0.0,0,0,0.0,0,0.0,0,0.0,0,0,1,0.0,0,0.0
Cade Stover,TE,HOU,GB,7,1.5,2.5,0,0,0.0,0,0.0,0,0.0,0,1,1,15.0,0,0.0
Cade Stover,TE,HOU,IND,8,1.9,3.9,0,0,0.0,0,0.0,0,0.0,0,2,3,19.0,0,0.0
Cade Stover,TE,HOU,NYJ,9,0.0,0.0,0,0,0.0,0,0.0,0,0.0,0,0,2,0.0,0,0.0
Cade Stover,TE,HOU,DET,10,0.2,1.2,0,0,0.0,0,0.0,0,0.0,0,1,2,2.0,0,0.0
Cade Stover,TE,HOU,DAL,11,1.5,3.5,0,0,0.0,0,0.0,0,0.0,0,2,2,15.0,0,0.0
Cade Stover,TE,HOU,TEN,12,8.6,11.6,0,0,0.0,0,0.0,0,0.0,0,3,4,26.0,1,0.0
Cade Stover,TE,HOU,JAX,13,0.4,1.4,0,0,0.0,0,0.0,0,0.0,0,1,1,4.0,0,0.0
Cade Stover,TE,HOU,BAL,17,0.1,1.1,0,0,0.0,0,0.0,0,0.0,0,1,1,1.0,0,0.0
Cade Stover,TE,HOU,TEN,18,0.0,0.0,0,0,0.0,0,0.0,0,0.0,0,0,1,0.0,0,0.0
Caleb Williams,QB,CHI,TEN,1,7.22,7.22,14,29,93.0,0,0.0,5,15.0,0,0,0,0.0,0,2.0
Caleb Williams,QB,CHI,HOU,2,7.36,7.36,23,37,174.0,0,2.0,5,44.0,0,0,0,0.0,0,7.0
Caleb Williams,QB,CHI,IND,3,17.32,17.32,33,52,363.0,2,2.0,1,8.0,0,0,0,0.0,0,4.0
Caleb Williams,QB,CHI,LA,4,11.48,11.48,17,23,157.0,1,0.0,5,12.0,0,0,0,0.0,0,3.0
Caleb Williams,QB,CHI,CAR,5,23.56,23.56,20,29,304.0,2,0.0,5,34.0,0,0,0,0.0,0,1.0
Caleb Williams,QB,CHI,JAX,6,28.64,28.64,23,29,226.0,4,1.0,4,56.0,0,0,0,0.0,0,3.0
Caleb Williams,QB,CHI,WAS,8,9.94,9.94,10,24,131.0,0,0.0,9,47.0,0,0,0,0.0,0,3.0
Caleb Williams,QB,CHI,ARI,9,9.18,9.18,22,41,217.0,0,0.0,4,5.0,0,0,0,0.0,0,6.0
Caleb Williams,QB,CHI,NE,10,6.3,6.3,16,30,120.0,0,0.0,2,15.0,0,0,0,0.0,0,9.0
Caleb Williams,QB,CHI,GB,11,16.24,16.24,23,31,231.0,0,0.0,9,70.0,0,0,0,0.0,0,3.0
Caleb Williams,QB,CHI,MIN,12,26.9,26.9,32,47,340.0,2,0.0,6,33.0,0,0,0,0.0,0,3.0
Caleb Williams,QB,CHI,DET,13,26.14,26.14,20,39,256.0,3,0.0,4,39.0,0,0,0,0.0,0,5.0
Caleb Williams,QB,CHI,SF,14,14.06,14.06,17,23,134.0,2,0.0,4,27.0,0,0,0,0.0,0,7.0
Caleb Williams,QB,CHI,MIN,15,9.94,9.94,18,31,191.0,1,0.0,4,3.0,0,0,0,0.0,0,2.0
Caleb Williams,QB,CHI,DET,16,22.76,22.76,26,40,334.0,2,0.0,6,34.0,0,0,0,0.0,0,2.0
Caleb Williams,QB,CHI,SEA,17,6.58,6.58,16,28,122.0,0,1.0,5,37.0,0,0,0,0.0,0,7.0
Caleb Williams,QB,CHI,GB,18,10.92,10.92,21,29,148.0,1,0.0,3,10.0,0,0,0,0.0,0,1.0
Calvin Austin,WR,PIT,ATL,1,0.7,1.7,0,0,0.0,0,0.0,0,0.0,0,1,2,7.0,0,0.0
Calvin Austin,WR,PIT,DEN,2,0.6,1.6,0,0,0.0,0,0.0,0,0.0,0,1,2,6.0,0,0.0
Calvin Austin,WR,PIT,LAC,3,15.5,19.5,0,0,0.0,0,0.0,0,0.0,0,4,5,95.0,1,0.0
Calvin Austin,WR,PIT,IND,4,1.7,2.7,0,0,0.0,0,0.0,0,0.0,0,1,1,17.0,0,0.0
Calvin Austin,WR,PIT,DAL,5,0.6,1.6,0,0,0.0,0,0.0,0,0.0,0,1,2,6.0,0,0.0
Calvin Austin,WR,PIT,LV,6,3.6,5.6,0,0,0.0,0,0.0,0,0.0,0,2,5,36.0,0,0.0
Calvin Austin,WR,PIT,NYJ,7,3.6,4.6,0,0,0.0,0,0.0,0,0.0,0,1,4,36.0,0,0.0
Calvin Austin,WR,PIT,NYG,8,17.4,20.4,0,0,0.0,0,0.0,0,0.0,0,3,4,54.0,1,0.0
Calvin Austin,WR,PIT,WAS,10,2.0,4.0,0,0,0.0,0,0.0,0,0.0,0,2,6,20.0,0,0.0
Calvin Austin,WR,PIT,BAL,11,-0.1,0.9,0,0,0.0,0,0.0,0,0.0,0,1,2,-1.0,0,0.0
Calvin Austin,WR,PIT,CLE,12,13.8,16.8,0,0,0.0,0,0.0,0,0.0,0,3,3,78.0,1,0.0
Calvin Austin,WR,PIT,CIN,13,8.9,10.9,0,0,0.0,0,0.0,0,0.0,0,2,2,29.0,1,0.0
Calvin Austin,WR,PIT,CLE,14,0.4,1.4,0,0,0.0,0,0.0,0,0.0,0,1,4,4.0,0,0.0
Calvin Austin,WR,PIT,PHI,15,6.5,11.5,0,0,0.0,0,0.0,0,0.0,0,5,5,65.0,0,0.0
Calvin Austin,WR,PIT,BAL,16,6.5,10.5,0,0,0.0,0,0.0,0,0.0,0,4,5,65.0,0,0.0
Calvin Austin,WR,PIT,KC,17,3.1,7.1,0,0,0.0,0,0.0,0,0.0,0,4,5,31.0,0,0.0
Calvin Austin,WR,PIT,CIN,18,0.0,0.0,0,0,0.0,0,0.0,0,0.0,0,0,1,0.0,0,0.0
Calvin Ridley,WR,TEN,CHI,1,5.0,8.0,0,0,0.0,0,0.0,0,0.0,0,3,7,50.0,0,0.0
Calvin Ridley,WR,TEN,NYJ,2,20.7,24.7,0,0,0.0,0,0.0,1,10.0,1,4,6,77.0,1,0.0
Calvin Ridley,WR,TEN,GB,3,0.9,1.9,0,0,0.0,0,0.0,0,0.0,0,1,3,9.0,0,0.0
Calvin Ridley,WR,TEN,MIA,4,1.5,2.5,0,0,0.0,0,0.0,1,10.0,0,1,3,5.0,0,0.0
Calvin Ridley,WR,TEN,IND,6,0.9,0.9,0,0,0.0,0,0.0,1,9.0,0,0,8,0.0,0,0.0
Calvin Ridley,WR,TEN,BUF,7,4.2,7.2,0,0,0.0,0,0.0,0,0.0,0,3,9,42.0,0,0.0
Calvin Ridley,WR,TEN,DET,8,12.6,22.6,0,0,0.0,0,0.0,1,3.0,0,10,15,143.0,0,0.0
Calvin Ridley,WR,TEN,NE,9,7.3,12.3,0,0,0.0,0,0.0,0,0.0,0,5,8,73.0,0,0.0
Calvin Ridley,WR,TEN,LAC,10,20.4,25.4,0,0,0.0,0,0.0,0,0.0,0,5,9,84.0,2,0.0
Calvin Ridley,WR,TEN,MIN,11,5.8,9.8,0,0,0.0,0,0.0,0,0.0,0,4,6,58.0,0,0.0
Calvin Ridley,WR,TEN,HOU,12,9.3,14.3,0,0,0.0,0,0.0,0,0.0,0,5,6,93.0,0,0.0
Calvin Ridley,WR,TEN,WAS,13,4.5,6.5,0,0,0.0,0,0.0,0,0.0,0,2,7,45.0,0,0.0
Calvin Ridley,WR,TEN,JAX,14,5.9,12.9,0,0,0.0,0,0.0,0,0.0,0,7,12,59.0,0,0.0
Calvin Ridley,WR,TEN,CIN,15,6.0,9.0,0,0,0.0,0,0.0,1,19.0,0,3,5,41.0,0,0.0
Calvin Ridley,WR,TEN,IND,16,13.8,16.8,0,0,0.0,0,0.0,0,0.0,0,3,5,78.0,1,0.0
Calvin Ridley,WR,TEN,JAX,17,9.1,14.1,0,0,0.0,0,0.0,1,7.0,0,5,6,84.0,0,0.0
Calvin Ridley,WR,TEN,HOU,18,7.3,10.3,0,0,0.0,0,0.0,2,-3.0,0,3,5,76.0,0,0.0
Cam Akers,RB,HOU,CHI,2,1.5,2.5,0,0,0.0,0,0.0,7,32.0,0,1,1,3.0,0,0.0
Cam Akers,RB,HOU,MIN,3,8.9,9.9,0,0,0.0,0,0.0,9,21.0,0,1,3,8.0,1,0.0
Cam Akers,RB,HOU,JAX,4,5.3,5.3,0,0,0.0,0,0.0,13,53.0,0,0,0,0.0,0,0.0
Cam Akers,RB,HOU,BUF,5,10.7,12.7,0,0,0.0,0,0.0,9,42.0,1,2,3,5.0,0,0.0
Cam Akers,RB,HOU,NE,6,-0.1,-0.1,0,0,0.0,0,0.0,2,-1.0,0,0,0,0.0,0,0.0
Cam Akers,RB,MIN,IND,9,5.3,7.3,0,0,0.0,0,0.0,6,46.0,0,2,2,7.0,0,0.0
Cam Akers,RB,MIN,JAX,10,4.7,5.7,0,0,0.0,0,0.0,13,38.0,0,1,1,9.0,0,0.0
Cam Akers,RB,MIN,TEN,11,9.6,11.6,0,0,0.0,0,0.0,10,25.0,0,2,2,11.0,1,0.0
Cam Akers,RB,MIN,CHI,12,2.5,3.5,0,0,0.0,0,0.0,3,19.0,0,1,1,6.0,0,0.0
Cam Akers,RB,MIN,ARI,13,2.2,2.2,0,0,0.0,0,0.0,4,22.0,0,0,0,0.0,0,0.0
Cam Akers,RB,MIN,ATL,14,3.7,3.7,0,0,0.0,0,0.0,5,37.0,0,0,0,0.0,0,0.0
Cam Akers,RB,MIN,CHI,15,8.4,8.4,0,0,0.0,0,0.0,10,24.0,1,0,0,0.0,0,0.0
Cam Akers,RB,MIN,SEA,16,0.3,0.3,0,0,0.0,0,0.0,1,3.0,0,0,0,0.0,0,0.0
Cam Akers,RB,MIN,GB,17,9.3,11.3,0,0,0.0,0,0.0,6,18.0,0,2,3,15.0,1,0.0
Cam Akers,RB,MIN,DET,18,6.9,8.9,0,0,0.0,0,0.0,6,65.0,0,2,2,4.0,0,0.0
Cam Grandy,TE,CIN,BAL,10,0.0,1.0,0,0,0.0,0,0.0,0,0.0,0,1,1,0.0,0,0.0
Cam Grandy,TE,CIN,TEN,15,1.2,3.2,0,0,0.0,0,0.0,0,0.0,0,2,2,12.0,0,0.0
Cam Grandy,TE,CIN,DEN,17,0.7,1.7,0,0,0.0,0,0.0,0,0.0,0,1,1,7.0,0,0.0
Cam Grandy,TE,CIN,PIT,18,0.9,1.9,0,0,0.0,0,0.0,0,0.0,0,1,1,9.0,0,0.0
Carson Steele,RB,KC,BAL,1,0.3,0.3,0,0,0.0,0,0.0,2,3.0,0,0,0,0.0,0,0.0
Carson Steele,RB,KC,CIN,2,0.4,0.4,0,0,0.0,0,0.0,7,24.0,0,0,0,0.0,0,0.0
Carson Steele,RB,KC,ATL,3,7.4,8.4,0,0,0.0,0,0.0,17,72.0,0,1,2,2.0,0,0.0
Carson Steele,RB,KC,LAC,4,-1.4,-0.4,0,0,0.0,0,0.0,2,6.0,0,1,3,0.0,0,0.0
Carson Steele,RB,KC,NO,5,1.2,1.2,0,0,0.0,0,0.0,5,12.0,0,0,0,0.0,0,0.0
Carson Steele,RB,KC,SF,7,1.7,1.7,0,0,0.0,0,0.0,6,17.0,0,0,0,0.0,0,0.0
Carson Steele,RB,KC,LV,8,1.4,2.4,0,0,0.0,0,0.0,2,6.0,0,1,1,8.0,0,0.0
Carson Steele,RB,KC,TB,9,0.9,0.9,0,0,0.0,0,0.0,3,9.0,0,0,0,0.0,0,0.0
Carson Steele,RB,KC,DEN,10,0.3,0.3,0,0,0.0,0,0.0,2,3.0,0,0,0,0.0,0,0.0
Carson Steele,RB,KC,BUF,11,0.7,1.7,0,0,0.0,0,0.0,1,2.0,0,1,1,5.0,0,0.0
Carson Steele,RB,KC,CAR,12,1.3,2.3,0,0,0.0,0,0.0,1,4.0,0,1,2,9.0,0,0.0
Carson Steele,RB,KC,DEN,18,2.7,4.7,0,0,0.0,0,0.0,8,25.0,0,2,2,2.0,0,0.0
Carson Wentz,QB,KC,CLE,15,0.8,0.8,2,2,20.0,0,0.0,3,0.0,0,0,0,0.0,0,0.0
Carson Wentz,QB,KC,DEN,18,3.92,3.92,10,17,98.0,0,0.0,0,0.0,0,0,0,0.0,0,4.0
Casey Washington,WR,ATL,SEA,7,1.4,2.4,0,0,0.0,0,0.0,0,0.0,0,1,1,14.0,0,0.0
Casey Washington,WR,ATL,DEN,11,0.0,0.0,0,0,0.0,0,0.0,0,0.0,0,0,1,0.0,0,0.0
Cedric Tillman,WR,CLE,DAL,1,0.3,1.3,0,0,0.0,0,0.0,0,0.0,0,1,1,3.0,0,0.0
Cedric Tillman,WR,CLE,JAX,2,0.2,1.2,0,0,0.0,0,0.0,0,0.0,0,1,2,2.0,0,0.0
Cedric Tillman,WR,CLE,NYG,3,0.4,1.4,0,0,0.0,0,0.0,0,0.0,0,1,2,4.0,0,0.0
Cedric Tillman,WR,CLE,PHI,6,-0.5,-0.5,0,0,0.0,0,0.0,1,-5.0,0,0,0,0.0,0,0.0
Cedric Tillman,WR,CLE,CIN,7,10.1,18.1,0,0,0.0,0,0.0,0,0.0,0,8,12,81.0,0,0.0
Cedric Tillman,WR,CLE,BAL,8,21.9,28.9,0,0,0.0,0,0.0,0,0.0,0,7,9,99.0,2,0.0
Cedric Tillman,WR,CLE,LAC,9,13.5,19.5,0,0,0.0,0,0.0,0,0.0,0,6,11,75.0,1,0.0
Cedric Tillman,WR,CLE,NO,11,4.7,7.7,0,0,0.0,0,0.0,0,0.0,0,3,8,47.0,0,0.0
Cedric Tillman,WR,CLE,PIT,12,0.8,2.8,0,0,0.0,0,0.0,0,0.0,0,2,4,28.0,0,0.0
Cedrick Wilson,WR,NO,PHI,3,0.3,1.3,0,0,0.0,0,0.0,0,0.0,0,1,1,3.0,0,0.0
Cedrick Wilson,WR,NO,TB,6,2.8,4.8,0,0,0.0,0,0.0,0,0.0,0,2,3,28.0,0,0.0
Cedrick Wilson,WR,NO,DEN,7,11.7,17.7,0,0,0.0,0,0.0,0,0.0,0,6,7,57.0,1,0.0
Cedrick Wilson,WR,NO,CAR,9,3.4,5.4,0,0,0.0,0,0.0,0,0.0,0,2,3,34.0,0,0.0
Cedrick Wilson,WR,NO,LA,13,1.9,2.9,0,0,0.0,0,0.0,0,0.0,0,1,1,19.0,0,0.0
Cedrick Wilson,WR,NO,NYG,14,1.8,2.8,0,0,0.0,0,0.0,0,0.0,0,1,1,18.0,0,0.0
Cedrick Wilson,WR,NO,WAS,15,4.84,4.84,1,1,21.0,1,0.0,0,0.0,0,0,1,0.0,0,0.0
Cedrick Wilson,WR,NO,GB,16,1.3,2.3,0,0,0.0,0,0.0,0,0.0,0,1,1,13.0,0,0.0
Cedrick Wilson,WR,NO,LV,17,1.7,4.7,0,0,0.0,0,0.0,0,0.0,0,3,4,17.0,0,1.0
Cedrick Wilson,WR,NO,TB,18,2.2,5.2,0,0,0.0,0,0.0,0,0.0,0,3,5,22.0,0,0.0
CeeDee Lamb,WR,DAL,CLE,1,8.6,13.6,0,0,0.0,0,0.0,3,25.0,0,5,10,61.0,0,0.0
CeeDee Lamb,WR,DAL,NO,2,15.0,19.0,0,0,0.0,0,0.0,0,0.0,0,4,7,90.0,1,0.0
CeeDee Lamb,WR,DAL,BAL,3,4.7,8.7,0,0,0.0,0,0.0,0,0.0,0,4,7,67.0,0,0.0
CeeDee Lamb,WR,DAL,NYG,4,16.6,23.6,0,0,0.0,0,0.0,3,8.0,0,7,8,98.0,1,0.0
CeeDee Lamb,WR,DAL,PIT,5,6.4,11.4,0,0,0.0,0,0.0,1,2.0,0,5,9,62.0,0,0.0
CeeDee Lamb,WR,DAL,DET,6,9.1,16.1,0,0,0.0,0,0.0,1,2.0,0,7,14,89.0,0,0.0
CeeDee Lamb,WR,DAL,SF,8,26.6,39.6,0,0,0.0,0,0.0,0,0.0,0,13,17,146.0,2,0.0
CeeDee Lamb,WR,DAL,ATL,9,8.2,16.2,0,0,0.0,0,0.0,2,15.0,0,8,12,47.0,0,0.0
CeeDee Lamb,WR,DAL,PHI,10,2.4,8.4,0,0,0.0,0,0.0,1,3.0,0,6,10,21.0,0,0.0
CeeDee Lamb,WR,DAL,HOU,11,10.6,18.6,0,0,0.0,0,0.0,1,13.0,0,8,12,93.0,0,0.0
CeeDee Lamb,WR,DAL,WAS,12,6.8,16.8,0,0,0.0,0,0.0,1,1.0,0,10,12,67.0,0,0.0
CeeDee Lamb,WR,DAL,NYG,13,3.9,5.9,0,0,0.0,0,0.0,0,0.0,0,2,6,39.0,0,0.0
CeeDee Lamb,WR,DAL,CIN,14,15.4,21.4,0,0,0.0,0,0.0,1,1.0,0,6,7,93.0,1,0.0
CeeDee Lamb,WR,DAL,CAR,15,17.6,26.6,0,0,0.0,0,0.0,0,0.0,0,9,13,116.0,1,0.0
CeeDee Lamb,WR,DAL,TB,16,10.5,17.5,0,0,0.0,0,0.0,0,0.0,0,7,8,105.0,0,0.0
Charlie Jones,WR,CIN,NE,1,0.5,1.5,0,0,0.0,0,0.0,0,0.0,0,1,1,5.0,0,0.0
Charlie Jones,WR,CIN,CLE,7,6.0,6.0,0,0,0.0,0,0.0,0,0.0,0,0,0,0.0,0,0.0
Charlie Kolar,TE,BAL,LV,2,0.4,1.4,0,0,0.0,0,0.0,0,0.0,0,1,1,4.0,0,0.0
Charlie Kolar,TE,BAL,DAL,3,3.0,4.0,0,0,0.0,0,0.0,0,0.0,0,1,1,30.0,0,0.0
Charlie Kolar,TE,BAL,CIN,5,12.6,15.6,0,0,0.0,0,0.0,1,2.0,0,3,4,64.0,1,0.0
Charlie Kolar,TE,BAL,TB,7,1.4,2.4,0,0,0.0,0,0.0,0,0.0,0,1,1,14.0,0,0.0
Charlie Kolar,TE,BAL,CLE,8,0.9,1.9,0,0,0.0,0,0.0,0,0.0,0,1,2,9.0,0,0.0
Charlie Kolar,TE,BAL,CIN,10,0.4,1.4,0,0,0.0,0,0.0,0,0.0,0,1,1,4.0,0,0.0
Charlie Kolar,TE,BAL,LAC,12,0.6,1.6,0,0,0.0,0,0.0,0,0.0,0,1,1,6.0,0,0.0
Charlie Woerner,TE,ATL,PIT,1,0.4,1.4,0,0,0.0,0,0.0,0,0.0,0,1,2,4.0,0,0.0
Charlie Woerner,TE,ATL,TB,8,1.3,2.3,0,0,0.0,0,0.0,0,0.0,0,1,1,13.0,0,0.0
Charlie Woerner,TE,ATL,NO,10,0.0,0.0,0,0,0.0,0,0.0,0,0.0,0,0,1,0.0,0,0.0
Charlie Woerner,TE,ATL,LAC,13,0.5,1.5,0,0,0.0,0,0.0,0,0.0,0,1,1,5.0,0,0.0
Charlie Woerner,TE,ATL,MIN,14,1.1,2.1,0,0,0.0,0,0.0,0,0.0,0,1,1,11.0,0,0.0
Charlie Woerner,TE,ATL,LV,15,0.7,2.7,0,0,0.0,0,0.0,0,0.0,0,2,3,7.0,0,0.0
Charlie Woerner,TE,ATL,NYG,16,0.0,0.0,0,0,0.0,0,0.0,0,0.0,0,0,2,0.0,0,0.0
Charlie Woerner,TE,ATL,WAS,17,0.6,1.6,0,0,0.0,0,0.0,0,0.0,0,1,1,6.0,0,0.0
Chase Brown,RB,CIN,NE,1,2.3,5.3,0,0,0.0,0,0.0,3,11.0,0,3,3,12.0,0,0.0
Chase Brown,RB,CIN,KC,2,3.1,3.1,0,0,0.0,0,0.0,4,31.0,0,0,0,0.0,0,0.0
Chase Brown,RB,CIN,WAS,3,6.9,8.9,0,0,0.0,0,0.0,7,62.0,0,2,3,7.0,0,0.0
Chase Brown,RB,CIN,CAR,4,21.2,23.2,0,0,0.0,0,0.0,15,80.0,2,2,3,12.0,0,0.0
Chase Brown,RB,CIN,BAL,5,13.4,16.4,0,0,0.0,0,0.0,12,46.0,0,3,3,8.0,1,0.0
Chase Brown,RB,CIN,NYG,6,12.4,14.4,0,0,0.0,0,0.0,10,53.0,1,2,3,11.0,0,0.0
Chase Brown,RB,CIN,CLE,7,5.3,7.3,0,0,0.0,0,0.0,15,44.0,0,2,2,9.0,0,0.0
Chase Brown,RB,CIN,PHI,8,9.4,11.4,0,0,0.0,0,0.0,12,32.0,1,2,4,2.0,0,0.0
Chase Brown,RB,CIN,LV,9,21.7,26.7,0,0,0.0,0,0.0,27,120.0,0,5,5,37.0,1,0.0
Chase Brown,RB,CIN,BAL,10,13.4,22.4,0,0,0.0,0,0.0,13,42.0,1,9,11,52.0,0,0.0
Chase Brown,RB,CIN,LAC,11,14.3,19.3,0,0,0.0,0,0.0,22,86.0,0,5,7,57.0,0,0.0
Chase Brown,RB,CIN,PIT,13,16.0,19.0,0,0,0.0,0,0.0,12,70.0,1,3,3,30.0,0,0.0
Chase Brown,RB,CIN,DAL,14,18.3,24.3,0,0,0.0,0,0.0,14,58.0,0,6,8,65.0,1,0.0
Chase Brown,RB,CIN,TEN,15,23.3,26.3,0,0,0.0,0,0.0,25,97.0,1,3,3,16.0,1,0.0
Chase Brown,RB,CIN,CLE,16,10.9,13.9,0,0,0.0,0,0.0,18,91.0,0,3,3,18.0,0,0.0
Chase Brown,RB,CIN,DEN,17,9.1,13.1,0,0,0.0,0,0.0,20,67.0,0,4,4,24.0,0,0.0
Chigoziem Okonkwo,TE,TEN,CHI,1,7.5,9.5,0,0,0.0,0,0.0,0,0.0,0,2,2,15.0,1,0.0
Chigoziem Okonkwo,TE,TEN,NYJ,2,1.6,4.6,0,0,0.0,0,0.0,0,0.0,0,3,3,16.0,0,0.0
Chigoziem Okonkwo,TE,TEN,GB,3,1.5,3.5,0,0,0.0,0,0.0,0,0.0,0,2,2,15.0,0,0.0
Chigoziem Okonkwo,TE,TEN,MIA,4,0.5,1.5,0,0,0.0,0,0.0,0,0.0,0,1,3,5.0,0,0.0
Chigoziem Okonkwo,TE,TEN,IND,6,0.6,3.6,0,0,0.0,0,0.0,0,0.0,0,3,3,6.0,0,0.0
Chigoziem Okonkwo,TE,TEN,BUF,7,5.0,9.0,0,0,0.0,0,0.0,0,0.0,0,4,4,50.0,0,0.0
Chigoziem Okonkwo,TE,TEN,DET,8,-0.6,1.4,0,0,0.0,0,0.0,0,0.0,0,2,5,14.0,0,0.0
Chigoziem Okonkwo,TE,TEN,NE,9,3.8,6.8,0,0,0.0,0,0.0,0,0.0,0,3,4,38.0,0,0.0
Chigoziem Okonkwo,TE,TEN,LAC,10,1.4,2.4,0,0,0.0,0,0.0,0,0.0,0,1,1,14.0,0,0.0
Chigoziem Okonkwo,TE,TEN,MIN,11,1.9,3.9,0,0,0.0,0,0.0,0,0.0,0,2,4,19.0,0,0.0
Chigoziem Okonkwo,TE,TEN,HOU,12,13.0,14.0,0,0,0.0,0,0.0,0,0.0,0,1,1,70.0,1,0.0
Chigoziem Okonkwo,TE,TEN,WAS,13,2.7,5.7,0,0,0.0,0,0.0,0,0.0,0,3,6,27.0,0,0.0
Chigoziem Okonkwo,TE,TEN,JAX,14,0.8,3.8,0,0,0.0,0,0.0,0,0.0,0,3,4,8.0,0,0.0
Chigoziem Okonkwo,TE,TEN,CIN,15,5.9,13.9,0,0,0.0,0,0.0,0,0.0,0,8,10,59.0,0,0.0
Chigoziem Okonkwo,TE,TEN,IND,16,10.1,19.1,0,0,0.0,0,0.0,0,0.0,0,9,11,81.0,0,0.0
Chigoziem Okonkwo,TE,TEN,JAX,17,5.9,10.9,0,0,0.0,0,0.0,1,17.0,0,5,7,42.0,0,0.0
Chris Blair,WR,ATL,NYG,16,1.7,2.7,0,0,0.0,0,0.0,0,0.0,0,1,1,17.0,0,0.0
Chris Blair,WR,ATL,WAS,17,0.0,0.0,0,0,0.0,0,0.0,0,0.0,0,0,1,0.0,0,0.0
Chris Collier,RB,LV,NO,17,0.6,0.6,0,0,0.0,0,0.0,3,6.0,0,0,0,0.0,0,0.0
Chris Collier,RB,LV,LAC,18,0.2,1.2,0,0,0.0,0,0.0,2,6.0,0,1,2,-4.0,0,0.0
Chris Conley,WR,SF,MIN,2,0.4,1.4,0,0,0.0,0,0.0,0,0.0,0,1,1,4.0,0,0.0
Chris Conley,WR,SF,NE,4,0.0,0.0,0,0,0.0,0,0.0,0,0.0,0,0,2,0.0,0,0.0
Chris Conley,WR,SF,KC,7,0.0,0.0,0,0,0.0,0,0.0,0,0.0,0,0,2,0.0,0,0.0
Chris Conley,WR,SF,DAL,8,0.0,0.0,0,0,0.0,0,0.0,0,0.0,0,0,1,0.0,0,0.0
Chris Conley,WR,SF,GB,12,0.0,0.0,0,0,0.0,0,0.0,0,0.0,0,0,1,0.0,0,0.0
Chris Conley,WR,SF,DET,17,1.3,2.3,0,0,0.0,0,0.0,0,0.0,0,1,1,13.0,0,0.0
Chris Conley,WR,SF,ARI,18,5.9,9.9,0,0,0.0,0,0.0,0,0.0,0,4,4,59.0,0,0.0
Chris Godwin,WR,TB,WAS,1,14.3,22.3,0,0,0.0,0,0.0,0,0.0,0,8,8,83.0,1,0.0
Chris Godwin,WR,TB,DET,2,17.7,24.7,0,0,0.0,0,0.0,0,0.0,0,7,8,117.0,1,0.0
Chris Godwin,WR,TB,DEN,3,11.3,17.3,0,0,0.0,0,0.0,0,0.0,0,6,9,53.0,1,0.0
Chris Godwin,WR,TB,PHI,4,6.9,12.9,0,0,0.0,0,0.0,0,0.0,0,6,9,69.0,0,0.0
Chris Godwin,WR,TB,ATL,5,6.6,11.6,0,0,0.0,0,0.0,1,2.0,0,5,6,64.0,0,0.0
Chris Godwin,WR,TB,NO,6,24.5,35.5,0,0,0.0,0,0.0,0,0.0,0,11,13,125.0,2,0.0
Chris Godwin,WR,TB,BAL,7,6.5,13.5,0,0,0.0,0,0.0,0,0.0,0,7,9,65.0,0,0.0
Chris Manhertz,TE,NYG,PIT,8,0.0,0.0,0,0,0.0,0,0.0,0,0.0,0,0,1,0.0,0,0.0
Chris Manhertz,TE,NYG,WAS,9,6.2,7.2,0,0,0.0,0,0.0,0,0.0,0,1,1,2.0,1,0.0
Chris Manhertz,TE,NYG,IND,17,1.2,2.2,0,0,0.0,0,0.0,0,0.0,0,1,1,12.0,0,0.0
Chris Manhertz,TE,NYG,PHI,18,1.6,2.6,0,0,0.0,0,0.0,0,0.0,0,1,1,16.0,0,0.0
Chris Oladokun,QB,KC,DEN,18,0.5,0.5,0,0,0.0,0,0.0,1,5.0,0,0,0,0.0,0,1.0
Chris Olave,WR,NO,CAR,1,1.1,3.1,0,0,0.0,0,0.0,0,0.0,0,2,2,11.0,0,0.0
Chris Olave,WR,NO,DAL,2,8.8,12.8,0,0,0.0,0,0.0,1,7.0,0,4,6,81.0,0,0.0
Chris Olave,WR,NO,PHI,3,14.6,20.6,0,0,0.0,0,0.0,0,0.0,0,6,6,86.0,1,0.0
Chris Olave,WR,NO,ATL,4,8.7,16.7,0,0,0.0,0,0.0,0,0.0,0,8,10,87.0,0,0.0
Chris Olave,WR,NO,KC,5,1.0,3.0,0,0,0.0,0,0.0,0,0.0,0,2,4,10.0,0,0.0
Chris Olave,WR,NO,TB,6,-1.5,-0.5,0,0,0.0,0,0.0,0,0.0,0,1,1,5.0,0,0.0
Chris Olave,WR,NO,LAC,8,10.7,18.7,0,0,0.0,0,0.0,0,0.0,0,8,14,107.0,0,0.0
Chris Olave,WR,NO,CAR,9,1.3,2.3,0,0,0.0,0,0.0,0,0.0,0,1,1,13.0,0,0.0
Chris Rodriguez,RB,WAS,NYG,9,5.2,5.2,0,0,0.0,0,0.0,11,52.0,0,0,0,0.0,0,0.0
Chris Rodriguez,RB,WAS,PIT,10,0.4,0.4,0,0,0.0,0,0.0,2,4.0,0,0,0,0.0,0,0.0
Chris Rodriguez,RB,WAS,TEN,13,15.4,15.4,0,0,0.0,0,0.0,13,94.0,1,0,0,0.0,0,0.0
Chris Rodriguez,RB,WAS,NO,15,0.2,0.2,0,0,0.0,0,0.0,1,2.0,0,0,0,0.0,0,0.0
Chris Rodriguez,RB,WAS,PHI,16,0.5,0.5,0,0,0.0,0,0.0,3,5.0,0,0,0,0.0,0,0.0
Chris Rodriguez,RB,WAS,ATL,17,8.8,9.8,0,0,0.0,0,0.0,5,16.0,1,1,1,12.0,0,0.0
Christian Kirk,WR,JAX,MIA,1,3.0,4.0,0,0,0.0,0,0.0,0,0.0,0,1,4,30.0,0,0.0
Christian Kirk,WR,JAX,CLE,2,-0.1,0.9,0,0,0.0,0,0.0,0,0.0,0,1,3,-1.0,0,0.0
Christian Kirk,WR,JAX,BUF,3,7.9,15.9,0,0,0.0,0,0.0,0,0.0,0,8,10,79.0,0,0.0
Christian Kirk,WR,JAX,HOU,4,12.1,19.1,0,0,0.0,0,0.0,0,0.0,0,7,12,61.0,1,0.0
Christian Kirk,WR,JAX,IND,5,8.8,12.8,0,0,0.0,0,0.0,0,0.0,0,4,4,88.0,0,0.0
Christian Kirk,WR,JAX,CHI,6,3.9,6.9,0,0,0.0,0,0.0,0,0.0,0,3,6,39.0,0,0.0
Christian Kirk,WR,JAX,NE,7,2.4,3.4,0,0,0.0,0,0.0,0,0.0,0,1,3,24.0,0,0.0
Christian Kirk,WR,JAX,GB,8,5.9,7.9,0,0,0.0,0,0.0,0,0.0,0,2,5,59.0,0,0.0
Christian McCaffrey,RB,SF,TB,10,10.7,16.7,0,0,0.0,0,0.0,13,39.0,0,6,7,68.0,0,0.0
Christian McCaffrey,RB,SF,SEA,11,10.6,14.6,0,0,0.0,0,0.0,19,79.0,0,4,5,27.0,0,0.0
Christian McCaffrey,RB,SF,GB,12,4.8,7.8,0,0,0.0,0,0.0,11,31.0,0,3,4,37.0,0,0.0
Christian McCaffrey,RB,SF,BUF,13,6.7,8.7,0,0,0.0,0,0.0,7,53.0,0,2,3,14.0,0,0.0
Christian Watson,WR,GB,PHI,1,7.3,10.3,0,0,0.0,0,0.0,0,0.0,0,3,5,13.0,1,0.0
Christian Watson,WR,GB,TEN,3,6.7,8.7,0,0,0.0,0,0.0,0,0.0,0,2,2,67.0,0,0.0
Christian Watson,WR,GB,MIN,4,0.0,0.0,0,0,0.0,0,0.0,0,0.0,0,0,1,0.0,0,0.0
Christian Watson,WR,GB,ARI,6,12.8,15.8,0,0,0.0,0,0.0,0,0.0,0,3,4,68.0,1,0.0
Christian Watson,WR,GB,HOU,7,0.5,1.5,0,0,0.0,0,0.0,1,-4.0,0,1,2,9.0,0,0.0
Christian Watson,WR,GB,JAX,8,3.9,7.9,0,0,0.0,0,0.0,0,0.0,0,4,6,39.0,0,0.0
Christian Watson,WR,GB,DET,9,5.7,8.7,0,0,0.0,0,0.0,0,0.0,0,3,7,37.0,0,0.0
Christian Watson,WR,GB,CHI,11,15.0,19.0,0,0,0.0,0,0.0,0,0.0,0,4,4,150.0,0,0.0
Christian Watson,WR,GB,SF,12,0.4,0.4,0,0,0.0,0,0.0,1,4.0,0,0,3,0.0,0,0.0
Christian Watson,WR,GB,MIA,13,6.7,8.7,0,0,0.0,0,0.0,0,0.0,0,2,4,67.0,0,0.0
Christian Watson,WR,GB,DET,14,9.4,13.4,0,0,0.0,0,0.0,0,0.0,0,4,7,114.0,0,0.0
Christian Watson,WR,GB,SEA,15,5.6,8.6,0,0,0.0,0,0.0,0,0.0,0,3,6,56.0,0,0.0
Christian Watson,WR,GB,NO,16,2.3,2.3,0,0,0.0,0,0.0,2,23.0,0,0,1,0.0,0,0.0
Christian Watson,WR,GB,CHI,18,0.0,0.0,0,0,0.0,0,0.0,0,0.0,0,0,1,0.0,0,0.0
Christopher Brooks,RB,GB,TEN,3,0.3,0.3,0,0,0.0,0,0.0,3,3.0,0,0,0,0.0,0,0.0
Christopher Brooks,RB,GB,ARI,6,2.1,2.1,0,0,0.0,0,0.0,4,21.0,0,0,0,0.0,0,0.0
Christopher Brooks,RB,GB,JAX,8,1.7,2.7,0,0,0.0,0,0.0,4,16.0,0,1,1,1.0,0,0.0
Christopher Brooks,RB,GB,DET,9,4.1,7.1,0,0,0.0,0,0.0,2,13.0,0,3,4,28.0,0,0.0
Christopher Brooks,RB,GB,CHI,11,1.3,3.3,0,0,0.0,0,0.0,0,0.0,0,2,2,13.0,0,0.0
Christopher Brooks,RB,GB,SF,12,2.6,3.6,0,0,0.0,0,0.0,4,11.0,0,1,1,15.0,0,0.0
Christopher Brooks,RB,GB,MIA,13,2.9,4.9,0,0,0.0,0,0.0,3,28.0,0,2,2,1.0,0,0.0
Christopher Brooks,RB,GB,DET,14,0.3,0.3,0,0,0.0,0,0.0,1,3.0,0,0,0,0.0,0,0.0
Christopher Brooks,RB,GB,SEA,15,1.5,2.5,0,0,0.0,0,0.0,1,6.0,0,1,1,9.0,0,0.0
Christopher Brooks,RB,GB,NO,16,8.5,9.5,0,0,0.0,0,0.0,6,23.0,1,1,1,2.0,0,0.0
Christopher Brooks,RB,GB,CHI,18,5.9,5.9,0,0,0.0,0,0.0,8,59.0,0,0,1,0.0,0,0.0
Chuba Hubbard,RB,CAR,NO,1,1.4,1.4,0,0,0.0,0,0.0,6,14.0,0,0,0,0.0,0,0.0
Chuba Hubbard,RB,CAR,LAC,2,7.6,11.6,0,0,0.0,0,0.0,10,64.0,0,4,5,12.0,0,0.0
Chuba Hubbard,RB,CAR,LV,3,22.9,27.9,0,0,0.0,0,0.0,21,114.0,0,5,5,55.0,1,0.0
Chuba Hubbard,RB,CAR,CIN,4,18.1,22.1,0,0,0.0,0,0.0,18,104.0,1,4,4,17.0,0,0.0
Chuba Hubbard,RB,CAR,CHI,5,13.5,17.5,0,0,0.0,0,0.0,13,97.0,1,4,4,-2.0,0,0.0
Chuba Hubbard,RB,CAR,ATL,6,10.3,15.3,0,0,0.0,0,0.0,18,92.0,0,5,6,11.0,0,0.0
Chuba Hubbard,RB,CAR,WAS,7,11.2,11.2,0,0,0.0,0,0.0,17,52.0,1,0,0,0.0,0,0.0
Chuba Hubbard,RB,CAR,DEN,8,7.1,9.1,0,0,0.0,0,0.0,15,56.0,0,2,2,15.0,0,0.0
Chuba Hubbard,RB,CAR,NO,9,19.2,21.2,0,0,0.0,0,0.0,15,72.0,2,2,3,0.0,0,0.0
Chuba Hubbard,RB,CAR,NYG,10,20.9,24.9,0,0,0.0,0,0.0,28,153.0,1,4,6,16.0,0,0.0
Chuba Hubbard,RB,CAR,KC,12,14.0,15.0,0,0,0.0,0,0.0,16,58.0,1,1,5,2.0,0,0.0
Chuba Hubbard,RB,CAR,TB,13,2.3,2.3,0,0,0.0,0,0.0,12,43.0,0,0,0,0.0,0,0.0
Chuba Hubbard,RB,CAR,PHI,14,16.7,20.7,0,0,0.0,0,0.0,26,92.0,1,4,5,15.0,0,0.0
Chuba Hubbard,RB,CAR,DAL,15,4.9,8.9,0,0,0.0,0,0.0,10,32.0,0,4,4,17.0,0,0.0
Chuba Hubbard,RB,CAR,ARI,16,28.5,32.5,0,0,0.0,0,0.0,25,152.0,2,4,5,13.0,0,0.0
Clayton Tune,QB,ARI,LA,2,-2.6,-2.6,0,0,0.0,0,0.0,1,-6.0,0,0,0,0.0,0,0.0
Clayton Tune,QB,ARI,LAC,7,0.2,0.2,0,0,0.0,0,0.0,3,2.0,0,0,0,0.0,0,0.0
Clayton Tune,QB,ARI,NYJ,10,-0.1,-0.1,0,0,0.0,0,0.0,1,-1.0,0,0,0,0.0,0,0.0
Clayton Tune,QB,ARI,NE,15,0.22,0.22,2,2,8.0,0,0.0,1,-1.0,0,0,0,0.0,0,0.0
Clayton Tune,QB,ARI,SF,18,0.2,0.2,0,0,0.0,0,0.0,1,2.0,0,0,0,0.0,0,0.0
Clyde Edwards-Helaire,RB,NO,LV,17,3.0,5.0,0,0,0.0,0,0.0,5,20.0,0,2,4,10.0,0,0.0
Clyde Edwards-Helaire,RB,NO,TB,18,4.0,5.0,0,0,0.0,0,0.0,8,26.0,0,1,1,14.0,0,0.0
Cody Schrader,RB,LA,SEA,18,0.9,1.9,0,0,0.0,0,0.0,1,3.0,0,1,1,6.0,0,0.0
Cody White,WR,SEA,LA,9,4.4,6.4,0,0,0.0,0,0.0,0,0.0,0,2,3,44.0,0,0.0
Colby Parkinson,TE,LA,DET,1,4.7,8.7,0,0,0.0,0,0.0,0,0.0,0,4,5,47.0,0,0.0
Colby Parkinson,TE,LA,ARI,2,1.2,2.2,0,0,0.0,0,0.0,0,0.0,0,1,2,12.0,0,0.0
Colby Parkinson,TE,LA,SF,3,2.1,5.1,0,0,0.0,0,0.0,0,0.0,0,3,5,21.0,0,0.0
Colby Parkinson,TE,LA,CHI,4,3.3,7.3,0,0,0.0,0,0.0,0,0.0,0,4,7,33.0,0,0.0
Colby Parkinson,TE,LA,GB,5,5.2,12.2,0,0,0.0,0,0.0,0,0.0,0,7,13,52.0,0,0.0
Colby Parkinson,TE,LA,LV,7,3.2,5.2,0,0,0.0,0,0.0,0,0.0,0,2,2,32.0,0,0.0
Colby Parkinson,TE,LA,MIN,8,1.7,3.7,0,0,0.0,0,0.0,0,0.0,0,2,2,17.0,0,0.0
Colby Parkinson,TE,LA,NE,11,7.9,8.9,0,0,0.0,0,0.0,0,0.0,0,1,1,19.0,1,0.0
Colby Parkinson,TE,LA,PHI,12,1.0,2.0,0,0,0.0,0,0.0,0,0.0,0,1,2,10.0,0,0.0
Colby Parkinson,TE,LA,NO,13,1.3,2.3,0,0,0.0,0,0.0,0,0.0,0,1,1,13.0,0,0.0
Colby Parkinson,TE,LA,BUF,14,1.1,2.1,0,0,0.0,0,0.0,0,0.0,0,1,1,11.0,0,0.0
Colby Parkinson,TE,LA,SF,15,2.1,4.1,0,0,0.0,0,0.0,0,0.0,0,2,5,21.0,0,0.0
Colby Parkinson,TE,LA,NYJ,16,0.0,0.0,0,0,0.0,0,0.0,0,0.0,0,0,1,0.0,0,0.0
Colby Parkinson,TE,LA,ARI,17,0.0,0.0,0,0,0.0,0,0.0,0,0.0,0,0,1,0.0,0,0.0
Colby Parkinson,TE,LA,SEA,18,0.6,1.6,0,0,0.0,0,0.0,0,0.0,0,1,1,6.0,0,0.0
Cole Kmet,TE,CHI,TEN,1,0.4,1.4,0,0,0.0,0,0.0,0,0.0,0,1,1,4.0,0,0.0
Cole Kmet,TE,CHI,HOU,2,2.7,6.7,0,0,0.0,0,0.0,0,0.0,0,4,5,27.0,0,0.0
Cole Kmet,TE,CHI,IND,3,15.7,25.7,0,0,0.0,0,0.0,0,0.0,0,10,11,97.0,1,0.0
Cole Kmet,TE,CHI,LA,4,3.4,6.4,0,0,0.0,0,0.0,0,0.0,0,3,3,34.0,0,0.0
Cole Kmet,TE,CHI,CAR,5,5.7,8.7,0,0,0.0,0,0.0,0,0.0,0,3,4,57.0,0,0.0
Cole Kmet,TE,CHI,JAX,6,19.0,24.0,0,0,0.0,0,0.0,0,0.0,0,5,5,70.0,2,0.0
Cole Kmet,TE,CHI,WAS,8,3.4,4.4,0,0,0.0,0,0.0,0,0.0,0,1,1,14.0,0,0.0
Cole Kmet,TE,CHI,NE,10,1.3,3.3,0,0,0.0,0,0.0,0,0.0,0,2,4,13.0,0,0.0
Cole Kmet,TE,CHI,GB,11,4.2,7.2,0,0,0.0,0,0.0,0,0.0,0,3,3,42.0,0,0.0
Cole Kmet,TE,CHI,MIN,12,6.4,13.4,0,0,0.0,0,0.0,0,0.0,0,7,10,64.0,0,0.0
Cole Kmet,TE,CHI,DET,13,2.6,5.6,0,0,0.0,0,0.0,0,0.0,0,3,3,26.0,0,0.0
Cole Kmet,TE,CHI,MIN,15,1.4,2.4,0,0,0.0,0,0.0,0,0.0,0,1,1,14.0,0,0.0
Cole Kmet,TE,CHI,DET,16,6.9,8.9,0,0,0.0,0,0.0,0,0.0,0,2,2,9.0,1,0.0
Cole Kmet,TE,CHI,GB,18,0.3,2.3,0,0,0.0,0,0.0,0,0.0,0,2,2,3.0,0,0.0
Collin Johnson,WR,CHI,SF,14,0.6,1.6,0,0,0.0,0,0.0,0,0.0,0,1,1,6.0,0,0.0
Collin Johnson,WR,CHI,DET,16,0.0,0.0,0,0,0.0,0,0.0,0,0.0,0,0,1,0.0,0,0.0
Connor Heyward,TE,PIT,LAC,3,0.2,1.2,0,0,0.0,0,0.0,0,0.0,0,1,1,2.0,0,0.0
Connor Heyward,TE,PIT,DAL,5,8.3,10.3,0,0,0.0,0,0.0,0,0.0,0,2,4,23.0,1,0.0
Connor Heyward,TE,PIT,LV,6,0.4,1.4,0,0,0.0,0,0.0,0,0.0,0,1,1,4.0,0,0.0
Connor Heyward,TE,PIT,BAL,16,0.3,1.3,0,0,0.0,0,0.0,0,0.0,0,1,1,3.0,0,0.0
Connor Heyward,TE,PIT,KC,17,0.8,1.8,0,0,0.0,0,0.0,0,0.0,0,1,1,8.0,0,0.0
Cooper Kupp,WR,LA,DET,1,18.0,32.0,0,0,0.0,0,0.0,2,10.0,0,14,21,110.0,1,0.0
Cooper Kupp,WR,LA,ARI,2,3.7,7.7,0,0,0.0,0,0.0,0,0.0,0,4,6,37.0,0,0.0
Cooper Kupp,WR,LA,MIN,8,11.1,16.1,0,0,0.0,0,0.0,0,0.0,0,5,8,51.0,1,0.0
Cooper Kupp,WR,LA,SEA,9,10.4,21.4,0,0,0.0,0,0.0,0,0.0,0,11,14,104.0,0,0.0
Cooper Kupp,WR,LA,MIA,10,8.0,15.0,0,0,0.0,0,0.0,0,0.0,0,7,7,80.0,0,0.0
Cooper Kupp,WR,LA,NE,11,22.6,28.6,0,0,0.0,0,0.0,0,0.0,0,6,10,106.0,2,0.0
Cooper Kupp,WR,LA,PHI,12,12.0,20.0,0,0,0.0,0,0.0,0,0.0,0,8,11,60.0,1,0.0
Cooper Kupp,WR,LA,NO,13,1.7,4.7,0,0,0.0,0,0.0,0,0.0,0,3,6,17.0,0,0.0
Cooper Kupp,WR,LA,BUF,14,15.2,20.2,0,0,0.0,0,0.0,0,0.0,0,5,8,92.0,1,0.0
Cooper Kupp,WR,LA,SF,15,0.0,0.0,0,0,0.0,0,0.0,0,0.0,0,0,3,0.0,0,0.0
Cooper Kupp,WR,LA,NYJ,16,2.4,5.4,0,0,0.0,0,0.0,0,0.0,0,3,3,24.0,0,0.0
Cooper Kupp,WR,LA,ARI,17,2.9,3.9,0,0,0.0,0,0.0,0,0.0,0,1,3,29.0,0,0.0
Cooper Rush,QB,DAL,CLE,1,-0.1,-0.1,0,0,0.0,0,0.0,1,-1.0,0,0,0,0.0,0,0.0
Cooper Rush,QB,DAL,NO,2,0.24,0.24,1,3,6.0,0,0.0,0,0.0,0,0,0,0.0,0,0.0
Cooper Rush,QB,DAL,DET,6,0.04,0.04,8,11,46.0,0,1.0,1,2.0,0,0,0,0.0,0,0.0
Cooper Rush,QB,DAL,ATL,9,11.0,11.0,13,25,115.0,1,0.0,1,4.0,0,0,0,0.0,0,0.0
Cooper Rush,QB,DAL,PHI,10,-2.0,-2.0,13,23,45.0,0,0.0,2,2.0,0,0,0,0.0,0,1.0
Cooper Rush,QB,DAL,HOU,11,16.36,16.36,32,55,354.0,1,1.0,2,2.0,0,0,0,0.0,0,5.0
Cooper Rush,QB,DAL,WAS,12,17.98,17.98,24,32,247.0,2,0.0,4,1.0,0,0,0,0.0,0,1.0
Cooper Rush,QB,DAL,NYG,13,11.8,11.8,21,36,195.0,1,0.0,5,0.0,0,0,0,0.0,0,0.0
Cooper Rush,QB,DAL,CIN,14,13.82,13.82,16,31,183.0,2,1.0,2,5.0,0,0,0,0.0,0,3.0
Cooper Rush,QB,DAL,CAR,15,19.06,19.06,18,29,214.0,3,0.0,4,5.0,0,0,0,0.0,0,1.0
Cooper Rush,QB,DAL,TB,16,15.28,15.28,26,35,292.0,1,0.0,3,-4.0,0,0,0,0.0,0,1.0
Cooper Rush,QB,DAL,PHI,17,6.08,6.08,15,28,147.0,1,2.0,1,2.0,0,0,0,0.0,0,1.0
Cordarrelle Patterson,RB,PIT,ATL,1,1.3,1.3,0,0,0.0,0,0.0,4,13.0,0,0,0,0.0,0,0.0
Cordarrelle Patterson,RB,PIT,DEN,2,0.3,0.3,0,0,0.0,0,0.0,2,3.0,0,0,0,0.0,0,0.0
Cordarrelle Patterson,RB,PIT,LAC,3,4.8,7.8,0,0,0.0,0,0.0,4,33.0,0,3,5,15.0,0,0.0
Cordarrelle Patterson,RB,PIT,IND,4,6.2,8.2,0,0,0.0,0,0.0,6,43.0,0,2,2,19.0,0,0.0
Cordarrelle Patterson,RB,PIT,WAS,10,1.4,1.4,0,0,0.0,0,0.0,3,14.0,0,0,0,0.0,0,0.0
Cordarrelle Patterson,RB,PIT,BAL,11,0.0,1.0,0,0,0.0,0,0.0,1,0.0,0,1,1,0.0,0,0.0
Cordarrelle Patterson,RB,PIT,CLE,12,-0.2,-0.2,0,0,0.0,0,0.0,1,-2.0,0,0,0,0.0,0,0.0
Cordarrelle Patterson,RB,PIT,CIN,13,5.3,8.3,0,0,0.0,0,0.0,3,16.0,0,3,3,37.0,0,0.0
Cordarrelle Patterson,RB,PIT,CLE,14,-1.9,-0.9,0,0,0.0,0,0.0,4,3.0,0,1,1,-2.0,0,0.0
Cordarrelle Patterson,RB,PIT,PHI,15,0.8,1.8,0,0,0.0,0,0.0,2,9.0,0,1,1,-1.0,0,0.0
Cordarrelle Patterson,RB,PIT,BAL,16,7.2,8.2,0,0,0.0,0,0.0,0,0.0,0,1,1,12.0,1,0.0
Cordarrelle Patterson,RB,PIT,KC,17,0.2,0.2,0,0,0.0,0,0.0,1,2.0,0,0,0,0.0,0,0.0
Cordarrelle Patterson,RB,PIT,CIN,18,0.1,0.1,0,0,0.0,0,0.0,1,1.0,0,0,0,0.0,0,0.0
Courtland Sutton,WR,DEN,SEA,1,3.8,7.8,0,0,0.0,0,0.0,0,0.0,0,4,12,38.0,0,0.0
Courtland Sutton,WR,DEN,PIT,2,2.6,3.6,0,0,0.0,0,0.0,0,0.0,0,1,4,26.0,0,0.0
Courtland Sutton,WR,DEN,TB,3,6.8,13.8,0,0,0.0,0,0.0,0,0.0,0,7,11,68.0,0,0.0
Courtland Sutton,WR,DEN,NYJ,4,12.0,15.0,0,0,0.0,0,0.0,0,0.0,0,3,9,60.0,1,0.0
Courtland Sutton,WR,DEN,LV,5,3.2,5.2,0,0,0.0,0,0.0,0,0.0,0,2,5,32.0,0,0.0
Courtland Sutton,WR,DEN,LAC,6,11.3,15.3,0,0,0.0,0,0.0,0,0.0,0,4,6,53.0,1,0.0
Courtland Sutton,WR,DEN,CAR,8,9.12,17.12,1,1,28.0,0,0.0,0,0.0,0,8,11,100.0,0,0.0
Courtland Sutton,WR,DEN,BAL,9,16.28,23.28,1,1,2.0,1,0.0,0,0.0,0,7,10,122.0,0,0.0
Courtland Sutton,WR,DEN,KC,10,13.0,19.0,0,0,0.0,0,0.0,0,0.0,0,6,9,70.0,1,0.0
Courtland Sutton,WR,DEN,ATL,11,7.8,14.8,0,0,0.0,0,0.0,0,0.0,0,7,8,78.0,0,0.0
Courtland Sutton,WR,DEN,LV,12,21.7,29.7,0,0,0.0,0,0.0,0,0.0,0,8,10,97.0,2,0.0
Courtland Sutton,WR,DEN,CLE,13,10.2,16.2,0,0,0.0,0,0.0,0,0.0,0,6,9,102.0,0,0.0
Courtland Sutton,WR,DEN,IND,15,9.2,12.2,0,0,0.0,0,0.0,0,0.0,0,3,9,32.0,1,0.0
Courtland Sutton,WR,DEN,LAC,16,5.0,10.0,0,0,0.0,0,0.0,0,0.0,0,5,6,50.0,0,0.0
Courtland Sutton,WR,DEN,CIN,17,11.5,16.5,0,0,0.0,0,0.0,0,0.0,0,5,9,55.0,1,0.0
Courtland Sutton,WR,DEN,KC,18,15.8,20.8,0,0,0.0,0,0.0,0,0.0,0,5,7,98.0,1,0.0
Craig Reynolds,RB,DET,DAL,6,2.1,2.1,0,0,0.0,0,0.0,6,21.0,0,0,0,0.0,0,0.0
Craig Reynolds,RB,DET,TEN,8,0.3,0.3,0,0,0.0,0,0.0,3,3.0,0,0,0,0.0,0,0.0
Craig Reynolds,RB,DET,JAX,11,2.1,2.1,0,0,0.0,0,0.0,2,21.0,0,0,0,0.0,0,0.0
Craig Reynolds,RB,DET,IND,12,0.6,0.6,0,0,0.0,0,0.0,1,6.0,0,0,0,0.0,0,0.0
Craig Reynolds,RB,DET,CHI,16,2.3,3.3,0,0,0.0,0,0.0,4,18.0,0,1,1,5.0,0,0.0
Craig Reynolds,RB,DET,SF,17,6.6,8.6,0,0,0.0,0,0.0,7,31.0,0,2,2,35.0,0,0.0
Craig Reynolds,RB,DET,MIN,18,3.9,3.9,0,0,0.0,0,0.0,8,39.0,0,0,2,0.0,0,0.0
Curtis Samuel,WR,BUF,ARI,1,1.5,3.5,0,0,0.0,0,0.0,0,0.0,0,2,2,15.0,0,0.0
Curtis Samuel,WR,BUF,MIA,2,0.3,1.3,0,0,0.0,0,0.0,0,0.0,0,1,2,3.0,0,0.0
Curtis Samuel,WR,BUF,JAX,3,2.2,5.2,0,0,0.0,0,0.0,1,0.0,0,3,3,22.0,0,0.0
Curtis Samuel,WR,BUF,BAL,4,1.5,3.5,0,0,0.0,0,0.0,1,7.0,0,2,2,8.0,0,0.0
Curtis Samuel,WR,BUF,HOU,5,-0.1,0.9,0,0,0.0,0,0.0,1,-1.0,0,1,4,0.0,0,0.0
Curtis Samuel,WR,BUF,NYJ,6,4.4,7.4,0,0,0.0,0,0.0,0,0.0,0,3,4,44.0,0,0.0
Curtis Samuel,WR,BUF,TEN,7,0.0,0.0,0,0,0.0,0,0.0,0,0.0,0,0,1,0.0,0,0.0
Curtis Samuel,WR,BUF,MIA,9,0.0,0.0,0,0,0.0,0,0.0,0,0.0,0,0,1,0.0,0,0.0
Curtis Samuel,WR,BUF,IND,10,3.5,7.5,0,0,0.0,0,0.0,0,0.0,0,4,8,35.0,0,0.0
Curtis Samuel,WR,BUF,KC,11,11.8,16.8,0,0,0.0,0,0.0,0,0.0,0,5,6,58.0,1,0.0
Curtis Samuel,WR,BUF,SF,13,0.7,0.7,0,0,0.0,0,0.0,1,7.0,0,0,0,0.0,0,0.0
Curtis Samuel,WR,BUF,LA,14,1.6,3.6,0,0,0.0,0,0.0,1,1.0,0,2,3,15.0,0,0.0
Curtis Samuel,WR,BUF,DET,15,0.1,1.1,0,0,0.0,0,0.0,0,0.0,0,1,2,1.0,0,0.0
Curtis Samuel,WR,BUF,NE,18,5.2,12.2,0,0,0.0,0,0.0,0,0.0,0,7,8,52.0,0,0.0
D'Andre Swift,RB,CHI,TEN,1,5.0,5.0,0,0,0.0,0,0.0,10,30.0,0,0,1,0.0,0,0.0
D'Andre Swift,RB,CHI,HOU,2,4.2,8.2,0,0,0.0,0,0.0,14,18.0,0,4,5,24.0,0,0.0
D'Andre Swift,RB,CHI,IND,3,4.2,6.2,0,0,0.0,0,0.0,13,20.0,0,2,4,22.0,0,0.0
D'Andre Swift,RB,CHI,LA,4,22.5,29.5,0,0,0.0,0,0.0,16,93.0,1,7,7,72.0,0,0.0
D'Andre Swift,RB,CHI,CAR,5,18.0,20.0,0,0,0.0,0,0.0,21,73.0,1,2,2,47.0,0,0.0
D'Andre Swift,RB,CHI,JAX,6,17.9,21.9,0,0,0.0,0,0.0,17,91.0,1,4,4,28.0,0,0.0
D'Andre Swift,RB,CHI,WAS,8,18.9,18.9,0,0,0.0,0,0.0,18,129.0,1,0,0,0.0,0,0.0
D'Andre Swift,RB,CHI,ARI,9,8.2,14.2,0,0,0.0,0,0.0,16,51.0,0,6,6,31.0,0,0.0
D'Andre Swift,RB,CHI,NE,10,6.5,7.5,0,0,0.0,0,0.0,16,59.0,0,1,1,6.0,0,0.0
D'Andre Swift,RB,CHI,GB,11,14.4,16.4,0,0,0.0,0,0.0,14,71.0,1,2,2,13.0,0,0.0
D'Andre Swift,RB,CHI,MIN,12,6.5,9.5,0,0,0.0,0,0.0,13,30.0,0,3,4,35.0,0,0.0
D'Andre Swift,RB,CHI,DET,13,7.4,9.4,0,0,0.0,0,0.0,11,39.0,0,2,3,35.0,0,0.0
D'Andre Swift,RB,CHI,SF,14,4.0,5.0,0,0,0.0,0,0.0,14,38.0,0,1,2,2.0,0,0.0
D'Andre Swift,RB,CHI,MIN,15,8.9,9.9,0,0,0.0,0,0.0,19,79.0,0,1,1,10.0,0,0.0
D'Andre Swift,RB,CHI,DET,16,5.3,8.3,0,0,0.0,0,0.0,9,20.0,0,3,3,33.0,0,0.0
D'Andre Swift,RB,CHI,SEA,17,8.1,12.1,0,0,0.0,0,0.0,12,53.0,0,4,5,28.0,0,0.0
D'Andre Swift,RB,CHI,GB,18,12.5,12.5,0,0,0.0,0,0.0,20,65.0,1,0,2,0.0,0,0.0
D'Ernest Johnson,RB,JAX,CLE,2,2.6,2.6,0,0,0.0,0,0.0,5,26.0,0,0,0,0.0,0,0.0
D'Ernest Johnson,RB,JAX,BUF,3,1.2,1.2,0,0,0.0,0,0.0,2,12.0,0,0,1,0.0,0,0.0
D'Ernest Johnson,RB,JAX,HOU,4,0.0,0.0,0,0,0.0,0,0.0,2,0.0,0,0,0,0.0,0,0.0
D'Ernest Johnson,RB,JAX,IND,5,1.0,3.0,0,0,0.0,0,0.0,1,1.0,0,2,3,9.0,0,0.0
D'Ernest Johnson,RB,JAX,CHI,6,4.4,6.4,0,0,0.0,0,0.0,6,28.0,0,2,2,16.0,0,0.0
D'Ernest Johnson,RB,JAX,NE,7,7.0,10.0,0,0,0.0,0,0.0,9,38.0,0,3,4,32.0,0,0.0
D'Ernest Johnson,RB,JAX,GB,8,2.3,3.3,0,0,0.0,0,0.0,1,3.0,0,1,2,20.0,0,0.0
D'Ernest Johnson,RB,JAX,PHI,9,0.6,0.6,0,0,0.0,0,0.0,2,6.0,0,0,1,0.0,0,0.0
D'Ernest Johnson,RB,JAX,DET,11,0.3,0.3,0,0,0.0,0,0.0,2,3.0,0,0,0,0.0,0,0.0
D'Ernest Johnson,RB,JAX,LV,16,0.8,1.8,0,0,0.0,0,0.0,0,0.0,0,1,2,8.0,0,0.0
D'Ernest Johnson,RB,JAX,TEN,17,1.1,3.1,0,0,0.0,0,0.0,0,0.0,0,2,2,11.0,0,0.0
D'Ernest Johnson,RB,JAX,IND,18,2.6,3.6,0,0,0.0,0,0.0,2,26.0,0,1,2,0.0,0,0.0
D'Onta Foreman,RB,CLE,JAX,2,5.1,6.1,0,0,0.0,0,0.0,14,42.0,0,1,1,9.0,0,0.0
D'Onta Foreman,RB,CLE,NYG,3,0.5,0.5,0,0,0.0,0,0.0,2,5.0,0,0,0,0.0,0,0.0
D'Onta Foreman,RB,CLE,LV,4,0.7,1.7,0,0,0.0,0,0.0,4,2.0,0,1,1,5.0,0,0.0
D'Onta Foreman,RB,CLE,WAS,5,6.0,7.0,0,0,0.0,0,0.0,9,44.0,0,1,1,16.0,0,0.0
D'Onta Foreman,RB,CLE,PHI,6,4.7,6.7,0,0,0.0,0,0.0,10,31.0,0,2,2,16.0,0,0.0
D'Onta Foreman,RB,CLE,CIN,7,0.5,0.5,0,0,0.0,0,0.0,2,5.0,0,0,0,0.0,0,0.0
D'Onta Foreman,RB,CLE,BAL,8,2.6,2.6,0,0,0.0,0,0.0,5,26.0,0,0,0,0.0,0,0.0
D'Onta Foreman,RB,CLE,CIN,16,-1.9,-1.9,0,0,0.0,0,0.0,2,1.0,0,0,0,0.0,0,0.0
D'Onta Foreman,RB,CLE,MIA,17,4.9,4.9,0,0,0.0,0,0.0,13,49.0,0,0,2,0.0,0,0.0
D'Onta Foreman,RB,CLE,BAL,18,3.5,4.5,0,0,0.0,0,0.0,10,27.0,0,1,1,8.0,0,0.0
D'Wayne Eskridge,WR,MIA,SEA,3,3.0,4.0,0,0,0.0,0,0.0,0,0.0,0,1,1,30.0,0,0.0
D'Wayne Eskridge,WR,MIA,ARI,8,0.6,1.6,0,0,0.0,0,0.0,0,0.0,0,1,1,6.0,0,0.0
D'Wayne Eskridge,WR,MIA,CLE,17,0.8,1.8,0,0,0.0,0,0.0,0,0.0,0,1,1,8.0,0,0.0
D.J. Chark,WR,LAC,KC,14,0.9,1.9,0,0,0.0,0,0.0,0,0.0,0,1,1,9.0,0,0.0
D.J. Chark,WR,LAC,TB,15,1.6,3.6,0,0,0.0,0,0.0,0,0.0,0,2,2,16.0,0,0.0
D.J. Chark,WR,LAC,NE,17,0.0,0.0,0,0,0.0,0,0.0,0,0.0,0,0,4,0.0,0,0.0
D.J. Chark,WR,LAC,LV,18,6.6,7.6,0,0,0.0,0,0.0,0,0.0,0,1,3,6.0,1,0.0
D.J. Moore,WR,CHI,TEN,1,5.0,10.0,0,0,0.0,0,0.0,1,14.0,0,5,8,36.0,0,0.0
D.J. Moore,WR,CHI,HOU,2,5.3,11.3,0,0,0.0,0,0.0,0,0.0,0,6,10,53.0,0,0.0
D.J. Moore,WR,CHI,IND,3,7.2,15.2,0,0,0.0,0,0.0,1,-6.0,0,8,10,78.0,0,0.0
D.J. Moore,WR,CHI,LA,4,8.2,11.2,0,0,0.0,0,0.0,0,0.0,0,3,6,22.0,1,0.0
D.J. Moore,WR,CHI,CAR,5,22.5,27.5,0,0,0.0,0,0.0,0,0.0,0,5,8,105.0,2,0.0
D.J. Moore,WR,CHI,JAX,6,2.0,6.0,0,0,0.0,0,0.0,0,0.0,0,4,5,20.0,0,0.0
D.J. Moore,WR,CHI,WAS,8,3.4,5.4,0,0,0.0,0,0.0,2,7.0,0,2,4,27.0,0,0.0
D.J. Moore,WR,CHI,ARI,9,3.3,7.3,0,0,0.0,0,0.0,0,0.0,0,4,9,33.0,0,0.0
D.J. Moore,WR,CHI,NE,10,2.7,5.7,0,0,0.0,0,0.0,1,3.0,0,3,6,24.0,0,0.0
D.J. Moore,WR,CHI,GB,11,6.7,13.7,0,0,0.0,0,0.0,1,5.0,0,7,7,62.0,0,0.0
D.J. Moore,WR,CHI,MIN,12,19.9,26.9,0,1,0.0,0,0.0,1,13.0,0,7,7,106.0,1,0.0
D.J. Moore,WR,CHI,DET,13,15.7,23.7,0,0,0.0,0,0.0,0,0.0,0,8,16,97.0,1,0.0
D.J. Moore,WR,CHI,SF,14,4.9,10.9,0,0,0.0,0,0.0,0,0.0,0,6,8,49.0,0,0.0
D.J. Moore,WR,CHI,MIN,15,7.0,15.0,0,0,0.0,0,0.0,3,24.0,0,8,8,46.0,0,0.0
D.J. Moore,WR,CHI,DET,16,7.0,14.0,0,0,0.0,0,0.0,1,2.0,0,7,10,68.0,0,0.0
D.J. Moore,WR,CHI,SEA,17,6.2,12.2,0,0,0.0,0,0.0,2,8.0,0,6,8,54.0,0,0.0
D.J. Moore,WR,CHI,GB,18,13.1,22.1,0,0,0.0,0,0.0,1,5.0,0,9,10,86.0,1,0.0
D.J. Turner,WR,LV,LAC,1,0.9,1.9,0,0,0.0,0,0.0,0,0.0,0,1,1,9.0,0,0.0
D.J. Turner,WR,LV,BAL,2,0.2,0.2,0,0,0.0,0,0.0,1,2.0,0,0,0,0.0,0,0.0
D.J. Turner,WR,LV,CLE,4,7.8,7.8,0,0,0.0,0,0.0,1,18.0,1,0,1,0.0,0,0.0
D.J. Turner,WR,LV,DEN,5,1.7,2.7,0,0,0.0,0,0.0,1,5.0,0,1,4,12.0,0,0.0
D.J. Turner,WR,LV,PIT,6,3.7,5.7,0,0,0.0,0,0.0,0,0.0,0,2,4,37.0,0,0.0
D.J. Turner,WR,LV,LA,7,1.7,3.7,0,0,0.0,0,0.0,1,4.0,0,2,7,13.0,0,0.0
D.J. Turner,WR,LV,KC,8,9.2,13.2,0,0,0.0,0,0.0,1,4.0,0,4,4,28.0,1,0.0
D.J. Turner,WR,LV,MIA,11,2.9,5.9,0,0,0.0,0,0.0,0,0.0,0,3,3,29.0,0,0.0
D.J. Turner,WR,LV,DEN,12,0.5,2.5,0,0,0.0,0,0.0,0,0.0,0,2,4,5.0,0,0.0
D.J. Turner,WR,LV,KC,13,2.5,3.5,0,0,0.0,0,0.0,0,0.0,0,1,1,25.0,0,0.0
DK Metcalf,WR,SEA,DEN,1,2.9,5.9,0,0,0.0,0,0.0,0,0.0,0,3,4,29.0,0,0.0
DK Metcalf,WR,SEA,NE,2,18.9,28.9,0,0,0.0,0,0.0,0,0.0,0,10,14,129.0,1,0.0
DK Metcalf,WR,SEA,MIA,3,16.4,20.4,0,0,0.0,0,0.0,0,0.0,0,4,6,104.0,1,0.0
DK Metcalf,WR,SEA,DET,4,8.4,15.4,0,0,0.0,0,0.0,0,0.0,0,7,12,104.0,0,0.0
DK Metcalf,WR,SEA,NYG,5,3.5,7.5,0,0,0.0,0,0.0,0,0.0,0,4,7,55.0,0,0.0
DK Metcalf,WR,SEA,SF,6,4.8,7.8,0,0,0.0,0,0.0,0,0.0,0,3,11,48.0,0,0.0
DK Metcalf,WR,SEA,ATL,7,15.9,19.9,0,0,0.0,0,0.0,0,0.0,0,4,7,99.0,1,0.0
DK Metcalf,WR,SEA,SF,11,7.0,14.0,0,0,0.0,0,0.0,0,0.0,0,7,9,70.0,0,0.0
DK Metcalf,WR,SEA,ARI,12,5.9,9.9,0,0,0.0,0,0.0,0,0.0,0,4,5,59.0,0,0.0
DK Metcalf,WR,SEA,NYJ,13,6.6,10.6,0,0,0.0,0,0.0,0,0.0,0,4,9,66.0,0,0.0
DK Metcalf,WR,SEA,ARI,14,4.9,8.9,0,0,0.0,0,0.0,0,0.0,0,4,6,49.0,0,0.0
DK Metcalf,WR,SEA,GB,15,2.8,5.8,0,0,0.0,0,0.0,0,0.0,0,3,3,28.0,0,0.0
DK Metcalf,WR,SEA,MIN,16,11.7,14.7,0,0,0.0,0,0.0,0,0.0,0,3,7,57.0,1,0.0
DK Metcalf,WR,SEA,CHI,17,4.2,7.2,0,0,0.0,0,0.0,0,0.0,0,3,3,42.0,0,0.0
DK Metcalf,WR,SEA,LA,18,11.3,14.3,0,0,0.0,0,0.0,0,0.0,0,3,5,53.0,1,0.0
Dak Prescott,QB,DAL,CLE,1,11.46,11.46,19,32,179.0,1,0.0,1,3.0,0,0,0,0.0,0,3.0
Dak Prescott,QB,DAL,NO,2,12.92,12.92,27,39,293.0,1,2.0,2,12.0,0,0,0,0.0,0,3.0
Dak Prescott,QB,DAL,BAL,3,29.86,29.86,28,51,379.0,2,0.0,2,7.0,1,0,0,0.0,0,3.0
Dak Prescott,QB,DAL,NYG,4,16.74,16.74,22,27,221.0,2,0.0,2,-1.0,0,0,0,0.0,0,1.0
Dak Prescott,QB,DAL,PIT,5,16.38,16.38,29,42,352.0,2,2.0,1,3.0,0,0,0,0.0,0,2.0
Dak Prescott,QB,DAL,DET,6,3.22,3.22,17,33,178.0,0,2.0,1,1.0,0,0,0,0.0,0,4.0
Dak Prescott,QB,DAL,SF,8,13.62,13.62,25,38,243.0,2,2.0,1,-1.0,0,0,0,0.0,0,2.0
Dak Prescott,QB,DAL,ATL,9,12.32,12.32,18,24,133.0,1,0.0,3,30.0,0,0,0,0.0,0,3.0
Dallas Goedert,TE,PHI,GB,1,3.1,7.1,0,0,0.0,0,0.0,0,0.0,0,4,5,31.0,0,0.0
Dallas Goedert,TE,PHI,ATL,2,3.8,6.8,0,0,0.0,0,0.0,0,0.0,0,3,4,38.0,0,0.0
Dallas Goedert,TE,PHI,NO,3,17.0,27.0,0,0,0.0,0,0.0,0,0.0,0,10,11,170.0,0,0.0
Dallas Goedert,TE,PHI,TB,4,6.2,13.2,0,0,0.0,0,0.0,0,0.0,0,7,8,62.0,0,0.0
Dallas Goedert,TE,PHI,CLE,6,0.0,0.0,0,0,0.0,0,0.0,0,0.0,0,0,1,0.0,0,0.0
Dallas Goedert,TE,PHI,DAL,10,8.5,10.5,0,0,0.0,0,0.0,0,0.0,0,2,3,25.0,1,0.0
Dallas Goedert,TE,PHI,WAS,11,6.1,11.1,0,0,0.0,0,0.0,0,0.0,0,5,5,61.0,0,0.0
Dallas Goedert,TE,PHI,LA,12,1.9,5.9,0,0,0.0,0,0.0,0,0.0,0,4,5,19.0,0,0.0
Dallas Goedert,TE,PHI,BAL,13,9.5,12.5,0,0,0.0,0,0.0,0,0.0,0,3,4,35.0,1,0.0
Dallas Goedert,TE,PHI,NYG,18,5.5,9.5,0,0,0.0,0,0.0,0,0.0,0,4,6,55.0,0,0.0
Dallin Holker,TE,NO,NYG,14,1.0,2.0,0,0,0.0,0,0.0,0,0.0,0,1,1,10.0,0,0.0
Dallin Holker,TE,NO,TB,18,1.1,3.1,0,0,0.0,0,0.0,0,0.0,0,2,3,11.0,0,0.0
Dalton Kincaid,TE,BUF,ARI,1,1.1,2.1,0,0,0.0,0,0.0,0,0.0,0,1,2,11.0,0,0.0
Dalton Kincaid,TE,BUF,MIA,2,3.3,7.3,0,0,0.0,0,0.0,0,0.0,0,4,4,33.0,0,0.0
Dalton Kincaid,TE,BUF,JAX,3,10.1,13.1,0,0,0.0,0,0.0,0,0.0,0,3,5,41.0,1,0.0
Dalton Kincaid,TE,BUF,BAL,4,4.7,9.7,0,0,0.0,0,0.0,0,0.0,0,5,7,47.0,0,0.0
Dalton Kincaid,TE,BUF,HOU,5,3.4,5.4,0,0,0.0,0,0.0,0,0.0,0,2,6,34.0,0,0.0
Dalton Kincaid,TE,BUF,NYJ,6,5.1,11.1,0,0,0.0,0,0.0,0,0.0,0,6,7,51.0,0,0.0
Dalton Kincaid,TE,BUF,TEN,7,5.2,8.2,0,0,0.0,0,0.0,0,0.0,0,3,6,52.0,0,0.0
Dalton Kincaid,TE,BUF,SEA,8,9.1,13.1,0,0,0.0,0,0.0,0,0.0,0,4,7,31.0,1,0.0
Dalton Kincaid,TE,BUF,MIA,9,3.2,7.2,0,0,0.0,0,0.0,0,0.0,0,4,10,32.0,0,0.0
Dalton Kincaid,TE,BUF,IND,10,2.4,4.4,0,0,0.0,0,0.0,0,0.0,0,2,5,24.0,0,0.0
Dalton Kincaid,TE,BUF,DET,15,5.3,9.3,0,0,0.0,0,0.0,0,0.0,0,4,7,53.0,0,0.0
Dalton Kincaid,TE,BUF,NE,16,1.5,5.5,0,0,0.0,0,0.0,0,0.0,0,4,7,15.0,0,0.0
Dalton Kincaid,TE,BUF,NYJ,17,2.4,4.4,0,0,0.0,0,0.0,0,0.0,0,2,2,24.0,0,0.0
Dalton Schultz,TE,HOU,IND,1,1.6,4.6,0,0,0.0,0,0.0,0,0.0,0,3,3,16.0,0,0.0
Dalton Schultz,TE,HOU,CHI,2,2.1,4.1,0,0,0.0,0,0.0,0,0.0,0,2,3,21.0,0,0.0
Dalton Schultz,TE,HOU,MIN,3,1.1,3.1,0,0,0.0,0,0.0,0,0.0,0,2,5,11.0,0,0.0
Dalton Schultz,TE,HOU,JAX,4,3.4,6.4,0,0,0.0,0,0.0,0,0.0,0,3,5,34.0,0,0.0
Dalton Schultz,TE,HOU,BUF,5,3.4,7.4,0,0,0.0,0,0.0,0,0.0,0,4,6,34.0,0,0.0
Dalton Schultz,TE,HOU,NE,6,2.7,6.7,0,0,0.0,0,0.0,0,0.0,0,4,8,27.0,0,0.0
Dalton Schultz,TE,HOU,GB,7,2.8,3.8,0,0,0.0,0,0.0,0,0.0,0,1,2,28.0,0,0.0
Dalton Schultz,TE,HOU,IND,8,5.2,9.2,0,0,0.0,0,0.0,0,0.0,0,4,6,52.0,0,0.0
Dalton Schultz,TE,HOU,NYJ,9,2.1,5.1,0,0,0.0,0,0.0,0,0.0,0,3,6,21.0,0,0.0
Dalton Schultz,TE,HOU,DET,10,6.6,9.6,0,0,0.0,0,0.0,0,0.0,0,3,4,66.0,0,0.0
Dalton Schultz,TE,HOU,DAL,11,3.3,8.3,0,0,0.0,0,0.0,0,0.0,0,5,7,33.0,0,0.0
Dalton Schultz,TE,HOU,TEN,12,2.0,4.0,0,0,0.0,0,0.0,0,0.0,0,2,2,20.0,0,0.0
Dalton Schultz,TE,HOU,JAX,13,12.1,17.1,0,0,0.0,0,0.0,0,0.0,0,5,7,61.0,1,0.0
Dalton Schultz,TE,HOU,MIA,15,1.3,3.3,0,0,0.0,0,0.0,0,0.0,0,2,4,13.0,0,0.0
Dalton Schultz,TE,HOU,KC,16,10.5,15.5,0,0,0.0,0,0.0,0,0.0,0,5,8,45.0,1,0.0
Dalton Schultz,TE,HOU,BAL,17,2.1,4.1,0,0,0.0,0,0.0,0,0.0,0,2,6,21.0,0,0.0
Dalton Schultz,TE,HOU,TEN,18,2.9,5.9,0,0,0.0,0,0.0,0,0.0,0,3,3,29.0,0,0.0
Dalvin Cook,RB,DAL,SF,8,2.2,3.2,0,0,0.0,0,0.0,6,12.0,0,1,1,10.0,0,0.0
Dalvin Cook,RB,DAL,ATL,9,0.8,0.8,0,0,0.0,0,0.0,2,8.0,0,0,0,0.0,0,0.0
Dameon Pierce,RB,HOU,IND,1,1.6,1.6,0,0,0.0,0,0.0,3,16.0,0,0,0,0.0,0,0.0
Dameon Pierce,RB,HOU,NE,6,13.7,14.7,0,0,0.0,0,0.0,8,76.0,1,1,1,1.0,0,0.0
Dameon Pierce,RB,HOU,GB,7,0.2,0.2,0,0,0.0,0,0.0,2,2.0,0,0,0,0.0,0,0.0
Dameon Pierce,RB,HOU,IND,8,0.4,0.4,0,0,0.0,0,0.0,1,4.0,0,0,0,0.0,0,0.0
Dameon Pierce,RB,HOU,DAL,11,0.2,0.2,0,0,0.0,0,0.0,1,2.0,0,0,0,0.0,0,0.0
Dameon Pierce,RB,HOU,JAX,13,0.1,1.1,0,0,0.0,0,0.0,0,0.0,0,1,1,1.0,0,0.0
Dameon Pierce,RB,HOU,KC,16,0.4,0.4,0,0,0.0,0,0.0,1,4.0,0,0,0,0.0,0,0.0
Dameon Pierce,RB,HOU,BAL,17,1.3,1.3,0,0,0.0,0,0.0,5,13.0,0,0,0,0.0,0,0.0
Dameon Pierce,RB,HOU,TEN,18,23.6,23.6,0,0,0.0,0,0.0,19,176.0,1,0,2,0.0,0,0.0
Dan Chisena,WR,CAR,TB,13,0.6,1.6,0,0,0.0,0,0.0,0,0.0,0,1,1,6.0,0,0.0
Dan Chisena,WR,CAR,ARI,16,2.3,3.3,0,0,0.0,0,0.0,0,0.0,0,1,2,23.0,0,0.0
Dan Chisena,WR,CAR,TB,17,0.8,1.8,0,0,0.0,0,0.0,0,0.0,0,1,1,8.0,0,0.0
Dan Skipper,T,DET,BUF,15,6.9,7.9,0,0,0.0,0,0.0,0,0.0,0,1,1,9.0,1,0.0
Dane Belton,SS,NYG,PHI,18,1.0,1.0,0,0,0.0,0,0.0,1,10.0,0,0,0,0.0,0,0.0
Daniel Bellinger,TE,NYG,MIN,1,0.3,1.3,0,0,0.0,0,0.0,0,0.0,0,1,1,3.0,0,0.0
Daniel Bellinger,TE,NYG,CLE,3,1.7,2.7,0,0,0.0,0,0.0,0,0.0,0,1,1,17.0,0,0.0
Daniel Bellinger,TE,NYG,PHI,7,1.1,2.1,0,0,0.0,0,0.0,0,0.0,0,1,1,11.0,0,0.0
Daniel Bellinger,TE,NYG,NO,14,4.5,9.5,0,0,0.0,0,0.0,0,0.0,0,5,7,45.0,0,0.0
Daniel Bellinger,TE,NYG,BAL,15,3.5,6.5,0,0,0.0,0,0.0,0,0.0,0,3,3,35.0,0,0.0
Daniel Bellinger,TE,NYG,ATL,16,0.5,1.5,0,0,0.0,0,0.0,0,0.0,0,1,2,5.0,0,0.0
Daniel Bellinger,TE,NYG,PHI,18,0.9,2.9,0,0,0.0,0,0.0,0,0.0,0,2,2,9.0,0,0.0
Daniel Jones,QB,NYG,MIN,1,4.94,4.94,22,42,186.0,0,2.0,6,15.0,0,0,0,0.0,0,5.0
Daniel Jones,QB,NYG,WAS,2,18.32,18.32,16,28,178.0,2,0.0,5,32.0,0,0,0,0.0,0,1.0
Daniel Jones,QB,NYG,CLE,3,19.44,19.44,24,34,236.0,2,0.0,8,20.0,0,0,0,0.0,0,2.0
Daniel Jones,QB,NYG,DAL,4,9.54,9.54,29,40,281.0,0,1.0,4,3.0,0,0,0,0.0,0,1.0
Daniel Jones,QB,NYG,SEA,5,22.08,22.08,23,34,257.0,2,0.0,11,38.0,0,0,0,0.0,0,3.0
Daniel Jones,QB,NYG,CIN,6,11.8,11.8,22,41,205.0,0,1.0,11,56.0,0,0,0,0.0,0,2.0
Daniel Jones,QB,NYG,PHI,7,5.96,5.96,14,21,99.0,0,0.0,5,20.0,0,0,0,0.0,0,7.0
Daniel Jones,QB,NYG,PIT,8,6.66,6.66,24,38,264.0,0,1.0,3,1.0,0,0,0,0.0,0,4.0
Daniel Jones,QB,NYG,WAS,9,24.36,24.36,20,26,174.0,2,0.0,7,54.0,1,0,0,0.0,0,2.0
Daniel Jones,QB,NYG,CAR,10,12.2,12.2,22,37,190.0,0,2.0,7,26.0,1,0,0,0.0,0,2.0
Dante Pettis,WR,NO,ATL,10,0.8,1.8,0,0,0.0,0,0.0,0,0.0,0,1,1,8.0,0,0.0
Dante Pettis,WR,NO,CLE,11,0.9,1.9,0,0,0.0,0,0.0,0,0.0,0,1,1,9.0,0,0.0
Dante Pettis,WR,NO,LA,13,2.5,3.5,0,0,0.0,0,0.0,0,0.0,0,1,2,5.0,0,0.0
Dante Pettis,WR,NO,NYG,14,0.0,0.0,0,0,0.0,0,0.0,0,0.0,0,0,2,0.0,0,0.0
Dante Pettis,WR,NO,WAS,15,2.4,4.4,0,0,0.0,0,0.0,0,0.0,0,2,5,24.0,0,0.0
Dante Pettis,WR,NO,GB,16,3.1,5.1,0,0,0.0,0,0.0,0,0.0,0,2,7,31.0,0,0.0
Dante Pettis,WR,NO,LV,17,2.7,5.7,0,0,0.0,0,0.0,0,0.0,0,3,4,27.0,0,0.0
Dante Pettis,WR,NO,TB,18,7.6,9.6,0,0,0.0,0,0.0,0,0.0,0,2,6,16.0,1,0.0
Dare Ogunbowale,RB,HOU,IND,1,0.3,1.3,0,0,0.0,0,0.0,0,0.0,0,1,1,3.0,0,0.0
Dare Ogunbowale,RB,HOU,CHI,2,2.3,4.3,0,0,0.0,0,0.0,2,3.0,0,2,2,20.0,0,0.0
Dare Ogunbowale,RB,HOU,MIN,3,2.8,4.8,0,0,0.0,0,0.0,0,0.0,0,2,2,28.0,0,0.0
Dare Ogunbowale,RB,HOU,JAX,4,11.4,15.4,0,0,0.0,0,0.0,2,7.0,0,4,4,47.0,1,0.0
Dare Ogunbowale,RB,HOU,BUF,5,8.7,14.7,0,0,0.0,0,0.0,15,30.0,0,6,7,57.0,0,0.0
Dare Ogunbowale,RB,HOU,NE,6,0.8,0.8,0,0,0.0,0,0.0,2,8.0,0,0,0,0.0,0,0.0
Dare Ogunbowale,RB,HOU,GB,7,0.6,0.6,0,0,0.0,0,0.0,1,6.0,0,0,1,0.0,0,0.0
Dare Ogunbowale,RB,HOU,IND,8,0.4,0.4,0,0,0.0,0,0.0,1,4.0,0,0,1,0.0,0,0.0
Dare Ogunbowale,RB,HOU,NYJ,9,-0.1,-0.1,0,0,0.0,0,0.0,1,-1.0,0,0,3,0.0,0,0.0
Dare Ogunbowale,RB,HOU,DET,10,1.1,1.1,0,0,0.0,0,0.0,1,11.0,0,0,0,0.0,0,0.0
Dare Ogunbowale,RB,HOU,DAL,11,1.1,2.1,0,0,0.0,0,0.0,0,0.0,0,1,1,11.0,0,0.0
Dare Ogunbowale,RB,HOU,MIA,15,3.5,3.5,0,0,0.0,0,0.0,1,35.0,0,0,0,0.0,0,0.0
Dare Ogunbowale,RB,HOU,KC,16,0.0,0.0,0,0,0.0,0,0.0,0,0.0,0,0,2,0.0,0,0.0
Dare Ogunbowale,RB,HOU,BAL,17,1.8,2.8,0,0,0.0,0,0.0,2,12.0,0,1,1,6.0,0,0.0
Dare Ogunbowale,RB,HOU,TEN,18,2.3,4.3,0,0,0.0,0,0.0,2,-3.0,0,2,3,26.0,0,0.0
Dareke Young,WR,SEA,DEN,1,0.0,0.0,0,0,0.0,0,0.0,0,0.0,0,0,1,0.0,0,0.0
Darius Slayton,WR,NYG,MIN,1,2.6,5.6,0,0,0.0,0,0.0,0,0.0,0,3,4,26.0,0,0.0
Darius Slayton,WR,NYG,WAS,2,3.3,6.3,0,0,0.0,0,0.0,0,0.0,0,3,4,33.0,0,0.0
Darius Slayton,WR,NYG,CLE,3,0.7,1.7,0,0,0.0,0,0.0,0,0.0,0,1,2,7.0,0,0.0
Darius Slayton,WR,NYG,DAL,4,5.6,8.6,0,0,0.0,0,0.0,0,0.0,0,3,5,56.0,0,0.0
Darius Slayton,WR,NYG,SEA,5,18.2,26.2,0,0,0.0,0,0.0,0,0.0,0,8,11,122.0,1,0.0
Darius Slayton,WR,NYG,CIN,6,5.7,11.7,0,0,0.0,0,0.0,0,0.0,0,6,11,57.0,0,0.0
Darius Slayton,WR,NYG,PHI,7,1.1,2.1,0,0,0.0,0,0.0,0,0.0,0,1,3,11.0,0,0.0
Darius Slayton,WR,NYG,PIT,8,10.8,14.8,0,0,0.0,0,0.0,0,0.0,0,4,7,108.0,0,0.0
Darius Slayton,WR,NYG,WAS,9,6.0,9.0,0,0,0.0,0,0.0,1,11.0,0,3,3,49.0,0,0.0
Darius Slayton,WR,NYG,TB,12,0.0,0.0,0,0,0.0,0,0.0,0,0.0,0,0,2,0.0,0,0.0
Darius Slayton,WR,NYG,DAL,13,0.8,2.8,0,0,0.0,0,0.0,0,0.0,0,2,6,8.0,0,0.0
Darius Slayton,WR,NYG,NO,14,2.7,4.7,0,0,0.0,0,0.0,0,0.0,0,2,6,27.0,0,0.0
Darius Slayton,WR,NYG,BAL,15,1.6,2.6,0,0,0.0,0,0.0,0,0.0,0,1,1,16.0,0,0.0
Darius Slayton,WR,NYG,ATL,16,2.7,3.7,0,0,0.0,0,0.0,1,6.0,0,1,2,21.0,0,0.0
Darius Slayton,WR,NYG,IND,17,9.2,10.2,0,0,0.0,0,0.0,0,0.0,0,1,3,32.0,1,0.0
Darius Slayton,WR,NYG,PHI,18,0.0,0.0,0,0,0.0,0,0.0,0,0.0,0,0,1,0.0,0,0.0
Darnell Mooney,WR,ATL,PIT,1,1.5,2.5,0,0,0.0,0,0.0,0,0.0,0,1,3,15.0,0,0.0
Darnell Mooney,WR,ATL,PHI,2,14.8,17.8,0,0,0.0,0,0.0,0,0.0,0,3,7,88.0,1,0.0
Darnell Mooney,WR,ATL,KC,3,6.6,14.6,0,0,0.0,0,0.0,0,0.0,0,8,8,66.0,0,0.0
Darnell Mooney,WR,ATL,NO,4,5.6,8.6,0,0,0.0,0,0.0,0,0.0,0,3,6,56.0,0,0.0
Darnell Mooney,WR,ATL,TB,5,22.5,31.5,0,1,0.0,0,0.0,0,0.0,0,9,16,105.0,2,0.0
Darnell Mooney,WR,ATL,CAR,6,3.8,6.8,0,0,0.0,0,0.0,0,0.0,0,3,5,38.0,0,0.0
Darnell Mooney,WR,ATL,SEA,7,4.6,9.6,0,0,0.0,0,0.0,0,0.0,0,5,8,46.0,0,0.0
Darnell Mooney,WR,ATL,TB,8,14.6,18.6,0,0,0.0,0,0.0,0,0.0,0,4,6,86.0,1,0.0
Darnell Mooney,WR,ATL,DAL,9,14.8,19.8,0,0,0.0,0,0.0,0,0.0,0,5,9,88.0,1,0.0
Darnell Mooney,WR,ATL,NO,10,9.6,14.6,0,0,0.0,0,0.0,0,0.0,0,5,9,96.0,0,0.0
Darnell Mooney,WR,ATL,DEN,11,2.7,4.7,0,0,0.0,0,0.0,0,0.0,0,2,4,27.0,0,0.0
Darnell Mooney,WR,ATL,LAC,13,2.0,5.0,0,0,0.0,0,0.0,0,0.0,0,3,6,20.0,0,0.0
Darnell Mooney,WR,ATL,MIN,14,14.2,20.2,0,0,0.0,0,0.0,0,0.0,0,6,7,142.0,0,0.0
Darnell Mooney,WR,ATL,LV,15,0.0,0.0,0,0,0.0,0,0.0,0,0.0,0,0,1,0.0,0,0.0
Darnell Mooney,WR,ATL,NYG,16,8.2,13.2,0,0,0.0,0,0.0,0,0.0,0,5,6,82.0,0,0.0
Darnell Mooney,WR,ATL,WAS,17,3.7,5.7,0,0,0.0,0,0.0,0,0.0,0,2,5,37.0,0,0.0
Darnell Washington,TE,PIT,ATL,1,0.5,1.5,0,0,0.0,0,0.0,0,0.0,0,1,1,5.0,0,0.0
Darnell Washington,TE,PIT,DEN,2,6.5,7.5,0,0,0.0,0,0.0,0,0.0,0,1,1,5.0,1,0.0
Darnell Washington,TE,PIT,IND,4,3.1,5.1,0,0,0.0,0,0.0,0,0.0,0,2,2,31.0,0,0.0
Darnell Washington,TE,PIT,DAL,5,0.5,1.5,0,0,0.0,0,0.0,0,0.0,0,1,2,5.0,0,0.0
Darnell Washington,TE,PIT,LV,6,0.9,1.9,0,0,0.0,0,0.0,0,0.0,0,1,1,9.0,0,0.0
Darnell Washington,TE,PIT,NYJ,7,3.6,7.6,0,0,0.0,0,0.0,0,0.0,0,4,4,36.0,0,0.0
Darnell Washington,TE,PIT,NYG,8,2.9,3.9,0,0,0.0,0,0.0,0,0.0,0,1,1,29.0,0,0.0
Darnell Washington,TE,PIT,WAS,10,0.6,1.6,0,0,0.0,0,0.0,0,0.0,0,1,3,6.0,0,0.0
Darnell Washington,TE,PIT,BAL,11,4.2,6.2,0,0,0.0,0,0.0,0,0.0,0,2,4,42.0,0,0.0
Darnell Washington,TE,PIT,CLE,12,1.4,4.4,0,0,0.0,0,0.0,0,0.0,0,3,3,14.0,0,0.0
Darnell Washington,TE,PIT,CIN,13,1.0,2.0,0,0,0.0,0,0.0,0,0.0,0,1,1,10.0,0,0.0
Darnell Washington,TE,PIT,CLE,14,0.0,0.0,0,0,0.0,0,0.0,0,0.0,0,0,1,0.0,0,0.0
Darnell Washington,TE,PIT,KC,17,0.8,1.8,0,0,0.0,0,0.0,0,0.0,0,1,1,8.0,0,0.0
Darrynton Evans,RB,CHI,SF,14,0.3,0.3,0,0,0.0,0,0.0,3,3.0,0,0,0,0.0,0,0.0
Davante Adams,WR,LV,LAC,1,5.9,10.9,0,0,0.0,0,0.0,0,0.0,0,5,6,59.0,0,0.0
Davante Adams,WR,LV,BAL,2,17.0,26.0,0,0,0.0,0,0.0,0,0.0,0,9,12,110.0,1,0.0
Davante Adams,WR,LV,CAR,3,4.0,8.0,0,0,0.0,0,0.0,0,0.0,0,4,9,40.0,0,0.0
Davante Adams,WR,NYJ,PIT,7,3.0,6.0,0,0,0.0,0,0.0,0,0.0,0,3,9,30.0,0,0.0
Davante Adams,WR,NYJ,NE,8,5.4,9.4,0,0,0.0,0,0.0,0,0.0,0,4,6,54.0,0,0.0
Davante Adams,WR,NYJ,HOU,9,15.1,22.1,0,0,0.0,0,0.0,0,0.0,0,7,11,91.0,1,0.0
Davante Adams,WR,NYJ,ARI,10,3.1,9.1,0,0,0.0,0,0.0,0,0.0,0,6,13,31.0,0,0.0
Davante Adams,WR,NYJ,IND,11,7.2,13.2,0,0,0.0,0,0.0,0,0.0,0,6,7,72.0,0,0.0
Davante Adams,WR,NYJ,SEA,13,12.6,17.6,0,0,0.0,0,0.0,0,0.0,0,5,12,66.0,1,0.0
Davante Adams,WR,NYJ,MIA,14,16.9,25.9,0,0,0.0,0,0.0,0,0.0,0,9,11,109.0,1,0.0
Davante Adams,WR,NYJ,JAX,15,33.8,42.8,0,0,0.0,0,0.0,0,0.0,0,9,12,198.0,2,0.0
Davante Adams,WR,NYJ,LA,16,12.8,19.8,0,0,0.0,0,0.0,0,0.0,0,7,13,68.0,1,0.0
Davante Adams,WR,NYJ,BUF,17,4.7,9.7,0,0,0.0,0,0.0,0,0.0,0,5,8,47.0,0,0.0
Davante Adams,WR,NYJ,MIA,18,14.8,20.8,0,0,0.0,0,0.0,0,0.0,0,6,12,88.0,1,0.0
David Bell,WR,CLE,JAX,2,2.7,5.7,0,0,0.0,0,0.0,0,0.0,0,3,3,27.0,0,0.0
David Martin-Robinson,TE,TEN,JAX,14,0.0,0.0,0,0,0.0,0,0.0,0,0.0,0,0,1,0.0,0,0.0
David Martin-Robinson,TE,TEN,IND,16,0.6,1.6,0,0,0.0,0,0.0,0,0.0,0,1,1,6.0,0,0.0
David Montgomery,RB,DET,LA,1,15.3,16.3,0,0,0.0,0,0.0,17,91.0,1,1,1,2.0,0,0.0
David Montgomery,RB,DET,TB,2,13.0,17.0,0,0,0.0,0,0.0,11,35.0,1,4,4,35.0,0,0.0
David Montgomery,RB,DET,ARI,3,18.2,21.2,0,0,0.0,0,0.0,23,105.0,1,3,3,17.0,0,0.0
David Montgomery,RB,DET,SEA,4,14.0,15.0,0,0,0.0,0,0.0,12,40.0,1,1,1,40.0,0,0.0
David Montgomery,RB,DET,DAL,6,20.0,21.0,0,0,0.0,0,0.0,12,80.0,2,1,1,0.0,0,0.0
David Montgomery,RB,DET,MIN,7,5.0,8.0,0,0,0.0,0,0.0,9,31.0,0,3,4,39.0,0,0.0
David Montgomery,RB,DET,TEN,8,13.92,14.92,1,1,3.0,1,0.0,9,33.0,1,1,1,5.0,0,0.0
David Montgomery,RB,DET,GB,9,9.6,12.6,0,0,0.0,0,0.0,17,73.0,0,3,3,23.0,0,0.0
David Montgomery,RB,DET,HOU,10,11.6,12.6,0,0,0.0,0,0.0,12,32.0,1,1,2,24.0,0,0.0
David Montgomery,RB,DET,JAX,11,21.5,24.5,0,0,0.0,0,0.0,15,75.0,2,3,3,20.0,0,0.0
David Montgomery,RB,DET,IND,12,13.3,16.3,0,0,0.0,0,0.0,8,37.0,1,3,3,36.0,0,0.0
David Montgomery,RB,DET,CHI,13,12.4,15.4,0,0,0.0,0,0.0,21,88.0,0,3,3,36.0,0,0.0
David Montgomery,RB,DET,GB,14,14.4,19.4,0,0,0.0,0,0.0,14,51.0,1,5,5,33.0,0,0.0
David Montgomery,RB,DET,BUF,15,3.5,7.5,0,0,0.0,0,0.0,5,4.0,0,4,4,31.0,0,0.0
David Moore,WR,CAR,NO,1,1.4,2.4,0,0,0.0,0,0.0,0,0.0,0,1,3,14.0,0,0.0
David Moore,WR,CAR,LAC,2,0.0,0.0,0,0,0.0,0,0.0,0,0.0,0,0,1,0.0,0,0.0
David Moore,WR,CAR,CHI,5,1.3,3.3,0,0,0.0,0,0.0,0,0.0,0,2,3,13.0,0,0.0
David Moore,WR,CAR,ATL,6,1.7,3.7,0,0,0.0,0,0.0,0,0.0,0,2,2,17.0,0,0.0
David Moore,WR,CAR,DEN,8,3.9,7.9,0,0,0.0,0,0.0,0,0.0,0,4,5,39.0,0,0.0
David Moore,WR,CAR,NO,9,2.0,4.0,0,0,0.0,0,0.0,0,0.0,0,2,4,20.0,0,0.0
David Moore,WR,CAR,NYG,10,1.8,3.8,0,0,0.0,0,0.0,0,0.0,0,2,4,18.0,0,0.0
David Moore,WR,CAR,KC,12,14.1,20.1,0,0,0.0,0,0.0,0,0.0,0,6,10,81.0,1,0.0
David Moore,WR,CAR,TB,13,4.0,9.0,0,0,0.0,0,0.0,0,0.0,0,5,9,40.0,0,0.0
David Moore,WR,CAR,PHI,14,2.5,4.5,0,0,0.0,0,0.0,0,0.0,0,2,5,25.0,0,0.0
David Moore,WR,CAR,DAL,15,1.9,3.9,0,0,0.0,0,0.0,0,0.0,0,2,4,19.0,0,0.0
David Moore,WR,CAR,ARI,16,9.9,11.9,0,0,0.0,0,0.0,1,0.0,0,2,3,39.0,1,0.0
David Moore,WR,CAR,TB,17,1.7,2.7,0,0,0.0,0,0.0,0,0.0,0,1,1,17.0,0,0.0
David Moore,WR,CAR,ATL,18,6.9,7.9,0,0,0.0,0,0.0,0,0.0,0,1,3,9.0,1,0.0
David Njoku,TE,CLE,DAL,1,4.4,8.4,0,0,0.0,0,0.0,0,0.0,0,4,5,44.0,0,0.0
David Njoku,TE,CLE,WAS,5,1.4,2.4,0,0,0.0,0,0.0,0,0.0,0,1,3,14.0,0,0.0
David Njoku,TE,CLE,PHI,6,3.1,8.1,0,0,0.0,0,0.0,0,0.0,0,5,7,31.0,0,0.0
David Njoku,TE,CLE,CIN,7,13.6,23.6,0,0,0.0,0,0.0,0,0.0,0,10,14,76.0,1,0.0
David Njoku,TE,CLE,BAL,8,12.1,17.1,0,0,0.0,0,0.0,0,0.0,0,5,7,61.0,1,0.0
David Njoku,TE,CLE,LAC,9,2.9,7.9,0,0,0.0,0,0.0,0,0.0,0,5,7,29.0,0,0.0
David Njoku,TE,CLE,NO,11,10.1,19.1,0,0,0.0,0,0.0,0,0.0,0,9,9,81.0,0,0.0
David Njoku,TE,CLE,PIT,12,2.9,3.9,0,0,0.0,0,0.0,0,0.0,0,1,5,9.0,0,0.0
David Njoku,TE,CLE,DEN,13,17.2,26.2,0,0,0.0,0,0.0,0,0.0,0,9,17,52.0,2,0.0
David Njoku,TE,CLE,PIT,14,10.2,17.2,0,0,0.0,0,0.0,0,0.0,0,7,13,42.0,1,0.0
David Njoku,TE,CLE,CIN,16,6.6,14.6,0,0,0.0,0,0.0,0,0.0,0,8,10,66.0,0,0.0
Davis Allen,TE,LA,DET,1,0.0,0.0,0,0,0.0,0,0.0,0,0.0,0,0,1,0.0,0,0.0
Davis Allen,TE,LA,GB,5,0.0,0.0,0,0,0.0,0,0.0,0,0.0,0,0,1,0.0,0,0.0
Davis Allen,TE,LA,SEA,9,0.5,1.5,0,0,0.0,0,0.0,0,0.0,0,1,3,5.0,0,0.0
Davis Allen,TE,LA,MIA,10,3.4,8.4,0,0,0.0,0,0.0,0,0.0,0,5,6,34.0,0,0.0
Davis Allen,TE,LA,PHI,12,0.0,0.0,0,0,0.0,0,0.0,0,0.0,0,0,1,0.0,0,0.0
Davis Allen,TE,LA,ARI,17,0.0,0.0,0,0,0.0,0,0.0,0,0.0,0,0,1,0.0,0,0.0
Davis Mills,QB,HOU,MIN,3,3.16,3.16,7,12,79.0,0,0.0,0,0.0,0,0,0,0.0,0,1.0
Davis Mills,QB,HOU,NE,6,0.0,0.0,0,1,0.0,0,0.0,0,0.0,0,0,0,0.0,0,0.0
Davis Mills,QB,HOU,BAL,17,0.2,0.2,1,1,5.0,0,0.0,0,0.0,0,0,0,0.0,0,0.0
Davis Mills,QB,HOU,TEN,18,6.22,6.22,12,22,128.0,0,0.0,3,11.0,0,0,0,0.0,0,1.0
Dawson Knox,TE,BUF,ARI,1,2.3,3.3,0,0,0.0,0,0.0,0,0.0,0,1,2,23.0,0,0.0
Dawson Knox,TE,BUF,JAX,3,0.7,1.7,0,0,0.0,0,0.0,0,0.0,0,1,2,7.0,0,0.0
Dawson Knox,TE,BUF,BAL,4,0.0,1.0,0,0,0.0,0,0.0,0,0.0,0,1,1,0.0,0,0.0
Dawson Knox,TE,BUF,NYJ,6,7.2,8.2,0,0,0.0,0,0.0,0,0.0,0,1,1,12.0,1,0.0
Dawson Knox,TE,BUF,TEN,7,0.5,1.5,0,0,0.0,0,0.0,0,0.0,0,1,3,5.0,0,0.0
Dawson Knox,TE,BUF,SEA,8,5.0,7.0,0,0,0.0,0,0.0,0,0.0,0,2,2,50.0,0,0.0
Dawson Knox,TE,BUF,MIA,9,0.5,1.5,0,0,0.0,0,0.0,0,0.0,0,1,2,5.0,0,0.0
Dawson Knox,TE,BUF,IND,10,4.0,6.0,0,0,0.0,0,0.0,0,0.0,0,2,3,40.0,0,0.0
Dawson Knox,TE,BUF,KC,11,4.0,8.0,0,0,0.0,0,0.0,0,0.0,0,4,6,40.0,0,0.0
Dawson Knox,TE,BUF,SF,13,5.6,7.6,0,0,0.0,0,0.0,0,0.0,0,2,2,56.0,0,0.0
Dawson Knox,TE,BUF,LA,14,0.5,1.5,0,0,0.0,0,0.0,0,0.0,0,1,1,5.0,0,0.0
Dawson Knox,TE,BUF,DET,15,4.2,6.2,0,0,0.0,0,0.0,0,0.0,0,2,3,42.0,0,0.0
Dawson Knox,TE,BUF,NE,16,2.2,4.2,0,0,0.0,0,0.0,0,0.0,0,2,2,22.0,0,0.0
Dawson Knox,TE,BUF,NYJ,17,0.4,1.4,0,0,0.0,0,0.0,0,0.0,0,1,3,4.0,0,0.0
DeAndre Carter,WR,CHI,TEN,1,0.6,1.6,0,0,0.0,0,0.0,0,0.0,0,1,2,6.0,0,0.0
DeAndre Carter,WR,CHI,HOU,2,3.2,6.2,0,0,0.0,0,0.0,0,0.0,0,3,4,32.0,0,0.0
DeAndre Carter,WR,CHI,IND,3,2.2,5.2,0,0,0.0,0,0.0,0,0.0,0,3,6,22.0,0,0.0
DeAndre Carter,WR,CHI,WAS,8,0.7,1.7,0,0,0.0,0,0.0,0,0.0,0,1,1,7.0,0,0.0
DeAndre Carter,WR,CHI,NE,10,0.5,1.5,0,0,0.0,0,0.0,0,0.0,0,1,1,5.0,0,0.0
DeAndre Hopkins,WR,TEN,CHI,1,0.8,1.8,0,0,0.0,0,0.0,0,0.0,0,1,1,8.0,0,0.0
DeAndre Hopkins,WR,TEN,NYJ,2,0.9,1.9,0,0,0.0,0,0.0,0,0.0,0,1,2,9.0,0,0.0
DeAndre Hopkins,WR,TEN,GB,3,13.3,19.3,0,0,0.0,0,0.0,0,0.0,0,6,7,73.0,1,0.0
DeAndre Hopkins,WR,TEN,MIA,4,3.1,5.1,0,0,0.0,0,0.0,0,0.0,0,2,4,31.0,0,0.0
DeAndre Hopkins,WR,TEN,IND,6,5.4,9.4,0,0,0.0,0,0.0,0,0.0,0,4,6,54.0,0,0.0
DeAndre Hopkins,WR,TEN,BUF,7,-0.2,0.8,0,0,0.0,0,0.0,0,0.0,0,1,1,-2.0,0,0.0
DeAndre Hopkins,WR,KC,LV,8,2.9,4.9,0,0,0.0,0,0.0,0,0.0,0,2,3,29.0,0,0.0
DeAndre Hopkins,WR,KC,TB,9,20.6,28.6,0,0,0.0,0,0.0,0,0.0,0,8,9,86.0,2,0.0
DeAndre Hopkins,WR,KC,DEN,10,5.6,9.6,0,0,0.0,0,0.0,0,0.0,0,4,5,56.0,0,0.0
DeAndre Hopkins,WR,KC,BUF,11,2.9,5.9,0,0,0.0,0,0.0,0,0.0,0,3,4,29.0,0,0.0
DeAndre Hopkins,WR,KC,CAR,12,9.5,14.5,0,0,0.0,0,0.0,0,0.0,0,5,6,35.0,1,0.0
DeAndre Hopkins,WR,KC,LV,13,9.0,13.0,0,0,0.0,0,0.0,0,0.0,0,4,9,90.0,0,0.0
DeAndre Hopkins,WR,KC,LAC,14,9.2,13.2,0,0,0.0,0,0.0,0,0.0,0,4,9,32.0,1,0.0
DeAndre Hopkins,WR,KC,CLE,15,3.6,8.6,0,0,0.0,0,0.0,0,0.0,0,5,6,36.0,0,0.0
DeAndre Hopkins,WR,KC,HOU,16,3.7,7.7,0,0,0.0,0,0.0,0,0.0,0,4,4,37.0,0,0.0
DeAndre Hopkins,WR,KC,PIT,17,0.7,2.7,0,0,0.0,0,0.0,0,0.0,0,2,4,7.0,0,0.0
DeVonta Smith,WR,PHI,GB,1,8.4,15.4,0,0,0.0,0,0.0,0,0.0,0,7,8,84.0,0,0.0
DeVonta Smith,WR,PHI,ATL,2,13.6,20.6,0,0,0.0,0,0.0,0,0.0,0,7,10,76.0,1,0.0
DeVonta Smith,WR,PHI,NO,3,7.9,14.9,0,0,0.0,0,0.0,0,0.0,0,7,10,79.0,0,0.0
DeVonta Smith,WR,PHI,CLE,6,12.4,15.4,0,0,0.0,0,0.0,0,0.0,0,3,4,64.0,1,0.0
DeVonta Smith,WR,PHI,NYG,7,-0.2,0.8,0,0,0.0,0,0.0,0,0.0,0,1,2,-2.0,0,0.0
DeVonta Smith,WR,PHI,CIN,8,14.5,20.5,0,0,0.0,0,0.0,0,0.0,0,6,7,85.0,1,0.0
DeVonta Smith,WR,PHI,JAX,9,14.7,18.7,0,0,0.0,0,0.0,0,0.0,0,4,6,87.0,1,0.0
DeVonta Smith,WR,PHI,DAL,10,1.4,3.4,0,0,0.0,0,0.0,0,0.0,0,2,3,14.0,0,0.0
DeVonta Smith,WR,PHI,WAS,11,2.9,6.9,0,0,0.0,0,0.0,0,0.0,0,4,6,29.0,0,0.0
DeVonta Smith,WR,PHI,CAR,14,9.7,13.7,0,0,0.0,0,0.0,0,0.0,0,4,6,37.0,1,0.0
DeVonta Smith,WR,PHI,PIT,15,17.0,28.0,0,0,0.0,0,0.0,1,1.0,0,11,12,109.0,1,0.0
DeVonta Smith,WR,PHI,WAS,16,5.1,11.1,0,0,0.0,0,0.0,0,0.0,0,6,8,51.0,0,0.0
DeVonta Smith,WR,PHI,DAL,17,24.0,30.0,0,0,0.0,0,0.0,0,0.0,0,6,7,120.0,2,0.0
DeeJay Dallas,RB,ARI,BUF,1,6.0,6.0,0,0,0.0,0,0.0,0,0.0,0,0,0,0.0,0,0.0
DeeJay Dallas,RB,ARI,CHI,9,0.2,0.2,0,0,0.0,0,0.0,1,2.0,0,0,0,0.0,0,0.0
DeeJay Dallas,RB,ARI,NYJ,10,1.0,1.0,0,0,0.0,0,0.0,3,10.0,0,0,0,0.0,0,0.0
DeeJay Dallas,RB,ARI,NE,15,1.5,1.5,0,0,0.0,0,0.0,4,15.0,0,0,0,0.0,0,0.0
DeeJay Dallas,RB,ARI,CAR,16,6.1,7.1,0,0,0.0,0,0.0,0,0.0,0,1,1,1.0,1,0.0
DeeJay Dallas,RB,ARI,LA,17,0.5,1.5,0,0,0.0,0,0.0,0,0.0,0,1,1,5.0,0,0.0
DeeJay Dallas,RB,ARI,SF,18,2.7,3.7,0,0,0.0,0,0.0,1,22.0,0,1,1,5.0,0,0.0
Deebo Samuel,WR,SF,NYJ,1,13.7,18.7,0,0,0.0,0,0.0,8,23.0,1,5,9,54.0,0,1.0
Deebo Samuel,WR,SF,MIN,2,10.0,18.0,0,0,0.0,0,0.0,2,-10.0,0,8,10,110.0,0,0.0
Deebo Samuel,WR,SF,NE,4,7.2,10.2,0,0,0.0,0,0.0,2,14.0,0,3,5,58.0,0,0.0
Deebo Samuel,WR,SF,ARI,5,2.0,3.0,0,0,0.0,0,0.0,3,9.0,0,1,3,11.0,0,0.0
Deebo Samuel,WR,SF,SEA,6,17.7,20.7,0,0,0.0,0,0.0,4,15.0,0,3,5,102.0,1,0.0
Deebo Samuel,WR,SF,DAL,8,8.6,12.6,0,0,0.0,0,0.0,4,15.0,0,4,7,71.0,0,0.0
Deebo Samuel,WR,SF,TB,10,7.6,12.6,0,0,0.0,0,0.0,3,14.0,0,5,6,62.0,0,0.0
Deebo Samuel,WR,SF,SEA,11,2.1,6.1,0,0,0.0,0,0.0,1,-1.0,0,4,7,22.0,0,0.0
Deebo Samuel,WR,SF,GB,12,2.1,3.1,0,0,0.0,0,0.0,0,0.0,0,1,4,21.0,0,0.0
Deebo Samuel,WR,SF,BUF,13,2.0,6.0,0,0,0.0,0,0.0,0,0.0,0,4,5,20.0,0,0.0
Deebo Samuel,WR,SF,CHI,14,3.5,5.5,0,0,0.0,0,0.0,5,13.0,0,2,3,22.0,0,0.0
Deebo Samuel,WR,SF,LA,15,1.9,4.9,0,0,0.0,0,0.0,2,3.0,0,3,7,16.0,0,0.0
Deebo Samuel,WR,SF,MIA,16,18.1,25.1,0,0,0.0,0,0.0,5,25.0,0,7,9,96.0,1,0.0
Deebo Samuel,WR,SF,DET,17,8.1,9.1,0,0,0.0,0,0.0,3,16.0,0,1,1,5.0,1,0.0
Dell Pettus,FS,NE,BUF,16,0.2,0.2,0,0,0.0,0,0.0,1,2.0,0,0,0,0.0,0,0.0
Demarcus Robinson,WR,LA,DET,1,4.2,8.2,0,0,0.0,0,0.0,0,0.0,0,4,7,42.0,0,0.0
Demarcus Robinson,WR,LA,ARI,2,5.0,7.0,0,0,0.0,0,0.0,0,0.0,0,2,4,50.0,0,0.0
Demarcus Robinson,WR,LA,SF,3,3.2,4.2,0,0,0.0,0,0.0,0,0.0,0,1,4,32.0,0,0.0
Demarcus Robinson,WR,LA,CHI,4,3.7,5.7,0,0,0.0,0,0.0,0,0.0,0,2,3,37.0,0,0.0
Demarcus Robinson,WR,LA,GB,5,8.8,11.8,0,0,0.0,0,0.0,0,0.0,0,3,5,28.0,1,0.0
Demarcus Robinson,WR,LA,LV,7,0.9,1.9,0,0,0.0,0,0.0,0,0.0,0,1,3,9.0,0,0.0
Demarcus Robinson,WR,LA,MIN,8,15.5,17.5,0,0,0.0,0,0.0,0,0.0,0,2,3,35.0,2,0.0
Demarcus Robinson,WR,LA,SEA,9,21.4,27.4,0,0,0.0,0,0.0,0,0.0,0,6,9,94.0,2,0.0
Demarcus Robinson,WR,LA,MIA,10,2.3,3.3,0,0,0.0,0,0.0,0,0.0,0,1,5,23.0,0,0.0
Demarcus Robinson,WR,LA,NE,11,1.9,3.9,0,0,0.0,0,0.0,0,0.0,0,2,4,19.0,0,0.0
Demarcus Robinson,WR,LA,PHI,12,7.5,9.5,0,0,0.0,0,0.0,0,0.0,0,2,3,15.0,1,0.0
Demarcus Robinson,WR,LA,NO,13,10.9,12.9,0,0,0.0,0,0.0,0,0.0,0,2,3,49.0,1,0.0
Demarcus Robinson,WR,LA,BUF,14,0.0,0.0,0,0,0.0,0,0.0,0,0.0,0,0,1,0.0,0,0.0
Demarcus Robinson,WR,LA,SF,15,0.0,0.0,0,0,0.0,0,0.0,0,0.0,0,0,1,0.0,0,0.0
Demarcus Robinson,WR,LA,NYJ,16,0.0,0.0,0,0,0.0,0,0.0,0,0.0,0,0,1,0.0,0,0.0
Demarcus Robinson,WR,LA,ARI,17,0.0,0.0,0,0,0.0,0,0.0,0,0.0,0,0,2,0.0,0,0.0
Demarcus Robinson,WR,LA,SEA,18,7.2,10.2,0,0,0.0,0,0.0,0,0.0,0,3,6,72.0,0,0.0
Demario Douglas,WR,NE,CIN,1,1.2,3.2,0,0,0.0,0,0.0,0,0.0,0,2,3,12.0,0,0.0
Demario Douglas,WR,NE,NYJ,3,7.8,14.8,0,0,0.0,0,0.0,1,9.0,0,7,9,69.0,0,0.0
Demario Douglas,WR,NE,SF,4,1.3,4.3,0,0,0.0,0,0.0,0,0.0,0,3,3,13.0,0,0.0
Demario Douglas,WR,NE,MIA,5,5.9,11.9,0,0,0.0,0,0.0,0,0.0,0,6,9,59.0,0,0.0
Demario Douglas,WR,NE,HOU,6,15.2,21.2,0,0,0.0,0,0.0,0,0.0,0,6,9,92.0,1,0.0
Demario Douglas,WR,NE,JAX,7,1.4,3.4,0,0,0.0,0,0.0,0,0.0,0,2,3,14.0,0,0.0
Demario Douglas,WR,NE,NYJ,8,1.2,3.2,0,0,0.0,0,0.0,0,0.0,0,2,3,12.0,0,0.0
Demario Douglas,WR,NE,TEN,9,3.5,10.5,0,0,0.0,0,0.0,0,0.0,0,7,9,35.0,0,0.0
Demario Douglas,WR,NE,CHI,10,5.0,9.0,0,0,0.0,0,0.0,0,0.0,0,4,5,50.0,0,0.0
Demario Douglas,WR,NE,LA,11,5.9,9.9,0,0,0.0,0,0.0,0,0.0,0,4,6,59.0,0,0.0
Demario Douglas,WR,NE,MIA,12,6.3,11.3,0,0,0.0,0,0.0,1,1.0,0,5,7,62.0,0,0.0
Demario Douglas,WR,NE,IND,13,2.0,6.0,0,0,0.0,0,0.0,0,0.0,0,4,4,20.0,0,0.0
Demario Douglas,WR,NE,ARI,15,7.1,10.1,0,0,0.0,0,0.0,0,0.0,0,3,3,11.0,1,0.0
Demario Douglas,WR,NE,BUF,16,3.9,7.9,0,0,0.0,0,0.0,1,6.0,0,4,5,33.0,0,0.0
Demario Douglas,WR,NE,LAC,17,10.6,14.6,0,0,0.0,0,0.0,0,0.0,0,4,5,46.0,1,0.0
Demario Douglas,WR,NE,BUF,18,3.4,6.4,0,0,0.0,0,0.0,0,0.0,0,3,4,34.0,0,0.0
Deommodore Lenoir,CB,SF,SF,5,6.0,6.0,0,0,0.0,0,0.0,0,0.0,0,0,0,0.0,0,0.0
Derek Carr,QB,NO,CAR,1,21.3,21.3,19,23,200.0,3,0.0,2,13.0,0,0,0,0.0,0,1.0
Derek Carr,QB,NO,DAL,2,21.82,21.82,11,16,243.0,2,1.0,1,1.0,1,0,0,0.0,0,1.0
Derek Carr,QB,NO,PHI,3,7.98,7.98,14,25,142.0,1,1.0,2,3.0,0,0,0,0.0,0,1.0
Derek Carr,QB,NO,ATL,4,8.06,8.06,28,36,239.0,0,1.0,3,5.0,0,0,0,0.0,0,1.0
Derek Carr,QB,NO,KC,5,12.6,12.6,18,28,165.0,2,1.0,0,0.0,0,0,0,0.0,0,1.0
Derek Carr,QB,NO,CAR,9,13.44,13.44,18,31,236.0,1,0.0,0,0.0,0,0,0,0.0,0,1.0
Derek Carr,QB,NO,ATL,10,20.46,20.46,16,25,269.0,2,0.0,4,17.0,0,0,0,0.0,0,0.0
Derek Carr,QB,NO,CLE,11,18.72,18.72,21,27,248.0,2,0.0,1,8.0,0,0,0,0.0,0,1.0
Derek Carr,QB,NO,LA,13,14.56,14.56,24,37,184.0,1,0.0,2,12.0,0,0,0,0.0,0,0.0
Derek Carr,QB,NO,NYG,14,11.96,11.96,20,31,219.0,1,1.0,2,12.0,0,0,0,0.0,0,1.0
Derius Davis,WR,LAC,LV,1,0.9,0.9,0,0,0.0,0,0.0,2,9.0,0,0,0,0.0,0,0.0
Derius Davis,WR,LAC,PIT,3,0.8,0.8,0,0,0.0,0,0.0,1,8.0,0,0,0,0.0,0,0.0
Derius Davis,WR,LAC,DEN,6,2.2,3.2,0,0,0.0,0,0.0,2,14.0,0,1,2,8.0,0,0.0
Derius Davis,WR,LAC,TEN,10,2.3,3.3,0,0,0.0,0,0.0,1,6.0,0,1,1,17.0,0,0.0
Derius Davis,WR,LAC,CIN,11,2.0,3.0,0,0,0.0,0,0.0,1,6.0,0,1,2,14.0,0,0.0
Derius Davis,WR,LAC,BAL,12,0.4,2.4,0,0,0.0,0,0.0,0,0.0,0,2,2,4.0,0,0.0
Derius Davis,WR,LAC,ATL,13,0.6,1.6,0,0,0.0,0,0.0,1,3.0,0,1,1,3.0,0,0.0
Derius Davis,WR,LAC,KC,14,0.1,2.1,0,0,0.0,0,0.0,1,0.0,0,2,4,1.0,0,0.0
Derius Davis,WR,LAC,DEN,16,8.8,10.8,0,0,0.0,0,0.0,1,-3.0,0,2,2,31.0,1,0.0
Derius Davis,WR,LAC,NE,17,8.6,10.6,0,0,0.0,0,0.0,1,-3.0,0,2,2,29.0,1,0.0
Derius Davis,WR,LAC,LV,18,0.4,1.4,0,0,0.0,0,0.0,1,-1.0,0,1,1,5.0,0,0.0
Derrick Henry,RB,BAL,KC,1,10.6,10.6,0,0,0.0,0,0.0,13,46.0,1,0,2,0.0,0,0.0
Derrick Henry,RB,BAL,LV,2,15.6,16.6,0,0,0.0,0,0.0,18,84.0,1,1,1,12.0,0,0.0
Derrick Henry,RB,BAL,DAL,3,29.4,30.4,0,0,0.0,0,0.0,25,151.0,2,1,1,23.0,0,0.0
Derrick Henry,RB,BAL,BUF,4,32.9,35.9,0,0,0.0,0,0.0,24,199.0,1,3,3,10.0,1,0.0
Derrick Henry,RB,BAL,CIN,5,15.6,16.6,0,0,0.0,0,0.0,15,92.0,1,1,1,4.0,0,0.0
Derrick Henry,RB,BAL,WAS,6,25.2,25.2,0,0,0.0,0,0.0,24,132.0,2,0,0,0.0,0,0.0
Derrick Henry,RB,BAL,TB,7,24.2,25.2,0,0,0.0,0,0.0,15,169.0,0,1,1,13.0,1,0.0
Derrick Henry,RB,BAL,CLE,8,13.7,14.7,0,0,0.0,0,0.0,11,73.0,1,1,1,4.0,0,0.0
Derrick Henry,RB,BAL,DEN,9,25.3,26.3,0,0,0.0,0,0.0,23,106.0,2,1,1,27.0,0,0.0
Derrick Henry,RB,BAL,CIN,10,13.1,14.1,0,0,0.0,0,0.0,16,68.0,1,1,1,3.0,0,0.0
Derrick Henry,RB,BAL,PIT,11,10.5,10.5,0,0,0.0,0,0.0,13,65.0,1,0,0,0.0,0,0.0
Derrick Henry,RB,BAL,LAC,12,14.0,14.0,0,0,0.0,0,0.0,24,140.0,0,0,0,0.0,0,0.0
Derrick Henry,RB,BAL,PHI,13,11.1,14.1,0,0,0.0,0,0.0,19,82.0,0,3,3,29.0,0,0.0
Derrick Henry,RB,BAL,NYG,15,6.7,6.7,0,0,0.0,0,0.0,14,67.0,0,0,0,0.0,0,0.0
Derrick Henry,RB,BAL,PIT,16,18.9,20.9,0,0,0.0,0,0.0,24,162.0,0,2,2,27.0,0,0.0
Derrick Henry,RB,BAL,HOU,17,22.5,24.5,0,0,0.0,0,0.0,27,147.0,1,2,2,18.0,0,0.0
Derrick Henry,RB,BAL,CLE,18,28.1,30.1,0,0,0.0,0,0.0,20,138.0,2,2,3,23.0,0,0.0
Deshaun Watson,QB,CLE,DAL,1,10.66,10.66,24,45,169.0,1,2.0,5,39.0,0,0,0,0.0,0,6.0
Deshaun Watson,QB,CLE,JAX,2,15.44,15.44,22,34,186.0,0,0.0,5,20.0,1,0,0,0.0,0,2.0
Deshaun Watson,QB,CLE,NYG,3,16.44,16.44,21,37,196.0,2,0.0,4,26.0,0,0,0,0.0,0,8.0
Deshaun Watson,QB,CLE,LV,4,12.24,12.24,24,32,176.0,1,1.0,8,32.0,0,0,0,0.0,0,3.0
Deshaun Watson,QB,CLE,WAS,5,8.4,8.4,15,28,125.0,1,0.0,3,14.0,0,0,0,0.0,0,7.0
Deshaun Watson,QB,CLE,PHI,6,8.42,8.42,16,23,168.0,0,0.0,4,17.0,0,0,0,0.0,0,5.0
Deshaun Watson,QB,CLE,CIN,7,5.12,5.12,15,17,128.0,0,0.0,2,0.0,0,0,0,0.0,0,2.0
Desmond Ridder,QB,LV,CIN,9,5.16,5.16,11,16,74.0,1,0.0,1,2.0,0,0,0,0.0,0,4.0
Desmond Ridder,QB,LV,DEN,12,0.86,0.86,5,10,64.0,0,0.0,1,3.0,0,0,0,0.0,0,2.0
Desmond Ridder,QB,LV,TB,14,4.34,4.34,12,18,101.0,0,0.0,2,3.0,0,0,0,0.0,0,1.0
Desmond Ridder,QB,LV,ATL,15,11.12,11.12,23,39,208.0,1,2.0,5,28.0,0,0,0,0.0,0,3.0
Desmond Ridder,QB,LV,LAC,18,0.44,0.44,1,2,11.0,0,0.0,0,0.0,0,0,0,0.0,0,0.0
Deuce Vaughn,RB,DAL,CLE,1,0.4,0.4,0,0,0.0,0,0.0,1,4.0,0,0,0,0.0,0,0.0
Deuce Vaughn,RB,DAL,NO,2,1.7,2.7,0,0,0.0,0,0.0,4,11.0,0,1,1,6.0,0,0.0
Deuce Vaughn,RB,DAL,BAL,3,1.3,2.3,0,0,0.0,0,0.0,2,5.0,0,1,2,8.0,0,0.0
Deuce Vaughn,RB,DAL,HOU,11,1.7,2.7,0,0,0.0,0,0.0,4,13.0,0,1,2,4.0,0,0.0
Deuce Vaughn,RB,DAL,WAS,18,3.7,3.7,0,0,0.0,0,0.0,6,37.0,0,0,0,0.0,0,0.0
Devaughn Vele,WR,DEN,SEA,1,3.9,11.9,0,0,0.0,0,0.0,0,0.0,0,8,8,39.0,0,0.0
Devaughn Vele,WR,DEN,LAC,6,7.8,11.8,0,0,0.0,0,0.0,0,0.0,0,4,6,78.0,0,0.0
Devaughn Vele,WR,DEN,NO,7,2.0,3.0,0,0,0.0,0,0.0,0,0.0,0,1,3,20.0,0,0.0
Devaughn Vele,WR,DEN,CAR,8,2.8,5.8,0,0,0.0,0,0.0,0,0.0,0,3,3,28.0,0,0.0
Devaughn Vele,WR,DEN,BAL,9,1.1,3.1,0,0,0.0,0,0.0,0,0.0,0,2,3,11.0,0,0.0
Devaughn Vele,WR,DEN,KC,10,9.9,13.9,0,0,0.0,0,0.0,0,0.0,0,4,4,39.0,1,0.0
Devaughn Vele,WR,DEN,ATL,11,6.6,10.6,0,0,0.0,0,0.0,0,0.0,0,4,5,66.0,0,0.0
Devaughn Vele,WR,DEN,LV,12,8.0,14.0,0,0,0.0,0,0.0,0,0.0,0,6,9,80.0,0,0.0
Devaughn Vele,WR,DEN,CLE,13,1.6,2.6,0,0,0.0,0,0.0,0,0.0,0,1,4,16.0,0,0.0
Devaughn Vele,WR,DEN,IND,15,0.0,0.0,0,0,0.0,0,0.0,0,0.0,0,0,1,0.0,0,0.0
Devaughn Vele,WR,DEN,LAC,16,8.1,10.1,0,0,0.0,0,0.0,0,0.0,0,2,3,21.0,1,0.0
Devaughn Vele,WR,DEN,CIN,17,2.7,4.7,0,0,0.0,0,0.0,0,0.0,0,2,2,27.0,0,0.0
Devaughn Vele,WR,DEN,KC,18,11.0,15.0,0,0,0.0,0,0.0,0,0.0,0,4,4,50.0,1,0.0
Deven Thompkins,WR,CAR,NO,9,-0.2,-0.2,0,0,0.0,0,0.0,1,-2.0,0,0,0,0.0,0,0.0
Deven Thompkins,WR,CAR,KC,12,1.3,4.3,0,0,0.0,0,0.0,0,0.0,0,3,3,13.0,0,0.0
Deven Thompkins,WR,CAR,PHI,14,0.7,1.7,0,0,0.0,0,0.0,0,0.0,0,1,1,7.0,0,0.0
Deven Thompkins,WR,CAR,ARI,16,0.9,0.9,0,0,0.0,0,0.0,1,9.0,0,0,0,0.0,0,0.0
Devin Culp,TE,TB,CAR,17,5.2,8.2,0,0,0.0,0,0.0,0,0.0,0,3,4,52.0,0,0.0
Devin Culp,TE,TB,NO,18,3.6,5.6,0,0,0.0,0,0.0,0,0.0,0,2,2,36.0,0,0.0
Devin Duvernay,WR,JAX,MIA,1,0.3,0.3,0,0,0.0,0,0.0,1,3.0,0,0,0,0.0,0,0.0
Devin Duvernay,WR,JAX,CLE,2,0.4,0.4,0,0,0.0,0,0.0,1,4.0,0,0,0,0.0,0,0.0
Devin Duvernay,WR,JAX,BUF,3,-0.1,0.9,0,0,0.0,0,0.0,0,0.0,0,1,1,-1.0,0,0.0
Devin Duvernay,WR,JAX,IND,5,0.3,0.3,0,0,0.0,0,0.0,1,3.0,0,0,0,0.0,0,0.0
Devin Duvernay,WR,JAX,DET,11,0.0,0.0,0,0,0.0,0,0.0,0,0.0,0,0,2,0.0,0,0.0
Devin Duvernay,WR,JAX,HOU,13,2.3,4.3,0,0,0.0,0,0.0,0,0.0,0,2,4,23.0,0,0.0
Devin Duvernay,WR,JAX,TEN,14,0.1,3.1,0,0,0.0,0,0.0,1,-7.0,0,3,3,8.0,0,0.0
Devin Duvernay,WR,JAX,NYJ,15,4.2,7.2,0,0,0.0,0,0.0,0,0.0,0,3,4,42.0,0,0.0
Devin Duvernay,WR,JAX,LV,16,0.3,1.3,0,0,0.0,0,0.0,0,0.0,0,1,1,3.0,0,0.0
Devin Duvernay,WR,JAX,TEN,17,0.4,1.4,0,0,0.0,0,0.0,0,0.0,0,1,1,4.0,0,0.0
Devin Singletary,RB,NYG,MIN,1,5.2,9.2,0,0,0.0,0,0.0,10,37.0,0,4,5,15.0,0,0.0
Devin Singletary,RB,NYG,WAS,2,13.5,14.5,0,0,0.0,0,0.0,16,95.0,1,1,1,0.0,0,0.0
Devin Singletary,RB,NYG,CLE,3,14.8,18.8,0,0,0.0,0,0.0,16,65.0,1,4,4,43.0,0,0.0
Devin Singletary,RB,NYG,DAL,4,3.8,4.8,0,0,0.0,0,0.0,14,24.0,0,1,1,14.0,0,0.0
Devin Singletary,RB,NYG,PHI,7,2.1,3.1,0,0,0.0,0,0.0,5,18.0,0,1,1,3.0,0,0.0
Devin Singletary,RB,NYG,PIT,8,2.3,4.3,0,0,0.0,0,0.0,2,11.0,0,2,3,12.0,0,0.0
Devin Singletary,RB,NYG,WAS,9,3.3,3.3,0,0,0.0,0,0.0,7,33.0,0,0,0,0.0,0,0.0
Devin Singletary,RB,NYG,CAR,10,4.5,5.5,0,0,0.0,0,0.0,8,40.0,0,1,1,5.0,0,0.0
Devin Singletary,RB,NYG,TB,12,7.0,9.0,0,0,0.0,0,0.0,2,3.0,1,2,2,7.0,0,0.0
Devin Singletary,RB,NYG,DAL,13,2.3,2.3,0,0,0.0,0,0.0,7,23.0,0,0,1,0.0,0,0.0
Devin Singletary,RB,NYG,NO,14,0.8,0.8,0,0,0.0,0,0.0,2,8.0,0,0,0,0.0,0,0.0
Devin Singletary,RB,NYG,BAL,15,10.1,13.1,0,0,0.0,0,0.0,8,25.0,1,3,3,16.0,0,0.0
Devin Singletary,RB,NYG,ATL,16,1.2,1.2,0,0,0.0,0,0.0,4,12.0,0,0,0,0.0,0,0.0
Devin Singletary,RB,NYG,IND,17,3.0,4.0,0,0,0.0,0,0.0,5,21.0,0,1,1,9.0,0,0.0
Devin Singletary,RB,NYG,PHI,18,1.7,2.7,0,0,0.0,0,0.0,7,22.0,0,1,1,-5.0,0,0.0
Devon Achane,RB,MIA,JAX,1,16.0,23.0,0,0,0.0,0,0.0,10,24.0,1,7,7,76.0,0,0.0
Devon Achane,RB,MIA,BUF,2,22.5,29.5,0,0,0.0,0,0.0,22,96.0,0,7,7,69.0,1,0.0
Devon Achane,RB,MIA,SEA,3,5.8,8.8,0,0,0.0,0,0.0,11,30.0,0,3,5,28.0,0,0.0
Devon Achane,RB,MIA,TEN,4,2.9,5.9,0,0,0.0,0,0.0,10,15.0,0,3,3,14.0,0,0.0
Devon Achane,RB,MIA,NE,5,1.7,2.7,0,0,0.0,0,0.0,3,18.0,0,1,1,-1.0,0,0.0
Devon Achane,RB,MIA,IND,7,8.5,10.5,0,0,0.0,0,0.0,15,77.0,0,2,3,8.0,0,0.0
Devon Achane,RB,MIA,ARI,8,20.7,26.7,0,0,0.0,0,0.0,10,97.0,0,6,8,50.0,1,0.0
Devon Achane,RB,MIA,BUF,9,24.1,32.1,0,0,0.0,0,0.0,12,63.0,1,8,8,58.0,1,0.0
Devon Achane,RB,MIA,LA,10,5.2,10.2,0,0,0.0,0,0.0,12,37.0,0,5,5,15.0,0,0.0
Devon Achane,RB,MIA,LV,11,16.5,20.5,0,0,0.0,0,0.0,17,73.0,1,4,4,32.0,0,0.0
Devon Achane,RB,MIA,NE,12,17.6,20.6,0,0,0.0,0,0.0,10,32.0,0,3,4,24.0,2,0.0
Devon Achane,RB,MIA,GB,13,13.0,21.0,0,0,0.0,0,0.0,7,14.0,0,8,9,56.0,1,0.0
Devon Achane,RB,MIA,NYJ,14,12.9,18.9,0,0,0.0,0,0.0,14,24.0,1,6,7,45.0,0,0.0
Devon Achane,RB,MIA,HOU,15,7.6,14.6,0,0,0.0,0,0.0,12,41.0,0,7,7,35.0,0,0.0
Devon Achane,RB,MIA,SF,16,25.0,31.0,0,0,0.0,0,0.0,17,120.0,1,6,7,70.0,0,0.0
Devon Achane,RB,MIA,CLE,17,3.8,5.8,0,0,0.0,0,0.0,10,25.0,0,2,2,13.0,0,0.0
Devon Achane,RB,MIA,NYJ,18,18.1,18.1,0,0,0.0,0,0.0,11,121.0,1,0,0,0.0,0,0.0
Devontez Walker,WR,BAL,NYG,15,8.1,9.1,0,0,0.0,0,0.0,0,0.0,0,1,1,21.0,1,0.0
Devontez Walker,WR,BAL,HOU,17,0.0,0.0,0,0,0.0,0,0.0,0,0.0,0,0,2,0.0,0,0.0
Diontae Johnson,WR,CAR,NO,1,1.9,3.9,0,0,0.0,0,0.0,0,0.0,0,2,6,19.0,0,0.0
Diontae Johnson,WR,CAR,LAC,2,1.5,4.5,0,0,0.0,0,0.0,0,0.0,0,3,6,15.0,0,0.0
Diontae Johnson,WR,CAR,LV,3,18.2,26.2,0,0,0.0,0,0.0,0,0.0,0,8,14,122.0,1,0.0
Diontae Johnson,WR,CAR,CIN,4,14.3,21.3,0,0,0.0,0,0.0,0,0.0,0,7,13,83.0,1,0.0
Diontae Johnson,WR,CAR,CHI,5,2.9,5.9,0,0,0.0,0,0.0,2,6.0,0,3,6,23.0,0,0.0
Diontae Johnson,WR,CAR,ATL,6,13.8,19.8,0,0,0.0,0,0.0,0,0.0,0,6,10,78.0,1,0.0
Diontae Johnson,WR,CAR,WAS,7,1.7,2.7,0,0,0.0,0,0.0,0,0.0,0,1,3,17.0,0,0.0
Diontae Johnson,WR,BAL,CIN,10,0.6,1.6,0,0,0.0,0,0.0,0,0.0,0,1,2,6.0,0,0.0
Diontae Johnson,WR,BAL,PIT,11,0.0,0.0,0,0,0.0,0,0.0,0,0.0,0,0,2,0.0,0,0.0
Diontae Johnson,WR,BAL,LAC,12,0.0,0.0,0,0,0.0,0,0.0,0,0.0,0,0,1,0.0,0,0.0
Diontae Johnson,WR,HOU,TEN,18,1.2,3.2,0,0,0.0,0,0.0,0,0.0,0,2,4,12.0,0,0.0
Divine Deablo,MLB,LV,DEN,12,3.4,4.4,0,0,0.0,0,0.0,0,0.0,0,1,1,34.0,0,0.0
Dontayvion Wicks,WR,GB,PHI,1,0.0,0.0,0,0,0.0,0,0.0,0,0.0,0,0,3,0.0,0,0.0
Dontayvion Wicks,WR,GB,IND,2,8.6,11.6,0,0,0.0,0,0.0,0,0.0,0,3,4,26.0,1,0.0
Dontayvion Wicks,WR,GB,TEN,3,0.0,0.0,0,0,0.0,0,0.0,0,0.0,0,0,2,0.0,0,0.0
Dontayvion Wicks,WR,GB,MIN,4,19.8,24.8,0,0,0.0,0,0.0,0,0.0,0,5,13,78.0,2,0.0
Dontayvion Wicks,WR,GB,LA,5,2.0,4.0,0,0,0.0,0,0.0,0,0.0,0,2,7,20.0,0,0.0
Dontayvion Wicks,WR,GB,ARI,6,0.9,1.9,0,0,0.0,0,0.0,0,0.0,0,1,3,9.0,0,0.0
Dontayvion Wicks,WR,GB,HOU,7,10.8,13.8,0,0,0.0,0,0.0,0,0.0,0,3,6,48.0,1,0.0
Dontayvion Wicks,WR,GB,JAX,8,1.1,3.1,0,0,0.0,0,0.0,0,0.0,0,2,2,11.0,0,0.0
Dontayvion Wicks,WR,GB,DET,9,0.0,0.0,0,0,0.0,0,0.0,0,0.0,0,0,3,0.0,0,0.0
Dontayvion Wicks,WR,GB,CHI,11,0.0,0.0,0,0,0.0,0,0.0,0,0.0,0,0,1,0.0,0,0.0
Dontayvion Wicks,WR,GB,SF,12,2.5,3.5,0,0,0.0,0,0.0,0,0.0,0,1,2,25.0,0,0.0
Dontayvion Wicks,WR,GB,MIA,13,3.0,7.0,0,0,0.0,0,0.0,0,0.0,0,4,5,30.0,0,0.0
Dontayvion Wicks,WR,GB,DET,14,4.9,8.9,0,0,0.0,0,0.0,0,0.0,0,4,5,49.0,0,0.0
Dontayvion Wicks,WR,GB,SEA,15,1.4,3.4,0,0,0.0,0,0.0,0,0.0,0,2,2,14.0,0,0.0
Dontayvion Wicks,WR,GB,NO,16,7.3,10.3,0,0,0.0,0,0.0,0,0.0,0,3,7,13.0,1,0.0
Dontayvion Wicks,WR,GB,MIN,17,4.3,8.3,0,0,0.0,0,0.0,0,0.0,0,4,5,43.0,0,0.0
Dontayvion Wicks,WR,GB,CHI,18,4.9,9.9,0,0,0.0,0,0.0,0,0.0,0,5,6,49.0,0,0.0
Dorian Thompson-Robinson,QB,CLE,CIN,7,3.68,3.68,11,24,82.0,0,2.0,3,44.0,0,0,0,0.0,0,1.0
Dorian Thompson-Robinson,QB,CLE,NO,11,0.0,0.0,0,1,0.0,0,0.0,0,0.0,0,0,0,0.0,0,0.0
Dorian Thompson-Robinson,QB,CLE,KC,15,0.32,0.32,4,9,18.0,0,1.0,3,16.0,0,0,0,0.0,0,0.0
Dorian Thompson-Robinson,QB,CLE,CIN,16,7.18,7.18,20,34,157.0,0,2.0,9,49.0,0,0,0,0.0,0,5.0
Dorian Thompson-Robinson,QB,CLE,MIA,17,3.8,3.8,24,47,170.0,0,1.0,4,10.0,0,0,0,0.0,0,1.0
Dorian Thompson-Robinson,QB,CLE,BAL,18,0.82,0.82,2,3,13.0,0,0.0,2,3.0,0,0,0,0.0,0,1.0
Drake London,WR,ATL,PIT,1,1.5,3.5,0,0,0.0,0,0.0,0,0.0,0,2,3,15.0,0,0.0
Drake London,WR,ATL,PHI,2,11.4,17.4,0,0,0.0,0,0.0,0,0.0,0,6,7,54.0,1,0.0
Drake London,WR,ATL,KC,3,12.7,18.7,0,0,0.0,0,0.0,0,0.0,0,6,9,67.0,1,0.0
Drake London,WR,ATL,NO,4,6.4,12.4,0,0,0.0,0,0.0,0,0.0,0,6,12,64.0,0,0.0
Drake London,WR,ATL,TB,5,21.4,33.4,0,0,0.0,0,0.0,0,0.0,0,12,13,154.0,1,0.0
Drake London,WR,ATL,CAR,6,13.4,19.4,0,0,0.0,0,0.0,0,0.0,0,6,10,74.0,1,0.0
Drake London,WR,ATL,SEA,7,12.3,18.3,0,0,0.0,0,0.0,0,0.0,0,6,8,63.0,1,0.0
Drake London,WR,ATL,TB,8,3.4,7.4,0,0,0.0,0,0.0,0,0.0,0,4,6,34.0,0,0.0
Drake London,WR,ATL,DAL,9,8.7,10.7,0,0,0.0,0,0.0,0,0.0,0,2,2,27.0,1,0.0
Drake London,WR,ATL,NO,10,9.7,17.7,0,0,0.0,0,0.0,0,0.0,0,8,13,97.0,0,0.0
Drake London,WR,ATL,DEN,11,6.1,9.1,0,0,0.0,0,0.0,0,0.0,0,3,7,61.0,0,0.0
Drake London,WR,ATL,LAC,13,8.3,17.3,0,0,0.0,0,0.0,1,-3.0,0,9,16,86.0,0,0.0
Drake London,WR,ATL,MIN,14,7.0,12.0,0,0,0.0,0,0.0,0,0.0,0,5,10,70.0,0,0.0
Drake London,WR,ATL,LV,15,11.3,14.3,0,0,0.0,0,0.0,0,0.0,0,3,3,53.0,1,0.0
Drake London,WR,ATL,NYG,16,5.9,10.9,0,0,0.0,0,0.0,0,0.0,0,5,8,59.0,0,0.0
Drake London,WR,ATL,WAS,17,10.6,17.6,0,0,0.0,0,0.0,0,0.0,0,7,13,106.0,0,0.0
Drake London,WR,ATL,CAR,18,30.7,40.7,0,0,0.0,0,0.0,0,0.0,0,10,18,187.0,2,0.0
Drake Maye,QB,NE,NYJ,3,2.08,2.08,4,8,22.0,0,0.0,2,12.0,0,0,0,0.0,0,2.0
Drake Maye,QB,NE,HOU,6,19.52,19.52,20,33,243.0,3,2.0,5,38.0,0,0,0,0.0,0,4.0
Drake Maye,QB,NE,JAX,7,20.84,20.84,26,37,276.0,2,0.0,3,18.0,0,0,0,0.0,0,2.0
Drake Maye,QB,NE,NYJ,8,11.52,11.52,3,6,23.0,0,0.0,3,46.0,1,0,0,0.0,0,1.0
Drake Maye,QB,NE,TEN,9,15.74,15.74,29,41,206.0,1,2.0,8,95.0,0,0,0,0.0,0,4.0
Drake Maye,QB,NE,CHI,10,11.76,11.76,15,25,184.0,1,1.0,4,24.0,0,0,0,0.0,0,1.0
Drake Maye,QB,NE,LA,11,17.98,17.98,29,39,282.0,2,1.0,3,27.0,0,0,0,0.0,0,3.0
Drake Maye,QB,NE,MIA,12,13.48,13.48,22,37,222.0,1,1.0,5,26.0,0,0,0,0.0,0,4.0
Drake Maye,QB,NE,IND,13,19.42,19.42,24,30,238.0,1,1.0,5,59.0,0,0,0,0.0,0,4.0
Drake Maye,QB,NE,ARI,15,17.48,17.48,19,23,202.0,1,1.0,4,14.0,1,0,0,0.0,0,2.0
Drake Maye,QB,NE,BUF,16,17.44,17.44,22,36,261.0,2,1.0,6,30.0,0,0,0,0.0,0,2.0
Drake Maye,QB,NE,LAC,17,9.88,9.88,12,22,117.0,1,0.0,6,32.0,0,0,0,0.0,0,4.0
Drake Maye,QB,NE,BUF,18,0.0,0.0,0,1,0.0,0,0.0,0,0.0,0,0,0,0.0,0,1.0
Drew Lock,QB,NYG,PHI,7,1.54,1.54,3,8,6.0,0,0.0,1,13.0,0,0,0,0.0,0,1.0
Drew Lock,QB,NYG,TB,12,0.12,0.12,1,1,3.0,0,0.0,0,0.0,0,0,0,0.0,0,0.0
Drew Lock,QB,NYG,DAL,13,14.82,14.82,21,32,178.0,0,1.0,4,57.0,1,0,0,0.0,0,6.0
Drew Lock,QB,NYG,NO,14,14.98,14.98,21,49,227.0,0,1.0,5,59.0,0,0,0,0.0,0,2.0
Drew Lock,QB,NYG,ATL,16,6.5,6.5,22,39,210.0,1,2.0,1,1.0,0,0,0,0.0,0,3.0
Drew Lock,QB,NYG,IND,17,34.36,34.36,17,23,309.0,4,0.0,5,0.0,1,0,0,0.0,0,0.0
Drew Lock,QB,NYG,PHI,18,7.82,7.82,22,29,138.0,1,1.0,2,3.0,0,0,0,0.0,0,0.0
Drew Sample,TE,CIN,KC,2,2.8,5.8,0,0,0.0,0,0.0,0,0.0,0,3,3,28.0,0,0.0
Drew Sample,TE,CIN,CAR,4,0.0,1.0,0,0,0.0,0,0.0,0,0.0,0,1,1,0.0,0,0.0
Drew Sample,TE,CIN,CLE,7,0.0,0.0,0,0,0.0,0,0.0,0,0.0,0,0,1,0.0,0,0.0
Drew Sample,TE,CIN,LV,9,7.4,11.4,0,0,0.0,0,0.0,0,0.0,0,4,4,14.0,1,0.0
Drew Sample,TE,CIN,LAC,11,0.5,1.5,0,0,0.0,0,0.0,1,-4.0,0,1,2,9.0,0,0.0
Drew Sample,TE,CIN,PIT,13,0.8,2.8,0,0,0.0,0,0.0,0,0.0,0,2,2,8.0,0,0.0
Drew Sample,TE,CIN,DAL,14,1.3,3.3,0,0,0.0,0,0.0,0,0.0,0,2,2,13.0,0,0.0
Drew Sample,TE,CIN,TEN,15,0.8,1.8,0,0,0.0,0,0.0,0,0.0,0,1,1,8.0,0,0.0
Drew Sample,TE,CIN,CLE,16,1.2,2.2,0,0,0.0,0,0.0,0,0.0,0,1,1,12.0,0,0.0
Drew Sample,TE,CIN,DEN,17,0.3,1.3,0,0,0.0,0,0.0,0,0.0,0,1,1,3.0,0,0.0
Drew Sample,TE,CIN,PIT,18,1.4,5.4,0,0,0.0,0,0.0,0,0.0,0,4,4,14.0,0,0.0
Durham Smythe,TE,MIA,JAX,1,0.0,0.0,0,0,0.0,0,0.0,0,0.0,0,0,3,0.0,0,0.0
Durham Smythe,TE,MIA,BUF,2,0.8,1.8,0,0,0.0,0,0.0,0,0.0,0,1,1,8.0,0,0.0
Durham Smythe,TE,MIA,SEA,3,0.3,1.3,0,0,0.0,0,0.0,0,0.0,0,1,2,3.0,0,0.0
Durham Smythe,TE,MIA,NE,5,0.0,0.0,0,0,0.0,0,0.0,0,0.0,0,0,1,0.0,0,0.0
Durham Smythe,TE,MIA,BUF,9,0.4,1.4,0,0,0.0,0,0.0,0,0.0,0,1,1,4.0,0,0.0
Durham Smythe,TE,MIA,LA,10,0.6,1.6,0,0,0.0,0,0.0,0,0.0,0,1,1,6.0,0,0.0
Durham Smythe,TE,MIA,LV,11,0.3,1.3,0,0,0.0,0,0.0,0,0.0,0,1,1,3.0,0,0.0
Durham Smythe,TE,MIA,NE,12,0.8,1.8,0,0,0.0,0,0.0,0,0.0,0,1,1,8.0,0,0.0
Durham Smythe,TE,MIA,GB,13,0.8,1.8,0,0,0.0,0,0.0,0,0.0,0,1,1,8.0,0,0.0
Durham Smythe,TE,MIA,NYJ,14,0.0,0.0,0,0,0.0,0,0.0,0,0.0,0,0,1,0.0,0,0.0
Durham Smythe,TE,MIA,HOU,15,0.8,1.8,0,0,0.0,0,0.0,0,0.0,0,1,1,8.0,0,0.0
Durham Smythe,TE,MIA,SF,16,0.5,1.5,0,0,0.0,0,0.0,0,0.0,0,1,2,5.0,0,0.0
Durham Smythe,TE,MIA,NYJ,18,0.0,0.0,0,0,0.0,0,0.0,0,0.0,0,0,1,0.0,0,0.0
Dyami Brown,WR,WAS,NYG,2,1.7,3.7,0,0,0.0,0,0.0,0,0.0,0,2,4,17.0,0,0.0
Dyami Brown,WR,WAS,CIN,3,1.6,3.6,0,0,0.0,0,0.0,0,0.0,0,2,2,16.0,0,0.0
Dyami Brown,WR,WAS,ARI,4,0.4,1.4,0,0,0.0,0,0.0,0,0.0,0,1,1,4.0,0,0.0
Dyami Brown,WR,WAS,CLE,5,11.7,13.7,0,0,0.0,0,0.0,0,0.0,0,2,2,57.0,1,0.0
Dyami Brown,WR,WAS,BAL,6,1.1,2.1,0,0,0.0,0,0.0,0,0.0,0,1,1,11.0,0,0.0
Dyami Brown,WR,WAS,CAR,7,2.3,3.3,0,0,0.0,0,0.0,0,0.0,0,1,3,23.0,0,0.0
Dyami Brown,WR,WAS,CHI,8,0.6,1.6,0,0,0.0,0,0.0,0,0.0,0,1,1,6.0,0,0.0
Dyami Brown,WR,WAS,NYG,9,2.4,3.4,0,0,0.0,0,0.0,0,0.0,0,1,1,24.0,0,0.0
Dyami Brown,WR,WAS,PIT,10,-1.3,0.7,0,0,0.0,0,0.0,0,0.0,0,2,3,-13.0,0,0.0
Dyami Brown,WR,WAS,PHI,11,0.4,1.4,0,0,0.0,0,0.0,0,0.0,0,1,2,4.0,0,0.0
Dyami Brown,WR,WAS,DAL,12,3.6,5.6,0,0,0.0,0,0.0,1,14.0,0,2,2,22.0,0,0.0
Dyami Brown,WR,WAS,TEN,13,3.9,7.9,0,0,0.0,0,0.0,1,4.0,0,4,5,35.0,0,0.0
Dyami Brown,WR,WAS,NO,15,3.0,6.0,0,0,0.0,0,0.0,0,0.0,0,3,4,30.0,0,0.0
Dyami Brown,WR,WAS,PHI,16,3.6,7.6,0,0,0.0,0,0.0,0,0.0,0,4,5,56.0,0,0.0
Dyami Brown,WR,WAS,DAL,18,2.4,5.4,0,1,0.0,0,0.0,1,8.0,0,3,4,16.0,0,0.0
Dylan Laube,RB,LV,PIT,6,-2.0,-2.0,0,0,0.0,0,0.0,1,0.0,0,0,0,0.0,0,0.0
E.J. Jenkins,TE,PHI,DAL,17,0.0,0.0,0,0,0.0,0,0.0,0,0.0,0,0,1,0.0,0,0.0
E.J. Jenkins,TE,PHI,NYG,18,6.7,7.7,0,0,0.0,0,0.0,0,0.0,0,1,1,7.0,1,0.0
Elijah Higgins,TE,ARI,BUF,1,1.2,3.2,0,0,0.0,0,0.0,0,0.0,0,2,2,12.0,0,0.0
Elijah Higgins,TE,ARI,LA,2,7.8,8.8,0,0,0.0,0,0.0,0,0.0,0,1,1,18.0,1,0.0
Elijah Higgins,TE,ARI,DET,3,1.1,2.1,0,0,0.0,0,0.0,0,0.0,0,1,1,11.0,0,0.0
Elijah Higgins,TE,ARI,WAS,4,1.2,3.2,0,0,0.0,0,0.0,0,0.0,0,2,3,12.0,0,0.0
Elijah Higgins,TE,ARI,SF,5,6.2,7.2,0,0,0.0,0,0.0,0,0.0,0,1,1,2.0,1,0.0
Elijah Higgins,TE,ARI,LAC,7,0.1,1.1,0,0,0.0,0,0.0,0,0.0,0,1,1,1.0,0,0.0
Elijah Higgins,TE,ARI,MIA,8,1.3,3.3,0,0,0.0,0,0.0,0,0.0,0,2,2,13.0,0,0.0
Elijah Higgins,TE,ARI,CHI,9,3.4,5.4,0,0,0.0,0,0.0,0,0.0,0,2,2,34.0,0,0.0
Elijah Higgins,TE,ARI,NYJ,10,1.3,3.3,0,0,0.0,0,0.0,0,0.0,0,2,2,13.0,0,0.0
Elijah Higgins,TE,ARI,SEA,12,0.5,1.5,0,0,0.0,0,0.0,0,0.0,0,1,2,5.0,0,0.0
Elijah Higgins,TE,ARI,MIN,13,2.3,4.3,0,0,0.0,0,0.0,0,0.0,0,2,2,23.0,0,0.0
Elijah Higgins,TE,ARI,NE,15,0.5,1.5,0,0,0.0,0,0.0,0,0.0,0,1,1,5.0,0,0.0
Elijah Higgins,TE,ARI,CAR,16,0.0,0.0,0,0,0.0,0,0.0,0,0.0,0,0,1,0.0,0,0.0
Elijah Higgins,TE,ARI,LA,17,2.3,4.3,0,0,0.0,0,0.0,0,0.0,0,2,3,23.0,0,0.0
Elijah Moore,WR,CLE,DAL,1,0.9,3.9,0,0,0.0,0,0.0,0,0.0,0,3,6,9.0,0,0.0
Elijah Moore,WR,CLE,JAX,2,4.4,10.4,0,0,0.0,0,0.0,0,0.0,0,6,8,44.0,0,0.0
Elijah Moore,WR,CLE,NYG,3,1.7,3.7,0,0,0.0,0,0.0,0,0.0,0,2,3,17.0,0,0.0
Elijah Moore,WR,CLE,LV,4,1.1,2.1,0,0,0.0,0,0.0,0,0.0,0,1,1,11.0,0,0.0
Elijah Moore,WR,CLE,WAS,5,1.1,4.1,0,0,0.0,0,0.0,0,0.0,0,3,4,11.0,0,0.0
Elijah Moore,WR,CLE,PHI,6,0.3,1.3,0,0,0.0,0,0.0,0,0.0,0,1,1,3.0,0,0.0
Elijah Moore,WR,CLE,CIN,7,4.1,10.1,0,0,0.0,0,0.0,0,0.0,0,6,6,41.0,0,0.0
Elijah Moore,WR,CLE,BAL,8,8.5,16.5,0,0,0.0,0,0.0,0,0.0,0,8,12,85.0,0,0.0
Elijah Moore,WR,CLE,LAC,9,2.8,5.8,0,0,0.0,0,0.0,0,0.0,0,3,9,28.0,0,0.0
Elijah Moore,WR,CLE,NO,11,12.6,18.6,0,0,0.0,0,0.0,0,0.0,0,6,8,66.0,1,0.0
Elijah Moore,WR,CLE,PIT,12,2.1,5.1,0,0,0.0,0,0.0,0,0.0,0,3,5,21.0,0,0.0
Elijah Moore,WR,CLE,DEN,13,11.2,19.2,0,0,0.0,0,0.0,1,1.0,0,8,14,111.0,0,0.0
Elijah Moore,WR,CLE,PIT,14,3.4,6.4,0,0,0.0,0,0.0,0,0.0,0,3,4,34.0,0,0.0
Elijah Moore,WR,CLE,KC,15,-0.1,1.9,0,0,0.0,0,0.0,0,0.0,0,2,6,-1.0,0,0.0
Elijah Moore,WR,CLE,CIN,16,2.1,4.1,0,0,0.0,0,0.0,0,0.0,0,2,5,21.0,0,0.0
Elijah Moore,WR,CLE,MIA,17,0.1,1.1,0,0,0.0,0,0.0,0,0.0,0,1,5,1.0,0,0.0
Elijah Moore,WR,CLE,BAL,18,3.6,6.6,0,0,0.0,0,0.0,0,0.0,0,3,5,36.0,0,0.0
Emanuel Wilson,RB,GB,PHI,1,4.8,6.8,0,0,0.0,0,0.0,4,46.0,0,2,3,2.0,0,0.0
Emanuel Wilson,RB,GB,IND,2,0.9,0.9,0,0,0.0,0,0.0,5,9.0,0,0,0,0.0,0,0.0
Emanuel Wilson,RB,GB,TEN,3,14.5,16.5,0,0,0.0,0,0.0,12,50.0,0,2,2,35.0,1,0.0
Emanuel Wilson,RB,GB,MIN,4,2.7,2.7,0,0,0.0,0,0.0,8,27.0,0,0,1,0.0,0,0.0
Emanuel Wilson,RB,GB,LA,5,1.5,2.5,0,0,0.0,0,0.0,6,24.0,0,1,1,-9.0,0,0.0
Emanuel Wilson,RB,GB,ARI,6,7.3,8.3,0,0,0.0,0,0.0,7,54.0,0,1,2,19.0,0,0.0
Emanuel Wilson,RB,GB,HOU,7,1.1,1.1,0,0,0.0,0,0.0,5,11.0,0,0,0,0.0,0,0.0
Emanuel Wilson,RB,GB,JAX,8,0.3,2.3,0,0,0.0,0,0.0,4,5.0,0,2,2,-2.0,0,0.0
Emanuel Wilson,RB,GB,DET,9,8.9,9.9,0,0,0.0,0,0.0,4,28.0,1,1,1,1.0,0,0.0
Emanuel Wilson,RB,GB,CHI,11,1.7,1.7,0,0,0.0,0,0.0,2,17.0,0,0,0,0.0,0,0.0
Emanuel Wilson,RB,GB,SF,12,4.1,4.1,0,0,0.0,0,0.0,9,41.0,0,0,0,0.0,0,0.0
Emanuel Wilson,RB,GB,MIA,13,2.0,2.0,0,0,0.0,0,0.0,2,20.0,0,0,0,0.0,0,0.0
Emanuel Wilson,RB,GB,DET,14,0.7,0.7,0,0,0.0,0,0.0,1,7.0,0,0,0,0.0,0,0.0
Emanuel Wilson,RB,GB,SEA,15,0.9,0.9,0,0,0.0,0,0.0,3,9.0,0,0,0,0.0,0,0.0
Emanuel Wilson,RB,GB,NO,16,11.6,12.6,0,0,0.0,0,0.0,11,52.0,1,1,1,4.0,0,0.0
Emanuel Wilson,RB,GB,MIN,17,8.9,8.9,0,0,0.0,0,0.0,6,29.0,1,0,0,0.0,0,0.0
Emanuel Wilson,RB,GB,CHI,18,13.1,14.1,0,0,0.0,0,0.0,14,73.0,1,1,1,-2.0,0,0.0
Emari Demercado,RB,ARI,BUF,1,2.6,4.6,0,0,0.0,0,0.0,0,0.0,0,2,2,26.0,0,0.0
Emari Demercado,RB,ARI,LA,2,4.6,4.6,0,0,0.0,0,0.0,2,46.0,0,0,0,0.0,0,0.0
Emari Demercado,RB,ARI,DET,3,0.7,0.7,0,0,0.0,0,0.0,2,7.0,0,0,0,0.0,0,0.0
Emari Demercado,RB,ARI,WAS,4,2.4,3.4,0,0,0.0,0,0.0,4,24.0,0,1,1,0.0,0,0.0
Emari Demercado,RB,ARI,SF,5,0.0,1.0,0,0,0.0,0,0.0,0,0.0,0,1,1,0.0,0,0.0
Emari Demercado,RB,ARI,GB,6,6.4,11.4,0,0,0.0,0,0.0,4,25.0,0,5,7,39.0,0,0.0
Emari Demercado,RB,ARI,LAC,7,1.4,1.4,0,0,0.0,0,0.0,1,14.0,0,0,0,0.0,0,0.0
Emari Demercado,RB,ARI,MIA,8,0.0,0.0,0,0,0.0,0,0.0,0,0.0,0,0,1,0.0,0,0.0
Emari Demercado,RB,ARI,CHI,9,14.0,16.0,0,0,0.0,0,0.0,4,59.0,1,2,2,21.0,0,0.0
Emari Demercado,RB,ARI,NYJ,10,2.2,2.2,0,0,0.0,0,0.0,3,22.0,0,0,0,0.0,0,0.0
Emari Demercado,RB,ARI,SEA,12,1.4,1.4,0,0,0.0,0,0.0,1,14.0,0,0,0,0.0,0,0.0
Emari Demercado,RB,ARI,MIN,13,1.5,2.5,0,0,0.0,0,0.0,3,12.0,0,1,2,3.0,0,0.0
Emari Demercado,RB,ARI,SEA,14,1.5,5.5,0,0,0.0,0,0.0,0,0.0,0,4,4,15.0,0,0.0
Eric Gray,RB,NYG,MIN,1,1.5,2.5,0,0,0.0,0,0.0,2,6.0,0,1,1,9.0,0,0.0
Eric Gray,RB,NYG,CLE,3,0.0,0.0,0,0,0.0,0,0.0,1,0.0,0,0,0,0.0,0,0.0
Eric Gray,RB,NYG,DAL,4,0.1,0.1,0,0,0.0,0,0.0,1,1.0,0,0,0,0.0,0,0.0
Eric Gray,RB,NYG,SEA,5,3.4,6.4,0,0,0.0,0,0.0,4,4.0,0,3,4,50.0,0,0.0
Eric Gray,RB,NYG,CIN,6,1.3,1.3,0,0,0.0,0,0.0,3,13.0,0,0,0,0.0,0,0.0
Eric Gray,RB,NYG,PHI,7,0.9,1.9,0,0,0.0,0,0.0,1,2.0,0,1,1,7.0,0,0.0
Eric Gray,RB,NYG,PIT,8,0.3,1.3,0,0,0.0,0,0.0,0,0.0,0,1,1,3.0,0,0.0
Eric Gray,RB,NYG,TB,12,0.6,2.6,0,0,0.0,0,0.0,1,-1.0,0,2,2,7.0,0,0.0
Eric Gray,RB,NYG,ATL,16,0.2,1.2,0,0,0.0,0,0.0,0,0.0,0,1,1,2.0,0,0.0
Eric Gray,RB,NYG,PHI,18,1.0,2.0,0,0,0.0,0,0.0,1,6.0,0,1,1,4.0,0,0.0
Eric Saubert,TE,SF,NYJ,1,0.0,0.0,0,0,0.0,0,0.0,0,0.0,0,0,1,0.0,0,0.0
Eric Saubert,TE,SF,MIN,2,2.6,4.6,0,0,0.0,0,0.0,0,0.0,0,2,2,26.0,0,0.0
Eric Saubert,TE,SF,LA,3,4.1,6.1,0,0,0.0,0,0.0,0,0.0,0,2,2,41.0,0,0.0
Eric Saubert,TE,SF,SEA,11,0.7,1.7,0,0,0.0,0,0.0,0,0.0,0,1,1,7.0,0,0.0
Eric Saubert,TE,SF,GB,12,0.0,0.0,0,0,0.0,0,0.0,0,0.0,0,0,1,0.0,0,0.0
Eric Saubert,TE,SF,CHI,14,0.4,1.4,0,0,0.0,0,0.0,0,0.0,0,1,1,4.0,0,0.0
Eric Saubert,TE,SF,MIA,16,6.2,7.2,0,0,0.0,0,0.0,0,0.0,0,1,1,2.0,1,0.0
Eric Saubert,TE,SF,ARI,18,1.7,5.7,0,0,0.0,0,0.0,0,0.0,0,4,5,17.0,0,0.0
Eric Tomlinson,TE,LAC,CAR,2,0.0,0.0,0,0,0.0,0,0.0,0,0.0,0,0,1,0.0,0,0.0
Eric Tomlinson,TE,LAC,ARI,7,0.7,1.7,0,0,0.0,0,0.0,0,0.0,0,1,1,7.0,0,0.0
Eric Tomlinson,TE,LAC,NO,8,0.0,0.0,0,0,0.0,0,0.0,0,0.0,0,0,1,0.0,0,0.0
Eric Tomlinson,TE,LAC,CLE,9,0.2,1.2,0,0,0.0,0,0.0,0,0.0,0,1,1,2.0,0,0.0
Erick All,TE,CIN,KC,2,3.2,7.2,0,0,0.0,0,0.0,0,0.0,0,4,4,32.0,0,0.0
Erick All,TE,CIN,WAS,3,2.2,6.2,0,0,0.0,0,0.0,0,0.0,0,4,4,22.0,0,0.0
Erick All,TE,CIN,CAR,4,2.8,6.8,0,0,0.0,0,0.0,0,0.0,0,4,4,28.0,0,0.0
Erick All,TE,CIN,BAL,5,1.0,3.0,0,0,0.0,0,0.0,0,0.0,0,2,2,10.0,0,0.0
Erick All,TE,CIN,NYG,6,1.0,3.0,0,0,0.0,0,0.0,0,0.0,0,2,3,10.0,0,0.0
Erick All,TE,CIN,CLE,7,0.0,0.0,0,0,0.0,0,0.0,0,0.0,0,0,1,0.0,0,0.0
Erick All,TE,CIN,PHI,8,3.2,5.2,0,0,0.0,0,0.0,0,0.0,0,2,2,32.0,0,0.0
Erick All,TE,CIN,LV,9,2.4,4.4,0,0,0.0,0,0.0,0,0.0,0,2,2,24.0,0,0.0
Erik Ezukanma,WR,MIA,SEA,3,0.0,0.0,0,0,0.0,0,0.0,0,0.0,0,0,2,0.0,0,0.0
Evan Engram,TE,JAX,MIA,1,0.5,1.5,0,0,0.0,0,0.0,0,0.0,0,1,4,5.0,0,0.0
Evan Engram,TE,JAX,CHI,6,8.2,18.2,0,0,0.0,0,0.0,0,0.0,0,10,10,102.0,0,0.0
Evan Engram,TE,JAX,NE,7,3.5,8.5,0,0,0.0,0,0.0,0,0.0,0,5,5,35.0,0,0.0
Evan Engram,TE,JAX,GB,8,9.6,13.6,0,0,0.0,0,0.0,0,0.0,0,4,5,36.0,1,0.0
Evan Engram,TE,JAX,PHI,9,6.5,11.5,0,0,0.0,0,0.0,0,0.0,0,5,10,45.0,0,0.0
Evan Engram,TE,JAX,MIN,10,4.0,10.0,0,0,0.0,0,0.0,0,0.0,0,6,8,40.0,0,0.0
Evan Engram,TE,JAX,DET,11,2.8,7.8,0,0,0.0,0,0.0,0,0.0,0,5,7,28.0,0,0.0
Evan Engram,TE,JAX,HOU,13,4.1,11.1,0,0,0.0,0,0.0,0,0.0,0,7,9,41.0,0,0.0
Evan Engram,TE,JAX,TEN,14,3.3,7.3,0,0,0.0,0,0.0,0,0.0,0,4,6,33.0,0,0.0
Ezekiel Elliott,RB,DAL,CLE,1,10.9,12.9,0,0,0.0,0,0.0,10,40.0,1,2,2,9.0,0,0.0
Ezekiel Elliott,RB,DAL,NO,2,3.2,5.2,0,0,0.0,0,0.0,6,16.0,0,2,3,16.0,0,0.0
Ezekiel Elliott,RB,DAL,BAL,3,1.2,2.2,0,0,0.0,0,0.0,3,6.0,0,1,2,6.0,0,0.0
Ezekiel Elliott,RB,DAL,NYG,4,2.4,3.4,0,0,0.0,0,0.0,5,19.0,0,1,1,5.0,0,0.0
Ezekiel Elliott,RB,DAL,PIT,5,1.7,1.7,0,0,0.0,0,0.0,6,17.0,0,0,1,0.0,0,0.0
Ezekiel Elliott,RB,DAL,DET,6,1.7,1.7,0,0,0.0,0,0.0,8,17.0,0,0,0,0.0,0,0.0
Ezekiel Elliott,RB,DAL,SF,8,9.8,10.8,0,0,0.0,0,0.0,10,34.0,1,1,1,4.0,0,0.0
Ezekiel Elliott,RB,DAL,PHI,10,0.2,0.2,0,0,0.0,0,0.0,6,22.0,0,0,0,0.0,0,0.0
Ezekiel Elliott,RB,DAL,HOU,11,2.4,5.4,0,0,0.0,0,0.0,1,8.0,0,3,3,16.0,0,0.0
Ezekiel Elliott,RB,DAL,WAS,12,0.6,0.6,0,0,0.0,0,0.0,3,6.0,0,0,0,0.0,0,0.0
Ezekiel Elliott,RB,DAL,NYG,13,0.4,0.4,0,0,0.0,0,0.0,1,4.0,0,0,0,0.0,0,0.0
Ezekiel Elliott,RB,DAL,CIN,14,0.6,1.6,0,0,0.0,0,0.0,2,4.0,0,1,1,2.0,0,0.0
Ezekiel Elliott,RB,DAL,CAR,15,4.1,5.1,0,0,0.0,0,0.0,9,30.0,0,1,1,11.0,0,0.0
Ezekiel Elliott,RB,DAL,TB,16,6.1,6.1,0,0,0.0,0,0.0,1,1.0,1,0,0,0.0,0,0.0
Ezekiel Elliott,RB,DAL,PHI,17,0.2,0.2,0,0,0.0,0,0.0,3,2.0,0,0,0,0.0,0,0.0
Feleipe Franks,TE,CAR,CIN,4,0.0,0.0,0,0,0.0,0,0.0,0,0.0,0,0,1,0.0,0,0.0
Feleipe Franks,TE,CAR,TB,13,0.0,0.0,0,0,0.0,0,0.0,0,0.0,0,0,1,0.0,0,0.0
Feleipe Franks,TE,CAR,ATL,18,1.2,2.2,0,0,0.0,0,0.0,0,0.0,0,1,1,12.0,0,0.0
Foster Moreau,TE,NO,CAR,1,10.3,14.3,0,0,0.0,0,0.0,0,0.0,0,4,4,43.0,1,0.0
Foster Moreau,TE,NO,PHI,3,0.2,1.2,0,0,0.0,0,0.0,0,0.0,0,1,2,2.0,0,0.0
Foster Moreau,TE,NO,KC,5,7.3,9.3,0,0,0.0,0,0.0,0,0.0,0,2,2,13.0,1,0.0
Foster Moreau,TE,NO,TB,6,5.4,7.4,0,0,0.0,0,0.0,0,0.0,0,2,2,54.0,0,0.0
Foster Moreau,TE,NO,DEN,7,3.8,5.8,0,0,0.0,0,0.0,0,0.0,0,2,2,38.0,0,0.0
Foster Moreau,TE,NO,LAC,8,0.0,0.0,0,0,0.0,0,0.0,0,0.0,0,0,1,0.0,0,0.0
Foster Moreau,TE,NO,CAR,9,7.7,8.7,0,0,0.0,0,0.0,0,0.0,0,1,2,17.0,1,0.0
Foster Moreau,TE,NO,ATL,10,0.0,0.0,0,0,0.0,0,0.0,0,0.0,0,0,2,0.0,0,0.0
Foster Moreau,TE,NO,CLE,11,5.0,8.0,0,0,0.0,0,0.0,0,0.0,0,3,4,50.0,0,0.0
Foster Moreau,TE,NO,LA,13,0.6,2.6,0,0,0.0,0,0.0,0,0.0,0,2,4,6.0,0,0.0
Foster Moreau,TE,NO,NYG,14,4.0,6.0,0,0,0.0,0,0.0,0,0.0,0,2,2,40.0,0,0.0
Foster Moreau,TE,NO,WAS,15,9.9,13.9,0,0,0.0,0,0.0,0,0.0,0,4,4,39.0,1,0.0
Foster Moreau,TE,NO,GB,16,3.3,5.3,0,0,0.0,0,0.0,0,0.0,0,2,3,33.0,0,0.0
Foster Moreau,TE,NO,LV,17,10.7,13.7,0,0,0.0,0,0.0,0,0.0,0,3,5,47.0,1,0.0
Foster Moreau,TE,NO,TB,18,3.1,7.1,0,0,0.0,0,0.0,0,0.0,0,4,4,31.0,0,0.0
Gabe Davis,WR,JAX,MIA,1,6.2,9.2,0,0,0.0,0,0.0,0,0.0,0,3,3,62.0,0,0.0
Gabe Davis,WR,JAX,CLE,2,4.3,7.3,0,0,0.0,0,0.0,0,0.0,0,3,7,43.0,0,0.0
Gabe Davis,WR,JAX,BUF,3,1.8,3.8,0,0,0.0,0,0.0,0,0.0,0,2,6,18.0,0,0.0
Gabe Davis,WR,JAX,HOU,4,-0.2,0.8,0,0,0.0,0,0.0,0,0.0,0,1,5,-2.0,0,0.0
Gabe Davis,WR,JAX,IND,5,1.8,4.8,0,0,0.0,0,0.0,0,0.0,0,3,4,38.0,0,0.0
Gabe Davis,WR,JAX,CHI,6,16.5,21.5,0,0,0.0,0,0.0,0,0.0,0,5,8,45.0,2,0.0
Gabe Davis,WR,JAX,NE,7,1.3,2.3,0,0,0.0,0,0.0,0,0.0,0,1,2,13.0,0,0.0
Gabe Davis,WR,JAX,MIN,10,1.9,2.9,0,0,0.0,0,0.0,0,0.0,0,1,4,19.0,0,0.0
Gabe Davis,WR,JAX,DET,11,0.3,1.3,0,0,0.0,0,0.0,0,0.0,0,1,3,3.0,0,0.0
Gardner Minshew,QB,LV,LAC,1,10.78,10.78,25,33,257.0,1,1.0,3,5.0,0,0,0,0.0,0,4.0
Gardner Minshew,QB,LV,BAL,2,12.94,12.94,30,38,276.0,1,1.0,1,-1.0,0,0,0,0.0,0,5.0
Gardner Minshew,QB,LV,CAR,3,13.96,13.96,18,28,214.0,1,1.0,3,14.0,0,0,0,0.0,0,2.0
Gardner Minshew,QB,LV,CLE,4,5.0,5.0,14,24,130.0,0,0.0,2,-2.0,0,0,0,0.0,0,2.0
Gardner Minshew,QB,LV,DEN,5,7.68,7.68,12,17,137.0,1,2.0,2,22.0,0,0,0,0.0,0,2.0
Gardner Minshew,QB,LV,LA,7,-1.64,-1.64,15,34,154.0,0,3.0,1,2.0,0,0,0,0.0,0,2.0
Gardner Minshew,QB,LV,KC,8,14.96,14.96,24,30,209.0,2,0.0,2,6.0,0,0,0,0.0,0,5.0
Gardner Minshew,QB,LV,CIN,9,2.96,2.96,10,17,124.0,0,0.0,1,0.0,0,0,0,0.0,0,1.0
Gardner Minshew,QB,LV,MIA,11,17.98,17.98,30,43,282.0,2,1.0,2,7.0,0,0,0,0.0,0,3.0
Gardner Minshew,QB,LV,DEN,12,11.7,11.7,25,42,230.0,1,1.0,2,5.0,0,0,0,0.0,0,3.0
Garrett Wilson,WR,NYJ,SF,1,6.0,12.0,0,0,0.0,0,0.0,0,0.0,0,6,11,60.0,0,0.0
Garrett Wilson,WR,NYJ,TEN,2,6.2,10.2,0,0,0.0,0,0.0,1,5.0,0,4,6,57.0,0,0.0
Garrett Wilson,WR,NYJ,NE,3,9.3,14.3,0,0,0.0,0,0.0,0,0.0,0,5,9,33.0,1,0.0
Garrett Wilson,WR,NYJ,DEN,4,2.1,7.1,0,0,0.0,0,0.0,0,0.0,0,5,8,41.0,0,0.0
Garrett Wilson,WR,NYJ,MIN,5,16.1,29.1,0,0,0.0,0,0.0,0,0.0,0,13,22,101.0,1,0.0
Garrett Wilson,WR,NYJ,BUF,6,16.7,24.7,0,0,0.0,0,0.0,0,0.0,0,8,10,107.0,1,0.0
Garrett Wilson,WR,NYJ,PIT,7,8.1,13.1,0,0,0.0,0,0.0,0,0.0,0,5,9,61.0,0,0.0
Garrett Wilson,WR,NYJ,NE,8,11.3,16.3,0,0,0.0,0,0.0,0,0.0,0,5,8,113.0,0,0.0
Garrett Wilson,WR,NYJ,HOU,9,21.0,30.0,0,0,0.0,0,0.0,0,0.0,0,9,10,90.0,2,0.0
Garrett Wilson,WR,NYJ,ARI,10,4.1,9.1,0,0,0.0,0,0.0,0,0.0,0,5,6,41.0,0,0.0
Garrett Wilson,WR,NYJ,IND,11,1.8,5.8,0,0,0.0,0,0.0,0,0.0,0,4,8,18.0,0,0.0
Garrett Wilson,WR,NYJ,SEA,13,4.1,9.1,0,0,0.0,0,0.0,0,0.0,0,5,10,41.0,0,0.0
Garrett Wilson,WR,NYJ,MIA,14,11.4,18.4,0,0,0.0,0,0.0,0,0.0,0,7,10,114.0,0,0.0
Garrett Wilson,WR,NYJ,JAX,15,11.6,14.6,0,0,0.0,0,0.0,0,0.0,0,3,6,56.0,1,0.0
Garrett Wilson,WR,NYJ,LA,16,5.4,11.4,0,0,0.0,0,0.0,0,0.0,0,6,7,54.0,0,0.0
Garrett Wilson,WR,NYJ,BUF,17,10.6,17.6,0,0,0.0,0,0.0,0,0.0,0,7,8,66.0,1,0.0
Garrett Wilson,WR,NYJ,MIA,18,5.1,9.1,0,0,0.0,0,0.0,1,0.0,0,4,5,51.0,0,0.0
Geno Smith,QB,SEA,DEN,1,17.84,17.84,18,25,171.0,1,1.0,4,30.0,1,0,0,0.0,0,2.0
Geno Smith,QB,SEA,NE,2,17.88,17.88,33,44,327.0,1,0.0,5,8.0,0,0,0,0.0,0,3.0
Geno Smith,QB,SEA,MIA,3,11.36,11.36,26,34,289.0,1,2.0,2,-2.0,0,0,0,0.0,0,3.0
Geno Smith,QB,SEA,DET,4,21.6,21.6,38,56,395.0,1,1.0,5,38.0,0,0,0,0.0,0,3.0
Geno Smith,QB,SEA,NYG,5,22.56,22.56,28,40,284.0,1,0.0,4,72.0,0,0,0,0.0,0,7.0
Geno Smith,QB,SEA,SF,6,12.48,12.48,30,52,312.0,1,2.0,1,0.0,0,0,0,0.0,0,1.0
Geno Smith,QB,SEA,ATL,7,17.78,17.78,18,28,207.0,2,0.0,4,15.0,0,0,0,0.0,0,1.0
Geno Smith,QB,SEA,BUF,8,8.08,8.08,21,29,212.0,0,1.0,5,16.0,0,0,0,0.0,0,1.0
Geno Smith,QB,SEA,LA,9,22.12,22.12,21,34,363.0,3,3.0,6,16.0,0,0,0,0.0,0,7.0
Geno Smith,QB,SEA,SF,11,15.74,15.74,25,32,221.0,0,1.0,4,29.0,1,0,0,0.0,0,4.0
Geno Smith,QB,SEA,ARI,12,12.36,12.36,22,31,254.0,1,1.0,3,2.0,0,0,0,0.0,0,5.0
Geno Smith,QB,SEA,NYJ,13,12.44,12.44,20,31,206.0,1,0.0,2,2.0,0,0,0,0.0,0,3.0
Geno Smith,QB,SEA,ARI,14,13.32,13.32,24,30,233.0,1,0.0,1,0.0,0,0,0,0.0,0,0.0
Geno Smith,QB,SEA,GB,15,4.46,4.46,15,19,149.0,0,1.0,1,5.0,0,0,0,0.0,0,3.0
Geno Smith,QB,SEA,MIN,16,21.36,21.36,31,43,314.0,3,2.0,1,8.0,0,0,0,0.0,0,2.0
Geno Smith,QB,SEA,CHI,17,8.3,8.3,17,23,160.0,0,0.0,3,19.0,0,0,0,0.0,0,3.0
Geno Smith,QB,SEA,LA,18,26.32,26.32,20,27,223.0,4,0.0,2,14.0,0,0,0,0.0,0,2.0
Geoff Swaim,TE,CLE,BAL,8,0.7,1.7,0,0,0.0,0,0.0,0,0.0,0,1,1,7.0,0,0.0
George Holani,RB,SEA,ARI,14,-0.1,0.9,0,0,0.0,0,0.0,0,0.0,0,1,1,-1.0,0,0.0
George Holani,RB,SEA,GB,15,1.0,1.0,0,0,0.0,0,0.0,3,10.0,0,0,0,0.0,0,0.0
George Kittle,TE,SF,NYJ,1,4.0,8.0,0,0,0.0,0,0.0,0,0.0,0,4,5,40.0,0,0.0
George Kittle,TE,SF,MIN,2,13.6,20.6,0,0,0.0,0,0.0,0,0.0,0,7,8,76.0,1,0.0
George Kittle,TE,SF,NE,4,10.5,14.5,0,0,0.0,0,0.0,0,0.0,0,4,4,45.0,1,0.0
George Kittle,TE,SF,ARI,5,12.4,20.4,0,0,0.0,0,0.0,0,0.0,0,8,12,64.0,1,0.0
George Kittle,TE,SF,SEA,6,17.8,22.8,0,0,0.0,0,0.0,0,0.0,0,5,6,58.0,2,0.0
George Kittle,TE,SF,KC,7,9.2,15.2,0,0,0.0,0,0.0,0,0.0,0,6,7,92.0,0,0.0
George Kittle,TE,SF,DAL,8,18.8,24.8,0,0,0.0,0,0.0,0,0.0,0,6,7,128.0,1,0.0
George Kittle,TE,SF,TB,10,11.7,14.7,0,0,0.0,0,0.0,0,0.0,0,3,4,57.0,1,0.0
George Kittle,TE,SF,GB,12,14.2,20.2,0,0,0.0,0,0.0,0,0.0,0,6,6,82.0,1,0.0
George Kittle,TE,SF,BUF,13,0.7,1.7,0,0,0.0,0,0.0,0,0.0,0,1,2,7.0,0,0.0
George Kittle,TE,SF,CHI,14,15.1,21.1,0,0,0.0,0,0.0,0,0.0,0,6,6,151.0,0,0.0
George Kittle,TE,SF,LA,15,6.1,10.1,0,0,0.0,0,0.0,0,0.0,0,4,7,61.0,0,0.0
George Kittle,TE,SF,MIA,16,10.6,18.6,0,0,0.0,0,0.0,0,0.0,0,8,9,106.0,0,0.0
George Kittle,TE,SF,DET,17,11.2,19.2,0,0,0.0,0,0.0,0,0.0,0,8,8,112.0,0,0.0
George Kittle,TE,SF,ARI,18,2.7,4.7,0,0,0.0,0,0.0,0,0.0,0,2,3,27.0,0,0.0
George Pickens,WR,PIT,ATL,1,7.5,13.5,0,0,0.0,0,0.0,1,-10.0,0,6,7,85.0,0,0.0
George Pickens,WR,PIT,DEN,2,2.9,4.9,0,0,0.0,0,0.0,0,0.0,0,2,4,29.0,0,0.0
George Pickens,WR,PIT,LAC,3,5.7,10.7,0,0,0.0,0,0.0,0,0.0,0,5,7,57.0,0,0.0
George Pickens,WR,PIT,IND,4,9.3,16.3,0,0,0.0,0,0.0,0,0.0,0,7,11,113.0,0,0.0
George Pickens,WR,PIT,DAL,5,2.6,5.6,0,0,0.0,0,0.0,0,0.0,0,3,7,26.0,0,0.0
George Pickens,WR,PIT,LV,6,5.3,8.3,0,0,0.0,0,0.0,0,0.0,0,3,8,53.0,0,0.0
George Pickens,WR,PIT,NYJ,7,17.1,22.1,0,0,0.0,0,0.0,0,0.0,0,5,9,111.0,1,0.0
George Pickens,WR,PIT,NYG,8,7.4,11.4,0,0,0.0,0,0.0,0,0.0,0,4,5,74.0,0,0.0
George Pickens,WR,PIT,WAS,10,15.5,20.5,0,0,0.0,0,0.0,1,4.0,0,5,7,91.0,1,0.0
George Pickens,WR,PIT,BAL,11,8.9,16.9,0,0,0.0,0,0.0,0,0.0,0,8,12,89.0,0,0.0
George Pickens,WR,PIT,CLE,12,4.8,8.8,0,0,0.0,0,0.0,0,0.0,0,4,7,48.0,0,0.0
George Pickens,WR,PIT,CIN,13,13.4,16.4,0,0,0.0,0,0.0,0,0.0,0,3,6,74.0,1,0.0
George Pickens,WR,PIT,KC,17,5.0,8.0,0,0,0.0,0,0.0,0,0.0,0,3,7,50.0,0,0.0
George Pickens,WR,PIT,CIN,18,0.0,1.0,0,0,0.0,0,0.0,0,0.0,0,1,6,0.0,0,0.0
Gerald Everett,TE,CHI,TEN,1,-0.1,0.9,0,0,0.0,0,0.0,0,0.0,0,1,1,-1.0,0,0.0
Gerald Everett,TE,CHI,HOU,2,0.1,2.1,0,0,0.0,0,0.0,0,0.0,0,2,3,1.0,0,0.0
Gerald Everett,TE,CHI,IND,3,0.0,0.0,0,0,0.0,0,0.0,0,0.0,0,0,1,0.0,0,0.0
Gerald Everett,TE,CHI,CAR,5,2.2,4.2,0,0,0.0,0,0.0,0,0.0,0,2,2,22.0,0,0.0
Gerald Everett,TE,CHI,JAX,6,0.0,0.0,0,0,0.0,0,0.0,0,0.0,0,0,1,0.0,0,0.0
Gerald Everett,TE,CHI,WAS,8,0.3,1.3,0,0,0.0,0,0.0,0,0.0,0,1,2,3.0,0,0.0
Gerald Everett,TE,CHI,ARI,9,0.5,1.5,0,0,0.0,0,0.0,0,0.0,0,1,1,5.0,0,0.0
Gerald Everett,TE,CHI,DET,16,0.6,1.6,0,0,0.0,0,0.0,0,0.0,0,1,1,6.0,0,0.0
Gerald Everett,TE,CHI,SEA,17,0.0,0.0,0,0,0.0,0,0.0,0,0.0,0,0,1,0.0,0,0.0
Grant Calcaterra,TE,PHI,GB,1,1.1,2.1,0,0,0.0,0,0.0,0,0.0,0,1,1,11.0,0,0.0
Grant Calcaterra,TE,PHI,ATL,2,1.9,3.9,0,0,0.0,0,0.0,0,0.0,0,2,2,19.0,0,0.0
Grant Calcaterra,TE,PHI,TB,4,2.6,3.6,0,0,0.0,0,0.0,0,0.0,0,1,2,26.0,0,0.0
Grant Calcaterra,TE,PHI,CLE,6,6.7,10.7,0,0,0.0,0,0.0,0,0.0,0,4,4,67.0,0,0.0
Grant Calcaterra,TE,PHI,NYG,7,0.5,1.5,0,0,0.0,0,0.0,0,0.0,0,1,1,5.0,0,0.0
Grant Calcaterra,TE,PHI,CIN,8,5.8,8.8,0,0,0.0,0,0.0,0,0.0,0,3,3,58.0,0,0.0
Grant Calcaterra,TE,PHI,JAX,9,3.0,8.0,0,0,0.0,0,0.0,0,0.0,0,5,5,30.0,0,0.0
Grant Calcaterra,TE,PHI,DAL,10,0.0,0.0,0,0,0.0,0,0.0,0,0.0,0,0,1,0.0,0,0.0
Grant Calcaterra,TE,PHI,LA,12,0.0,0.0,0,0,0.0,0,0.0,0,0.0,0,0,1,0.0,0,0.0
Grant Calcaterra,TE,PHI,CAR,14,7.6,10.6,0,0,0.0,0,0.0,0,0.0,0,3,3,16.0,1,0.0
Grant Calcaterra,TE,PHI,PIT,15,2.2,3.2,0,0,0.0,0,0.0,0,0.0,0,1,1,22.0,0,0.0
Grant Calcaterra,TE,PHI,DAL,17,3.4,4.4,0,0,0.0,0,0.0,0,0.0,0,1,2,34.0,0,0.0
Grant Calcaterra,TE,PHI,NYG,18,1.0,3.0,0,0,0.0,0,0.0,0,0.0,0,2,4,10.0,0,0.0
Grant DuBose,WR,MIA,BUF,2,1.3,2.3,0,0,0.0,0,0.0,0,0.0,0,1,3,13.0,0,0.0
Grant DuBose,WR,MIA,HOU,15,-0.2,0.8,0,0,0.0,0,0.0,0,0.0,0,1,1,-2.0,0,0.0
Greg Dortch,WR,ARI,BUF,1,5.1,11.1,0,0,0.0,0,0.0,1,4.0,0,6,8,47.0,0,0.0
Greg Dortch,WR,ARI,LA,2,1.1,3.1,0,0,0.0,0,0.0,0,0.0,0,2,2,11.0,0,0.0
Greg Dortch,WR,ARI,DET,3,3.5,6.5,0,0,0.0,0,0.0,0,0.0,0,3,6,35.0,0,0.0
Greg Dortch,WR,ARI,WAS,4,3.8,7.8,0,0,0.0,0,0.0,0,0.0,0,4,4,38.0,0,0.0
Greg Dortch,WR,ARI,SF,5,0.7,1.7,0,0,0.0,0,0.0,0,0.0,0,1,2,7.0,0,0.0
Greg Dortch,WR,ARI,GB,6,1.6,4.6,0,0,0.0,0,0.0,0,0.0,0,3,5,36.0,0,0.0
Greg Dortch,WR,ARI,LAC,7,6.5,7.5,0,0,0.0,0,0.0,0,0.0,0,1,2,5.0,1,0.0
Greg Dortch,WR,ARI,MIA,8,0.9,1.9,0,0,0.0,0,0.0,0,0.0,0,1,2,9.0,0,0.0
Greg Dortch,WR,ARI,CHI,9,0.0,0.0,0,0,0.0,0,0.0,0,0.0,0,0,1,0.0,0,0.0
Greg Dortch,WR,ARI,NYJ,10,-0.1,0.9,0,0,0.0,0,0.0,0,0.0,0,1,1,-1.0,0,0.0
Greg Dortch,WR,ARI,SEA,12,0.5,1.5,0,0,0.0,0,0.0,0,0.0,0,1,2,5.0,0,0.0
Greg Dortch,WR,ARI,MIN,13,0.7,2.7,0,0,0.0,0,0.0,1,6.0,0,2,3,1.0,0,0.0
Greg Dortch,WR,ARI,SEA,14,0.5,1.5,0,0,0.0,0,0.0,0,0.0,0,1,1,5.0,0,0.0
Greg Dortch,WR,ARI,NE,15,6.6,9.6,0,0,0.0,0,0.0,1,6.0,0,3,3,60.0,0,0.0
Greg Dortch,WR,ARI,CAR,16,2.7,3.7,0,0,0.0,0,0.0,1,8.0,0,1,1,19.0,0,0.0
Greg Dortch,WR,ARI,LA,17,1.8,4.8,0,0,0.0,0,0.0,0,0.0,0,3,3,18.0,0,0.0
Greg Dortch,WR,ARI,SF,18,17.4,21.4,0,0,0.0,0,0.0,1,7.0,0,4,4,47.0,2,0.0
Greg Dulcich,TE,DEN,SEA,1,1.2,3.2,0,0,0.0,0,0.0,0,0.0,0,2,3,12.0,0,0.0
Greg Dulcich,TE,DEN,PIT,2,1.6,4.6,0,0,0.0,0,0.0,0,0.0,0,3,8,16.0,0,0.0
Greg Dulcich,TE,DEN,NYJ,4,0.0,0.0,0,0,0.0,0,0.0,0,0.0,0,0,1,0.0,0,0.0
Gus Edwards,RB,LAC,LV,1,2.8,3.8,0,0,0.0,0,0.0,11,26.0,0,1,1,2.0,0,0.0
Gus Edwards,RB,LAC,CAR,2,5.9,5.9,0,0,0.0,0,0.0,18,59.0,0,0,0,0.0,0,0.0
Gus Edwards,RB,LAC,PIT,3,0.9,0.9,0,0,0.0,0,0.0,3,9.0,0,0,0,0.0,0,0.0
Gus Edwards,RB,LAC,KC,4,1.9,1.9,0,0,0.0,0,0.0,6,19.0,0,0,0,0.0,0,0.0
Gus Edwards,RB,LAC,TEN,10,5.5,5.5,0,0,0.0,0,0.0,10,55.0,0,0,0,0.0,0,0.0
Gus Edwards,RB,LAC,CIN,11,2.7,2.7,0,0,0.0,0,0.0,6,27.0,0,0,0,0.0,0,0.0
Gus Edwards,RB,LAC,BAL,12,7.1,7.1,0,0,0.0,0,0.0,9,11.0,1,0,1,0.0,0,0.0
Gus Edwards,RB,LAC,ATL,13,3.3,4.3,0,0,0.0,0,0.0,6,32.0,0,1,1,1.0,0,0.0
Gus Edwards,RB,LAC,KC,14,9.6,9.6,0,0,0.0,0,0.0,10,36.0,1,0,0,0.0,0,0.0
Gus Edwards,RB,LAC,TB,15,2.3,2.3,0,0,0.0,0,0.0,8,23.0,0,0,0,0.0,0,0.0
Gus Edwards,RB,LAC,DEN,16,19.1,20.1,0,0,0.0,0,0.0,14,68.0,2,1,2,3.0,0,0.0
Harrison Bryant,TE,LV,BAL,2,0.0,0.0,0,0,0.0,0,0.0,0,0.0,0,0,1,0.0,0,0.0
Harrison Bryant,TE,LV,CLE,4,2.1,4.1,0,0,0.0,0,0.0,0,0.0,0,2,2,21.0,0,0.0
Harrison Bryant,TE,LV,PIT,6,2.4,5.4,0,0,0.0,0,0.0,0,0.0,0,3,5,24.0,0,0.0
Harrison Bryant,TE,LV,LA,7,1.9,3.9,0,0,0.0,0,0.0,0,0.0,0,2,2,19.0,0,0.0
Harrison Bryant,TE,LV,CIN,9,2.2,4.2,0,0,0.0,0,0.0,0,0.0,0,2,2,22.0,0,0.0
Hassan Haskins,RB,LAC,CAR,2,1.1,1.1,0,0,0.0,0,0.0,3,11.0,0,0,0,0.0,0,0.0
Hassan Haskins,RB,LAC,DEN,6,0.5,0.5,0,0,0.0,0,0.0,2,5.0,0,0,0,0.0,0,0.0
Hassan Haskins,RB,LAC,ARI,7,0.2,0.2,0,0,0.0,0,0.0,2,2.0,0,0,0,0.0,0,0.0
Hassan Haskins,RB,LAC,NO,8,0.0,0.0,0,0,0.0,0,0.0,1,0.0,0,0,0,0.0,0,0.0
Hassan Haskins,RB,LAC,TEN,10,6.4,6.4,0,0,0.0,0,0.0,2,4.0,1,0,0,0.0,0,0.0
Hassan Haskins,RB,LAC,CIN,11,0.1,0.1,0,0,0.0,0,0.0,2,1.0,0,0,0,0.0,0,0.0
Hassan Haskins,RB,LAC,BAL,12,0.3,0.3,0,0,0.0,0,0.0,1,3.0,0,0,0,0.0,0,0.0
Hassan Haskins,RB,LAC,ATL,13,-2.0,-2.0,0,0,0.0,0,0.0,1,0.0,0,0,0,0.0,0,0.0
Hassan Haskins,RB,LAC,DEN,16,9.9,11.9,0,0,0.0,0,0.0,0,0.0,0,2,2,39.0,1,0.0
Hassan Haskins,RB,LAC,NE,17,4.0,5.0,0,0,0.0,0,0.0,8,30.0,0,1,1,10.0,0,0.0
Hassan Haskins,RB,LAC,LV,18,9.3,9.3,0,0,0.0,0,0.0,12,33.0,1,0,0,0.0,0,0.0
Hayden Hurst,TE,LAC,LV,1,3.3,5.3,0,0,0.0,0,0.0,0,0.0,0,2,3,33.0,0,0.0
Hayden Hurst,TE,LAC,CAR,2,0.5,1.5,0,0,0.0,0,0.0,0,0.0,0,1,2,5.0,0,0.0
Hayden Hurst,TE,LAC,PIT,3,1.5,3.5,0,0,0.0,0,0.0,0,0.0,0,2,2,15.0,0,0.0
Hayden Hurst,TE,LAC,KC,4,0.6,1.6,0,0,0.0,0,0.0,0,0.0,0,1,3,6.0,0,0.0
Hayden Hurst,TE,LAC,CLE,9,0.6,1.6,0,0,0.0,0,0.0,0,0.0,0,1,1,6.0,0,0.0
Hayden Hurst,TE,LAC,TEN,10,0.0,0.0,0,0,0.0,0,0.0,0,0.0,0,0,1,0.0,0,0.0
Hayden Hurst,TE,LAC,DEN,16,0.8,1.8,0,0,0.0,0,0.0,0,0.0,0,1,1,8.0,0,0.0
Hendon Hooker,QB,DET,DAL,6,0.66,0.66,1,2,19.0,0,0.0,1,-1.0,0,0,0,0.0,0,1.0
Hendon Hooker,QB,DET,TEN,8,0.24,0.24,2,3,6.0,0,0.0,0,0.0,0,0,0,0.0,0,0.0
Hendon Hooker,QB,DET,JAX,11,1.78,1.78,3,4,37.0,0,0.0,4,3.0,0,0,0,0.0,0,0.0
Hunter Henry,TE,NE,CIN,1,1.8,3.8,0,0,0.0,0,0.0,0,0.0,0,2,3,18.0,0,0.0
Hunter Henry,TE,NE,SEA,2,10.9,18.9,0,0,0.0,0,0.0,0,0.0,0,8,12,109.0,0,0.0
Hunter Henry,TE,NE,NYJ,3,0.9,2.9,0,0,0.0,0,0.0,0,0.0,0,2,3,9.0,0,0.0
Hunter Henry,TE,NE,SF,4,1.2,3.2,0,0,0.0,0,0.0,0,0.0,0,2,3,12.0,0,0.0
Hunter Henry,TE,NE,MIA,5,3.2,5.2,0,0,0.0,0,0.0,0,0.0,0,2,4,32.0,0,0.0
Hunter Henry,TE,NE,HOU,6,10.1,13.1,0,0,0.0,0,0.0,0,0.0,0,3,5,41.0,1,0.0
Hunter Henry,TE,NE,JAX,7,9.2,17.2,0,0,0.0,0,0.0,0,0.0,0,8,9,92.0,0,0.0
Hunter Henry,TE,NE,NYJ,8,4.5,9.5,0,0,0.0,0,0.0,0,0.0,0,5,6,45.0,0,0.0
Hunter Henry,TE,NE,TEN,9,5.6,12.6,0,0,0.0,0,0.0,0,0.0,0,7,8,56.0,0,0.0
Hunter Henry,TE,NE,CHI,10,1.4,2.4,0,0,0.0,0,0.0,0,0.0,0,1,4,14.0,0,0.0
Hunter Henry,TE,NE,LA,11,6.3,12.3,0,0,0.0,0,0.0,0,0.0,0,6,9,63.0,0,0.0
Hunter Henry,TE,NE,MIA,12,4.4,9.4,0,0,0.0,0,0.0,0,0.0,0,5,8,44.0,0,0.0
Hunter Henry,TE,NE,IND,13,7.5,14.5,0,0,0.0,0,0.0,0,0.0,0,7,9,75.0,0,0.0
Hunter Henry,TE,NE,ARI,15,2.5,6.5,0,0,0.0,0,0.0,0,0.0,0,4,4,25.0,0,0.0
Hunter Henry,TE,NE,BUF,16,9.9,13.9,0,0,0.0,0,0.0,0,0.0,0,4,8,39.0,1,0.0
Hunter Henry,TE,NE,LAC,17,0.0,0.0,0,0,0.0,0,0.0,0,0.0,0,0,2,0.0,0,0.0
Hunter Long,TE,LA,GB,5,1.6,3.6,0,0,0.0,0,0.0,0,0.0,0,2,2,16.0,0,0.0
Hunter Long,TE,LA,LV,7,0.5,1.5,0,0,0.0,0,0.0,0,0.0,0,1,1,5.0,0,0.0
Hunter Long,TE,LA,MIN,8,1.8,2.8,0,0,0.0,0,0.0,0,0.0,0,1,1,18.0,0,0.0
Hunter Long,TE,LA,SEA,9,0.4,1.4,0,0,0.0,0,0.0,0,0.0,0,1,1,4.0,0,0.0
Hunter Long,TE,LA,NO,13,0.0,0.0,0,0,0.0,0,0.0,0,0.0,0,0,1,0.0,0,0.0
Hunter Long,TE,LA,BUF,14,6.0,6.0,0,0,0.0,0,0.0,0,0.0,0,0,1,0.0,0,0.0
Hunter Long,TE,LA,SF,15,1.7,3.7,0,0,0.0,0,0.0,0,0.0,0,2,2,17.0,0,0.0
Hunter Luepke,FB,DAL,CLE,1,1.8,3.8,0,0,0.0,0,0.0,0,0.0,0,2,2,18.0,0,0.0
Hunter Luepke,FB,DAL,BAL,3,4.1,6.1,0,0,0.0,0,0.0,0,0.0,0,2,3,41.0,0,0.0
Hunter Luepke,FB,DAL,NYG,4,2.2,4.2,0,0,0.0,0,0.0,2,8.0,0,2,2,14.0,0,0.0
Hunter Luepke,FB,DAL,PIT,5,2.4,3.4,0,0,0.0,0,0.0,2,6.0,0,1,1,18.0,0,0.0
Hunter Luepke,FB,DAL,SF,8,0.0,0.0,0,0,0.0,0,0.0,1,0.0,0,0,0,0.0,0,0.0
Hunter Luepke,FB,DAL,ATL,9,0.9,2.9,0,0,0.0,0,0.0,1,5.0,0,2,2,4.0,0,0.0
Hunter Luepke,FB,DAL,PHI,10,0.0,0.0,0,0,0.0,0,0.0,0,0.0,0,0,1,0.0,0,0.0
Hunter Luepke,FB,DAL,WAS,12,1.0,2.0,0,0,0.0,0,0.0,0,0.0,0,1,1,10.0,0,0.0
Hunter Luepke,FB,DAL,NYG,13,0.4,0.4,0,0,0.0,0,0.0,3,4.0,0,0,0,0.0,0,0.0
Hunter Luepke,FB,DAL,CIN,14,0.5,1.5,0,0,0.0,0,0.0,0,0.0,0,1,1,5.0,0,0.0
Hunter Luepke,FB,DAL,TB,16,0.0,0.0,0,0,0.0,0,0.0,0,0.0,0,0,2,0.0,0,0.0
Hunter Luepke,FB,DAL,PHI,17,0.1,1.1,0,0,0.0,0,0.0,0,0.0,0,1,1,1.0,0,0.0
Hunter Luepke,FB,DAL,WAS,18,1.5,1.5,0,0,0.0,0,0.0,3,15.0,0,0,0,0.0,0,0.0
Ian Thomas,TE,CAR,ATL,6,0.0,0.0,0,0,0.0,0,0.0,0,0.0,0,0,3,0.0,0,0.0
Ian Thomas,TE,CAR,WAS,7,0.4,2.4,0,0,0.0,0,0.0,0,0.0,0,2,2,4.0,0,0.0
Ian Thomas,TE,CAR,NYG,10,0.3,1.3,0,0,0.0,0,0.0,0,0.0,0,1,1,3.0,0,0.0
Ihmir Smith-Marsette,WR,NYG,IND,17,6.0,6.0,0,0,0.0,0,0.0,0,0.0,0,0,0,0.0,0,0.0
Irvin Charles,WR,NYJ,PIT,7,0.0,0.0,0,0,0.0,0,0.0,0,0.0,0,0,1,0.0,0,0.0
Isaac Guerendo,RB,SF,MIN,2,0.0,0.0,0,0,0.0,0,0.0,1,0.0,0,0,0,0.0,0,0.0
Isaac Guerendo,RB,SF,LA,3,1.9,1.9,0,0,0.0,0,0.0,5,19.0,0,0,0,0.0,0,0.0
Isaac Guerendo,RB,SF,NE,4,0.0,0.0,0,0,0.0,0,0.0,1,0.0,0,0,0,0.0,0,0.0
Isaac Guerendo,RB,SF,ARI,5,2.2,2.2,0,0,0.0,0,0.0,5,22.0,0,0,0,0.0,0,0.0
Isaac Guerendo,RB,SF,SEA,6,9.9,9.9,0,0,0.0,0,0.0,10,99.0,0,0,0,0.0,0,0.0
Isaac Guerendo,RB,SF,KC,7,0.7,1.7,0,0,0.0,0,0.0,1,2.0,0,1,1,5.0,0,0.0
Isaac Guerendo,RB,SF,DAL,8,16.2,19.2,0,0,0.0,0,0.0,14,85.0,1,3,4,17.0,0,0.0
Isaac Guerendo,RB,SF,TB,10,0.0,0.0,0,0,0.0,0,0.0,1,0.0,0,0,0,0.0,0,0.0
Isaac Guerendo,RB,SF,BUF,13,7.6,8.6,0,0,0.0,0,0.0,4,19.0,1,1,1,-3.0,0,0.0
Isaac Guerendo,RB,SF,CHI,14,24.8,26.8,0,0,0.0,0,0.0,15,78.0,2,2,2,50.0,0,0.0
Isaac Guerendo,RB,SF,LA,15,7.5,11.5,0,0,0.0,0,0.0,16,57.0,0,4,4,18.0,0,0.0
Isaac Guerendo,RB,SF,DET,17,9.9,13.9,0,0,0.0,0,0.0,9,34.0,0,4,4,65.0,0,0.0
Isaac Guerendo,RB,SF,ARI,18,0.5,0.5,0,0,0.0,0,0.0,2,5.0,0,0,0,0.0,0,0.0
Isaiah Davis,RB,NYJ,NE,3,0.6,0.6,0,0,0.0,0,0.0,3,6.0,0,0,0,0.0,0,0.0
Isaiah Davis,RB,NYJ,PIT,7,1.2,1.2,0,0,0.0,0,0.0,1,12.0,0,0,0,0.0,0,0.0
Isaiah Davis,RB,NYJ,ARI,10,1.0,2.0,0,0,0.0,0,0.0,0,0.0,0,1,1,10.0,0,0.0
Isaiah Davis,RB,NYJ,SEA,13,9.2,12.2,0,0,0.0,0,0.0,1,4.0,0,3,3,28.0,1,0.0
Isaiah Davis,RB,NYJ,MIA,14,12.7,15.7,0,0,0.0,0,0.0,10,40.0,1,3,6,27.0,0,0.0
Isaiah Davis,RB,NYJ,JAX,15,2.6,3.6,0,0,0.0,0,0.0,5,24.0,0,1,1,2.0,0,0.0
Isaiah Davis,RB,NYJ,LA,16,1.2,1.2,0,0,0.0,0,0.0,3,12.0,0,0,0,0.0,0,0.0
Isaiah Davis,RB,NYJ,BUF,17,4.3,5.3,0,0,0.0,0,0.0,3,35.0,0,1,1,8.0,0,0.0
Isaiah Davis,RB,NYJ,MIA,18,4.1,4.1,0,0,0.0,0,0.0,4,41.0,0,0,0,0.0,0,0.0
Isaiah Hodgins,WR,NYG,CIN,6,0.5,1.5,0,0,0.0,0,0.0,0,0.0,0,1,1,5.0,0,0.0
Isaiah Hodgins,WR,NYG,CAR,10,0.7,1.7,0,0,0.0,0,0.0,0,0.0,0,1,1,7.0,0,0.0
Isaiah Likely,TE,BAL,KC,1,17.1,26.1,0,0,0.0,0,0.0,0,0.0,0,9,12,111.0,1,0.0
Isaiah Likely,TE,BAL,LV,2,2.6,4.6,0,0,0.0,0,0.0,0,0.0,0,2,3,26.0,0,0.0
Isaiah Likely,TE,BAL,DAL,3,0.4,1.4,0,0,0.0,0,0.0,0,0.0,0,1,1,4.0,0,0.0
Isaiah Likely,TE,BAL,BUF,4,2.6,3.6,0,0,0.0,0,0.0,0,0.0,0,1,2,26.0,0,0.0
Isaiah Likely,TE,BAL,CIN,5,13.3,16.3,0,0,0.0,0,0.0,0,0.0,0,3,3,13.0,2,0.0
Isaiah Likely,TE,BAL,WAS,6,2.7,4.7,0,0,0.0,0,0.0,0,0.0,0,2,4,27.0,0,0.0
Isaiah Likely,TE,BAL,TB,7,1.7,3.7,0,0,0.0,0,0.0,0,0.0,0,2,4,17.0,0,0.0
Isaiah Likely,TE,BAL,CLE,8,4.7,8.7,0,0,0.0,0,0.0,0,0.0,0,4,4,47.0,0,0.0
Isaiah Likely,TE,BAL,DEN,9,0.0,0.0,0,0,0.0,0,0.0,0,0.0,0,0,1,0.0,0,0.0
Isaiah Likely,TE,BAL,PIT,11,5.5,9.5,0,0,0.0,0,0.0,0,0.0,0,4,5,75.0,0,0.0
Isaiah Likely,TE,BAL,PHI,13,9.8,14.8,0,0,0.0,0,0.0,0,0.0,0,5,8,38.0,1,0.0
Isaiah Likely,TE,BAL,NYG,15,1.7,3.7,0,0,0.0,0,0.0,0,0.0,0,2,2,17.0,0,0.0
Isaiah Likely,TE,BAL,PIT,16,8.9,11.9,0,0,0.0,0,0.0,0,0.0,0,3,3,29.0,1,0.0
Isaiah Likely,TE,BAL,HOU,17,6.9,7.9,0,0,0.0,0,0.0,0,0.0,0,1,1,9.0,1,0.0
Isaiah Likely,TE,BAL,CLE,18,3.8,6.8,0,0,0.0,0,0.0,0,0.0,0,3,5,38.0,0,0.0
Isaiah Williams,WR,DET,TEN,8,0.6,2.6,0,0,0.0,0,0.0,0,0.0,0,2,3,6.0,0,0.0
Isiah Pacheco,RB,KC,BAL,1,13.8,15.8,0,0,0.0,0,0.0,15,45.0,1,2,3,33.0,0,0.0
Isiah Pacheco,RB,KC,CIN,2,11.1,16.1,0,0,0.0,0,0.0,19,90.0,0,5,5,21.0,0,0.0
Isiah Pacheco,RB,KC,LV,13,4.9,5.9,0,0,0.0,0,0.0,7,44.0,0,1,1,5.0,0,0.0
Isiah Pacheco,RB,KC,LAC,14,6.1,8.1,0,0,0.0,0,0.0,14,55.0,0,2,4,6.0,0,0.0
Isiah Pacheco,RB,KC,CLE,15,4.7,5.7,0,0,0.0,0,0.0,13,32.0,0,1,1,15.0,0,0.0
Isiah Pacheco,RB,KC,HOU,16,2.5,3.5,0,0,0.0,0,0.0,9,26.0,0,1,2,-1.0,0,0.0
Isiah Pacheco,RB,KC,PIT,17,1.8,1.8,0,0,0.0,0,0.0,6,18.0,0,0,0,0.0,0,0.0
J.C. Latham,T,TEN,WAS,13,0.0,1.0,0,0,0.0,0,0.0,0,0.0,0,1,1,0.0,0,0.0
J.J. Russell,ILB,TB,TB,17,6.0,6.0,0,0,0.0,0,0.0,0,0.0,0,0,0,0.0,0,0.0
J.J. Taylor,RB,HOU,MIN,3,0.3,2.3,0,0,0.0,0,0.0,1,3.0,0,2,2,0.0,0,0.0
J.J. Taylor,RB,HOU,JAX,4,1.8,1.8,0,0,0.0,0,0.0,6,18.0,0,0,1,0.0,0,0.0
J.J. Taylor,RB,HOU,NYJ,9,2.3,2.3,0,0,0.0,0,0.0,3,23.0,0,0,0,0.0,0,0.0
J.K. Dobbins,RB,LAC,LV,1,19.9,22.9,0,0,0.0,0,0.0,10,135.0,1,3,3,4.0,0,0.0
J.K. Dobbins,RB,LAC,CAR,2,19.1,20.1,0,0,0.0,0,0.0,17,131.0,1,1,1,0.0,0,0.0
J.K. Dobbins,RB,LAC,PIT,3,5.4,8.4,0,0,0.0,0,0.0,15,44.0,0,3,3,10.0,0,0.0
J.K. Dobbins,RB,LAC,KC,4,6.2,9.2,0,0,0.0,0,0.0,14,32.0,0,3,4,30.0,0,0.0
J.K. Dobbins,RB,LAC,DEN,6,16.2,18.2,0,0,0.0,0,0.0,25,96.0,1,2,2,6.0,0,0.0
J.K. Dobbins,RB,LAC,ARI,7,6.6,9.6,0,0,0.0,0,0.0,14,40.0,0,3,3,26.0,0,0.0
J.K. Dobbins,RB,LAC,NO,8,12.8,16.8,0,0,0.0,0,0.0,17,57.0,1,4,7,11.0,0,0.0
J.K. Dobbins,RB,LAC,CLE,9,22.5,24.5,0,0,0.0,0,0.0,14,85.0,2,2,2,20.0,0,0.0
J.K. Dobbins,RB,LAC,TEN,10,5.5,8.5,0,0,0.0,0,0.0,15,50.0,0,3,3,5.0,0,0.0
J.K. Dobbins,RB,LAC,CIN,11,17.9,18.9,0,0,0.0,0,0.0,11,56.0,2,1,1,3.0,0,0.0
J.K. Dobbins,RB,LAC,BAL,12,5.9,8.9,0,0,0.0,0,0.0,6,40.0,0,3,5,19.0,0,0.0
J.K. Dobbins,RB,LAC,NE,17,14.3,15.3,0,0,0.0,0,0.0,19,76.0,1,1,1,7.0,0,0.0
J.K. Dobbins,RB,LAC,LV,18,7.5,10.5,0,0,0.0,0,0.0,18,63.0,0,3,3,12.0,0,0.0
J.K. Scott,P,LAC,NO,8,0.0,0.0,0,0,0.0,0,0.0,1,0.0,0,0,0,0.0,0,0.0
J.K. Scott,P,LAC,ATL,13,0.12,0.12,1,1,3.0,0,0.0,0,0.0,0,0,0,0.0,0,0.0
Ja'Lynn Polk,WR,NE,CIN,1,0.6,1.6,0,0,0.0,0,0.0,0,0.0,0,1,1,6.0,0,0.0
Ja'Lynn Polk,WR,NE,SEA,2,7.2,9.2,0,0,0.0,0,0.0,1,0.0,0,2,3,12.0,1,0.0
Ja'Lynn Polk,WR,NE,NYJ,3,1.3,3.3,0,0,0.0,0,0.0,0,0.0,0,2,2,13.0,0,0.0
Ja'Lynn Polk,WR,NE,SF,4,3.0,6.0,0,0,0.0,0,0.0,0,0.0,0,3,7,30.0,0,0.0
Ja'Lynn Polk,WR,NE,MIA,5,1.3,2.3,0,0,0.0,0,0.0,0,0.0,0,1,6,13.0,0,0.0
Ja'Lynn Polk,WR,NE,HOU,6,0.4,1.4,0,0,0.0,0,0.0,0,0.0,0,1,4,4.0,0,0.0
Ja'Lynn Polk,WR,NE,JAX,7,0.0,0.0,0,0,0.0,0,0.0,0,0.0,0,0,3,0.0,0,0.0
Ja'Lynn Polk,WR,NE,TEN,9,0.0,0.0,0,0,0.0,0,0.0,0,0.0,0,0,1,0.0,0,0.0
Ja'Lynn Polk,WR,NE,CHI,10,6.2,7.2,0,0,0.0,0,0.0,0,0.0,0,1,1,2.0,1,0.0
Ja'Lynn Polk,WR,NE,MIA,12,0.7,1.7,0,0,0.0,0,0.0,0,0.0,0,1,2,7.0,0,0.0
Ja'Lynn Polk,WR,NE,IND,13,0.0,0.0,0,0,0.0,0,0.0,0,0.0,0,0,1,0.0,0,0.0
Ja'Lynn Polk,WR,NE,ARI,15,0.0,0.0,0,0,0.0,0,0.0,0,0.0,0,0,1,0.0,0,0.0
Ja'Lynn Polk,WR,NE,LAC,17,0.0,0.0,0,0,0.0,0,0.0,0,0.0,0,0,1,0.0,0,0.0
Ja'Marr Chase,WR,CIN,NE,1,6.2,12.2,0,0,0.0,0,0.0,0,0.0,0,6,6,62.0,0,0.0
Ja'Marr Chase,WR,CIN,KC,2,3.5,7.5,0,0,0.0,0,0.0,0,0.0,0,4,5,35.0,0,0.0
Ja'Marr Chase,WR,CIN,WAS,3,23.8,29.8,0,0,0.0,0,0.0,0,0.0,0,6,7,118.0,2,0.0
Ja'Marr Chase,WR,CIN,CAR,4,14.5,17.5,0,0,0.0,0,0.0,0,0.0,0,3,6,85.0,1,0.0
Ja'Marr Chase,WR,CIN,BAL,5,31.3,41.3,0,0,0.0,0,0.0,0,0.0,0,10,12,193.0,2,0.0
Ja'Marr Chase,WR,CIN,NYG,6,7.2,12.2,0,0,0.0,0,0.0,0,0.0,0,5,6,72.0,0,0.0
Ja'Marr Chase,WR,CIN,CLE,7,12.6,17.6,0,0,0.0,0,0.0,1,11.0,0,5,6,55.0,1,0.0
Ja'Marr Chase,WR,CIN,PHI,8,11.4,20.4,0,0,0.0,0,0.0,0,0.0,0,9,11,54.0,1,0.0
Ja'Marr Chase,WR,CIN,LV,9,4.3,11.3,0,0,0.0,0,0.0,0,0.0,0,7,11,43.0,0,0.0
Ja'Marr Chase,WR,CIN,BAL,10,44.4,55.4,0,0,0.0,0,0.0,0,0.0,0,11,17,264.0,3,0.0
Ja'Marr Chase,WR,CIN,LAC,11,19.5,26.5,0,0,0.0,0,0.0,0,0.0,0,7,13,75.0,2,0.0
Ja'Marr Chase,WR,CIN,PIT,13,14.6,20.6,0,0,0.0,0,0.0,0,0.0,0,6,9,86.0,1,0.0
Ja'Marr Chase,WR,CIN,DAL,14,31.1,45.1,0,0,0.0,0,0.0,1,14.0,0,14,18,177.0,2,0.0
Ja'Marr Chase,WR,CIN,TEN,15,9.4,18.4,0,0,0.0,0,0.0,0,0.0,0,9,11,94.0,0,0.0
Ja'Marr Chase,WR,CIN,CLE,16,16.4,22.4,0,0,0.0,0,0.0,1,7.0,0,6,8,97.0,1,0.0
Ja'Marr Chase,WR,CIN,DEN,17,10.2,19.2,0,0,0.0,0,0.0,0,0.0,0,9,15,102.0,0,0.0
Ja'Marr Chase,WR,CIN,PIT,18,15.6,25.6,0,0,0.0,0,0.0,0,0.0,0,10,14,96.0,1,0.0
Ja'Tavion Sanders,TE,CAR,NO,1,0.4,1.4,0,0,0.0,0,0.0,0,0.0,0,1,1,4.0,0,0.0
Ja'Tavion Sanders,TE,CAR,LAC,2,0.8,2.8,0,0,0.0,0,0.0,0,0.0,0,2,2,8.0,0,0.0
Ja'Tavion Sanders,TE,CAR,LV,3,0.0,0.0,0,0,0.0,0,0.0,0,0.0,0,0,1,0.0,0,0.0
Ja'Tavion Sanders,TE,CAR,CIN,4,1.6,3.6,0,0,0.0,0,0.0,0,0.0,0,2,2,16.0,0,0.0
Ja'Tavion Sanders,TE,CAR,CHI,5,1.3,4.3,0,0,0.0,0,0.0,0,0.0,0,3,5,13.0,0,0.0
Ja'Tavion Sanders,TE,CAR,ATL,6,4.9,9.9,0,0,0.0,0,0.0,0,0.0,0,5,7,49.0,0,0.0
Ja'Tavion Sanders,TE,CAR,WAS,7,6.1,12.1,0,0,0.0,0,0.0,0,0.0,0,6,6,61.0,0,0.0
Ja'Tavion Sanders,TE,CAR,DEN,8,0.7,1.7,0,0,0.0,0,0.0,0,0.0,0,1,1,7.0,0,0.0
Ja'Tavion Sanders,TE,CAR,NO,9,8.7,12.7,0,0,0.0,0,0.0,0,0.0,0,4,5,87.0,0,0.0
Ja'Tavion Sanders,TE,CAR,NYG,10,6.8,8.8,0,0,0.0,0,0.0,0,0.0,0,2,2,8.0,1,0.0
Ja'Tavion Sanders,TE,CAR,KC,12,4.9,7.9,0,0,0.0,0,0.0,0,0.0,0,3,3,49.0,0,0.0
Ja'Tavion Sanders,TE,CAR,PHI,14,0.0,0.0,0,0,0.0,0,0.0,0,0.0,0,0,1,0.0,0,0.0
Ja'Tavion Sanders,TE,CAR,DAL,15,0.0,0.0,0,0,0.0,0,0.0,0,0.0,0,0,1,0.0,0,0.0
Ja'Tavion Sanders,TE,CAR,TB,17,0.5,1.5,0,0,0.0,0,0.0,0,0.0,0,1,1,5.0,0,0.0
Ja'Tavion Sanders,TE,CAR,ATL,18,3.5,6.5,0,0,0.0,0,0.0,0,0.0,0,3,5,35.0,0,0.0
Jack Fox,P,DET,TB,2,0.68,0.68,1,1,17.0,0,0.0,0,0.0,0,0,0,0.0,0,0.0
Jack Stoll,TE,PHI,TB,4,0.4,1.4,0,0,0.0,0,0.0,0,0.0,0,1,2,4.0,0,0.0
Jack Stoll,TE,PHI,CIN,8,0.6,1.6,0,0,0.0,0,0.0,0,0.0,0,1,1,6.0,0,0.0
Jacob Cowing,WR,SF,KC,7,5.0,7.0,0,0,0.0,0,0.0,0,0.0,0,2,3,50.0,0,0.0
Jacob Cowing,WR,SF,CHI,14,0.0,0.0,0,0,0.0,0,0.0,0,0.0,0,0,1,0.0,0,0.0
Jacob Cowing,WR,SF,ARI,18,3.7,5.7,0,0,0.0,0,0.0,1,7.0,0,2,2,30.0,0,0.0
Jacob Kibodi,RB,CLE,BAL,18,3.9,4.9,0,0,0.0,0,0.0,5,24.0,0,1,3,15.0,0,0.0
Jacoby Brissett,QB,NE,CIN,1,8.04,8.04,15,24,121.0,0,0.0,7,32.0,0,0,0,0.0,0,1.0
Jacoby Brissett,QB,NE,SEA,2,10.56,10.56,15,27,149.0,1,0.0,2,6.0,0,0,0,0.0,0,3.0
Jacoby Brissett,QB,NE,NYJ,3,3.92,3.92,12,18,98.0,0,0.0,0,0.0,0,0,0,0.0,0,5.0
Jacoby Brissett,QB,NE,SF,4,7.02,7.02,19,32,168.0,1,1.0,2,3.0,0,0,0,0.0,0,6.0
Jacoby Brissett,QB,NE,MIA,5,7.4,7.4,18,34,160.0,0,0.0,1,10.0,0,0,0,0.0,0,2.0
Jacoby Brissett,QB,NE,NYJ,8,8.38,8.38,15,24,132.0,0,0.0,3,11.0,0,0,0,0.0,0,1.0
Jacoby Brissett,QB,NE,LAC,17,-0.08,-0.08,1,2,-2.0,0,0.0,0,0.0,0,0,0,0.0,0,0.0
Jaden Hicks,SS,KC,SF,7,0.1,0.1,0,0,0.0,0,0.0,1,1.0,0,0,0,0.0,0,0.0
Jaelon Darden,WR,CLE,PHI,6,0.6,1.6,0,0,0.0,0,0.0,0,0.0,0,1,1,6.0,0,0.0
Jahan Dotson,WR,PHI,GB,1,0.0,0.0,0,0,0.0,0,0.0,0,0.0,0,0,1,0.0,0,0.0
Jahan Dotson,WR,PHI,ATL,2,0.6,1.6,0,0,0.0,0,0.0,0,0.0,0,1,1,6.0,0,0.0
Jahan Dotson,WR,PHI,NO,3,0.8,2.8,0,0,0.0,0,0.0,0,0.0,0,2,3,8.0,0,0.0
Jahan Dotson,WR,PHI,TB,4,1.1,3.1,0,0,0.0,0,0.0,0,0.0,0,2,4,11.0,0,0.0
Jahan Dotson,WR,PHI,CLE,6,2.3,3.3,0,0,0.0,0,0.0,1,13.0,0,1,3,10.0,0,0.0
Jahan Dotson,WR,PHI,NYG,7,0.0,0.0,0,0,0.0,0,0.0,0,0.0,0,0,1,0.0,0,0.0
Jahan Dotson,WR,PHI,JAX,9,3.6,4.6,0,0,0.0,0,0.0,0,0.0,0,1,1,36.0,0,0.0
Jahan Dotson,WR,PHI,DAL,10,2.7,3.7,0,0,0.0,0,0.0,0,0.0,0,1,1,27.0,0,0.0
Jahan Dotson,WR,PHI,WAS,11,0.8,1.8,0,0,0.0,0,0.0,0,0.0,0,1,2,8.0,0,0.0
Jahan Dotson,WR,PHI,LA,12,0.4,1.4,0,0,0.0,0,0.0,0,0.0,0,1,1,4.0,0,0.0
Jahan Dotson,WR,PHI,BAL,13,0.7,1.7,0,0,0.0,0,0.0,0,0.0,0,1,1,7.0,0,0.0
Jahan Dotson,WR,PHI,CAR,14,0.5,1.5,0,0,0.0,0,0.0,0,0.0,0,1,2,5.0,0,0.0
Jahan Dotson,WR,PHI,PIT,15,0.0,0.0,0,0,0.0,0,0.0,0,0.0,0,0,1,0.0,0,0.0
Jahan Dotson,WR,PHI,NYG,18,9.4,16.4,0,0,0.0,0,0.0,0,0.0,0,7,11,94.0,0,0.0
Jaheim Bell,TE,NE,TEN,9,0.1,1.1,0,0,0.0,0,0.0,0,0.0,0,1,1,1.0,0,0.0
Jaheim Bell,TE,NE,LA,11,0.0,0.0,0,0,0.0,0,0.0,0,0.0,0,0,1,0.0,0,0.0
Jaheim Bell,TE,NE,BUF,18,1.9,2.9,0,0,0.0,0,0.0,0,0.0,0,1,1,19.0,0,0.0
Jahmyr Gibbs,RB,DET,LA,1,13.4,17.4,0,0,0.0,0,0.0,11,40.0,1,4,6,34.0,0,0.0
Jahmyr Gibbs,RB,DET,TB,2,10.6,17.6,0,0,0.0,0,0.0,13,84.0,0,7,7,22.0,0,0.0
Jahmyr Gibbs,RB,DET,ARI,3,8.3,8.3,0,0,0.0,0,0.0,16,83.0,0,0,0,0.0,0,0.0
Jahmyr Gibbs,RB,DET,SEA,4,19.8,19.8,0,0,0.0,0,0.0,14,78.0,2,0,0,0.0,0,0.0
Jahmyr Gibbs,RB,DET,DAL,6,9.1,12.1,0,0,0.0,0,0.0,12,63.0,0,3,5,28.0,0,0.0
Jahmyr Gibbs,RB,DET,MIN,7,28.0,32.0,0,0,0.0,0,0.0,15,116.0,2,4,4,44.0,0,0.0
Jahmyr Gibbs,RB,DET,TEN,8,19.3,20.3,0,0,0.0,0,0.0,11,127.0,1,1,1,6.0,0,0.0
Jahmyr Gibbs,RB,DET,GB,9,13.6,14.6,0,0,0.0,0,0.0,11,65.0,1,1,2,11.0,0,0.0
Jahmyr Gibbs,RB,DET,HOU,10,10.8,12.8,0,0,0.0,0,0.0,19,71.0,0,2,3,37.0,0,0.0
Jahmyr Gibbs,RB,DET,JAX,11,18.3,19.3,0,0,0.0,0,0.0,11,69.0,1,1,1,54.0,0,0.0
Jahmyr Gibbs,RB,DET,IND,12,21.9,24.9,0,0,0.0,0,0.0,21,90.0,2,3,3,9.0,0,0.0
Jahmyr Gibbs,RB,DET,CHI,13,8.4,10.4,0,0,0.0,0,0.0,9,87.0,0,2,4,17.0,0,0.0
Jahmyr Gibbs,RB,DET,GB,14,13.3,19.3,0,0,0.0,0,0.0,15,43.0,0,6,6,30.0,1,0.0
Jahmyr Gibbs,RB,DET,BUF,15,23.4,28.4,0,0,0.0,0,0.0,8,31.0,1,5,7,83.0,1,0.0
Jahmyr Gibbs,RB,DET,CHI,16,21.4,25.4,0,0,0.0,0,0.0,23,109.0,1,4,5,45.0,0,0.0
Jahmyr Gibbs,RB,DET,SF,17,22.3,26.3,0,0,0.0,0,0.0,18,117.0,1,4,4,46.0,0,0.0
Jahmyr Gibbs,RB,DET,MIN,18,41.0,46.0,0,0,0.0,0,0.0,23,139.0,3,5,5,31.0,1,0.0
Jake Bailey,P,MIA,NE,5,0.0,0.0,0,0,0.0,0,0.0,1,0.0,0,0,0,0.0,0,0.0
Jake Bobo,WR,SEA,NE,2,1.5,3.5,0,0,0.0,0,0.0,0,0.0,0,2,2,15.0,0,0.0
Jake Bobo,WR,SEA,DET,4,3.0,6.0,0,0,0.0,0,0.0,0,0.0,0,3,3,30.0,0,0.0
Jake Bobo,WR,SEA,NYG,5,0.3,1.3,0,0,0.0,0,0.0,0,0.0,0,1,1,3.0,0,0.0
Jake Bobo,WR,SEA,SF,6,1.8,3.8,0,0,0.0,0,0.0,0,0.0,0,2,4,18.0,0,0.0
Jake Bobo,WR,SEA,ATL,7,0.0,0.0,0,0,0.0,0,0.0,0,0.0,0,0,1,0.0,0,0.0
Jake Bobo,WR,SEA,BUF,8,1.5,2.5,0,0,0.0,0,0.0,0,0.0,0,1,1,15.0,0,0.0
Jake Bobo,WR,SEA,LA,9,0.0,0.0,0,0,0.0,0,0.0,0,0.0,0,0,1,0.0,0,0.0
Jake Bobo,WR,SEA,ARI,12,0.8,1.8,0,0,0.0,0,0.0,0,0.0,0,1,1,8.0,0,0.0
Jake Bobo,WR,SEA,GB,15,0.8,1.8,0,0,0.0,0,0.0,0,0.0,0,1,1,8.0,0,0.0
Jake Bobo,WR,SEA,MIN,16,0.6,1.6,0,0,0.0,0,0.0,0,0.0,0,1,1,6.0,0,0.0
Jake Bobo,WR,SEA,LA,18,6.4,7.4,0,0,0.0,0,0.0,0,0.0,0,1,1,4.0,1,0.0
Jake Browning,QB,CIN,LV,9,-0.1,-0.1,0,0,0.0,0,0.0,1,-1.0,0,0,0,0.0,0,0.0
Jake Browning,QB,CIN,CLE,16,-0.1,-0.1,0,0,0.0,0,0.0,1,-1.0,0,0,0,0.0,0,0.0
Jake Ferguson,TE,DAL,CLE,1,1.5,4.5,0,0,0.0,0,0.0,0,0.0,0,3,5,15.0,0,0.0
Jake Ferguson,TE,DAL,BAL,3,9.5,15.5,0,0,0.0,0,0.0,0,0.0,0,6,11,95.0,0,0.0
Jake Ferguson,TE,DAL,NYG,4,4.9,11.9,0,0,0.0,0,0.0,0,0.0,0,7,7,49.0,0,0.0
Jake Ferguson,TE,DAL,PIT,5,7.0,13.0,0,0,0.0,0,0.0,0,0.0,0,6,7,70.0,0,0.0
Jake Ferguson,TE,DAL,DET,6,1.1,4.1,0,0,0.0,0,0.0,0,0.0,0,3,4,11.0,0,0.0
Jake Ferguson,TE,DAL,SF,8,2.3,8.3,0,0,0.0,0,0.0,0,0.0,0,6,8,23.0,0,0.0
Jake Ferguson,TE,DAL,ATL,9,7.1,14.1,0,0,0.0,0,0.0,0,0.0,0,7,10,71.0,0,0.0
Jake Ferguson,TE,DAL,PHI,10,0.4,4.4,0,0,0.0,0,0.0,0,0.0,0,4,5,24.0,0,0.0
Jake Ferguson,TE,DAL,HOU,11,1.1,2.1,0,0,0.0,0,0.0,0,0.0,0,1,1,11.0,0,0.0
Jake Ferguson,TE,DAL,CIN,14,3.2,6.2,0,0,0.0,0,0.0,0,0.0,0,3,6,32.0,0,0.0
Jake Ferguson,TE,DAL,CAR,15,2.3,4.3,0,0,0.0,0,0.0,0,0.0,0,2,4,23.0,0,0.0
Jake Ferguson,TE,DAL,TB,16,4.0,10.0,0,0,0.0,0,0.0,0,0.0,0,6,9,40.0,0,0.0
Jake Ferguson,TE,DAL,PHI,17,-0.2,2.8,0,0,0.0,0,0.0,0,0.0,0,3,5,18.0,0,0.0
Jake Ferguson,TE,DAL,WAS,18,1.2,3.2,0,0,0.0,0,0.0,0,0.0,0,2,4,12.0,0,0.0
Jake Haener,QB,NO,CAR,1,0.0,0.0,0,1,0.0,0,0.0,0,0.0,0,0,0,0.0,0,0.0
Jake Haener,QB,NO,DAL,2,-0.3,-0.3,0,0,0.0,0,0.0,3,-3.0,0,0,0,0.0,0,0.0
Jake Haener,QB,NO,KC,5,1.78,1.78,2,7,17.0,0,0.0,2,11.0,0,0,0,0.0,0,0.0
Jake Haener,QB,NO,DEN,7,5.52,5.52,3,4,38.0,1,0.0,0,0.0,0,0,0,0.0,0,0.0
Jake Haener,QB,NO,LAC,8,5.88,5.88,9,17,122.0,0,0.0,2,10.0,0,0,0,0.0,0,2.0
Jake Haener,QB,NO,CLE,11,-0.2,-0.2,0,0,0.0,0,0.0,2,-2.0,0,0,0,0.0,0,0.0
Jake Haener,QB,NO,NYG,14,-0.1,-0.1,0,0,0.0,0,0.0,1,-1.0,0,0,0,0.0,0,1.0
Jake Haener,QB,NO,WAS,15,0.66,0.66,4,10,49.0,0,1.0,1,7.0,0,0,0,0.0,0,3.0
Jakobi Meyers,WR,LV,LAC,1,6.4,9.4,0,0,0.0,0,0.0,1,3.0,0,3,3,61.0,0,0.0
Jakobi Meyers,WR,LV,BAL,2,2.9,6.9,0,0,0.0,0,0.0,0,0.0,0,4,5,29.0,0,0.0
Jakobi Meyers,WR,LV,CAR,3,14.2,21.2,0,0,0.0,0,0.0,0,0.0,0,7,9,62.0,1,0.0
Jakobi Meyers,WR,LV,CLE,4,4.9,9.9,0,0,0.0,0,0.0,0,0.0,0,5,10,49.0,0,0.0
Jakobi Meyers,WR,LV,DEN,5,7.2,13.2,0,0,0.0,0,0.0,0,0.0,0,6,9,72.0,0,0.0
Jakobi Meyers,WR,LV,KC,8,11.2,17.2,0,0,0.0,0,0.0,0,0.0,0,6,7,52.0,1,0.0
Jakobi Meyers,WR,LV,CIN,9,10.5,18.5,0,0,0.0,0,0.0,0,0.0,0,8,11,105.0,0,0.0
Jakobi Meyers,WR,LV,MIA,11,4.8,8.8,0,0,0.0,0,0.0,1,20.0,0,4,6,28.0,0,0.0
Jakobi Meyers,WR,LV,DEN,12,12.1,22.1,0,0,0.0,0,0.0,0,0.0,0,10,15,121.0,0,0.0
Jakobi Meyers,WR,LV,KC,13,9.7,15.7,0,0,0.0,0,0.0,0,0.0,0,6,11,97.0,0,0.0
Jakobi Meyers,WR,LV,TB,14,6.7,13.7,0,0,0.0,0,0.0,0,0.0,0,7,10,67.0,0,0.0
Jakobi Meyers,WR,LV,ATL,15,5.9,10.9,0,0,0.0,0,0.0,0,0.0,0,5,9,59.0,0,1.0
Jakobi Meyers,WR,LV,JAX,16,4.1,6.1,0,0,0.0,0,0.0,0,0.0,0,2,5,41.0,0,0.0
Jakobi Meyers,WR,LV,NO,17,12.1,17.1,0,0,0.0,0,0.0,0,0.0,0,5,9,61.0,1,0.0
Jakobi Meyers,WR,LV,LAC,18,18.3,27.3,0,0,0.0,0,0.0,0,0.0,0,9,10,123.0,1,0.0
Jaleel McLaughlin,RB,DEN,SEA,1,0.8,5.8,0,0,0.0,0,0.0,10,27.0,0,5,5,1.0,0,0.0
Jaleel McLaughlin,RB,DEN,PIT,2,0.6,0.6,0,0,0.0,0,0.0,3,6.0,0,0,0,0.0,0,0.0
Jaleel McLaughlin,RB,DEN,TB,3,7.4,8.4,0,0,0.0,0,0.0,5,7.0,1,1,1,7.0,0,0.0
Jaleel McLaughlin,RB,DEN,NYJ,4,4.6,5.6,0,0,0.0,0,0.0,9,46.0,0,1,1,0.0,0,0.0
Jaleel McLaughlin,RB,DEN,LV,5,8.5,11.5,0,0,0.0,0,0.0,6,22.0,0,3,4,3.0,1,0.0
Jaleel McLaughlin,RB,DEN,LAC,6,2.5,4.5,0,0,0.0,0,0.0,3,8.0,0,2,2,17.0,0,0.0
Jaleel McLaughlin,RB,DEN,NO,7,3.5,3.5,0,0,0.0,0,0.0,4,35.0,0,0,0,0.0,0,0.0
Jaleel McLaughlin,RB,DEN,CAR,8,11.6,12.6,0,0,0.0,0,0.0,8,47.0,0,1,1,9.0,1,0.0
Jaleel McLaughlin,RB,DEN,BAL,9,2.0,5.0,0,0,0.0,0,0.0,5,10.0,0,3,3,10.0,0,0.0
Jaleel McLaughlin,RB,DEN,KC,10,1.2,1.2,0,0,0.0,0,0.0,2,12.0,0,0,0,0.0,0,0.0
Jaleel McLaughlin,RB,DEN,ATL,11,1.9,1.9,0,0,0.0,0,0.0,4,19.0,0,0,0,0.0,0,0.0
Jaleel McLaughlin,RB,DEN,LV,12,4.4,4.4,0,0,0.0,0,0.0,7,44.0,0,0,1,0.0,0,0.0
Jaleel McLaughlin,RB,DEN,CLE,13,8.4,9.4,0,0,0.0,0,0.0,14,84.0,0,1,2,0.0,0,0.0
Jaleel McLaughlin,RB,DEN,IND,15,3.4,6.4,0,0,0.0,0,0.0,7,21.0,0,3,3,13.0,0,0.0
Jaleel McLaughlin,RB,DEN,CIN,17,7.6,9.6,0,0,0.0,0,0.0,10,69.0,0,2,2,7.0,0,0.0
Jaleel McLaughlin,RB,DEN,KC,18,4.8,6.8,0,0,0.0,0,0.0,16,39.0,0,2,2,9.0,0,0.0
Jalen Brooks,WR,DAL,CLE,1,1.8,2.8,0,0,0.0,0,0.0,0,0.0,0,1,1,18.0,0,0.0
Jalen Brooks,WR,DAL,NO,2,1.0,2.0,0,0,0.0,0,0.0,0,0.0,0,1,3,10.0,0,0.0
Jalen Brooks,WR,DAL,BAL,3,2.4,3.4,0,0,0.0,0,0.0,0,0.0,0,1,3,24.0,0,0.0
Jalen Brooks,WR,DAL,PIT,5,1.0,2.0,0,0,0.0,0,0.0,0,0.0,0,1,1,10.0,0,0.0
Jalen Brooks,WR,DAL,DET,6,1.5,2.5,0,0,0.0,0,0.0,0,0.0,0,1,6,15.0,0,0.0
Jalen Brooks,WR,DAL,SF,8,0.0,0.0,0,0,0.0,0,0.0,0,0.0,0,0,1,0.0,0,0.0
Jalen Brooks,WR,DAL,ATL,9,2.6,4.6,0,0,0.0,0,0.0,0,0.0,0,2,5,26.0,0,0.0
Jalen Brooks,WR,DAL,PHI,10,0.4,1.4,0,0,0.0,0,0.0,0,0.0,0,1,4,4.0,0,0.0
Jalen Brooks,WR,DAL,WAS,12,4.1,5.1,0,0,0.0,0,0.0,0,0.0,0,1,3,41.0,0,0.0
Jalen Brooks,WR,DAL,NYG,13,0.0,1.0,0,0,0.0,0,0.0,0,0.0,0,1,1,0.0,0,0.0
Jalen Brooks,WR,DAL,CAR,15,7.7,8.7,0,0,0.0,0,0.0,0,0.0,0,1,1,17.0,1,0.0
Jalen Brooks,WR,DAL,PHI,17,1.2,2.2,0,0,0.0,0,0.0,0,0.0,0,1,1,12.0,0,0.0
Jalen Coker,WR,CAR,CIN,4,0.0,0.0,0,0,0.0,0,0.0,0,0.0,0,0,1,0.0,0,0.0
Jalen Coker,WR,CAR,CHI,5,6.8,10.8,0,0,0.0,0,0.0,0,0.0,0,4,4,68.0,0,0.0
Jalen Coker,WR,CAR,ATL,6,3.0,6.0,0,0,0.0,0,0.0,0,0.0,0,3,3,30.0,0,0.0
Jalen Coker,WR,CAR,WAS,7,1.0,2.0,0,0,0.0,0,0.0,0,0.0,0,1,1,10.0,0,0.0
Jalen Coker,WR,CAR,DEN,8,13.8,17.8,0,0,0.0,0,0.0,0,0.0,0,4,6,78.0,1,0.0
Jalen Coker,WR,CAR,NO,9,3.6,5.6,0,0,0.0,0,0.0,0,0.0,0,2,3,36.0,0,0.0
Jalen Coker,WR,CAR,NYG,10,4.1,7.1,0,0,0.0,0,0.0,0,0.0,0,3,8,41.0,0,0.0
Jalen Coker,WR,CAR,DAL,15,17.0,21.0,0,0,0.0,0,0.0,0,0.0,0,4,6,110.0,1,0.0
Jalen Coker,WR,CAR,ARI,16,0.8,2.8,0,0,0.0,0,0.0,0,0.0,0,2,5,8.0,0,0.0
Jalen Coker,WR,CAR,TB,17,3.5,5.5,0,0,0.0,0,0.0,0,0.0,0,2,2,35.0,0,0.0
Jalen Coker,WR,CAR,ATL,18,6.96,13.96,1,1,19.0,0,0.0,0,0.0,0,7,7,62.0,0,0.0
Jalen Hurts,QB,PHI,GB,1,16.42,16.42,20,34,278.0,2,2.0,13,33.0,0,0,0,0.0,0,2.0
Jalen Hurts,QB,PHI,ATL,2,23.82,23.82,23,30,183.0,1,1.0,13,85.0,1,0,0,0.0,0,1.0
Jalen Hurts,QB,PHI,NO,3,10.94,10.94,29,38,311.0,0,1.0,8,25.0,0,0,0,0.0,0,4.0
Jalen Hurts,QB,PHI,TB,4,16.32,16.32,18,30,158.0,1,0.0,8,20.0,1,0,0,0.0,0,6.0
Jalen Hurts,QB,PHI,CLE,6,21.86,21.86,16,25,264.0,2,0.0,14,33.0,0,0,0,0.0,0,1.0
Jalen Hurts,QB,PHI,NYG,7,22.76,22.76,10,14,114.0,1,0.0,7,22.0,2,0,0,0.0,0,4.0
Jalen Hurts,QB,PHI,CIN,8,35.14,35.14,16,20,236.0,1,0.0,10,37.0,3,0,0,0.0,0,0.0
Jalen Hurts,QB,PHI,JAX,9,29.9,29.9,18,24,230.0,2,0.0,13,67.0,1,0,0,0.0,0,3.0
Jalen Hurts,QB,PHI,DAL,10,29.68,29.68,14,20,202.0,2,1.0,7,56.0,2,0,0,0.0,0,5.0
Jalen Hurts,QB,PHI,WAS,11,18.74,18.74,18,28,221.0,0,0.0,10,39.0,1,0,0,0.0,0,2.0
Jalen Hurts,QB,PHI,LA,12,15.06,15.06,15,22,179.0,1,0.0,12,39.0,0,0,0,0.0,0,1.0
Jalen Hurts,QB,PHI,BAL,13,17.62,17.62,11,19,118.0,1,0.0,9,29.0,1,0,0,0.0,0,2.0
Jalen Hurts,QB,PHI,CAR,14,24.22,24.22,14,21,108.0,2,0.0,8,59.0,1,0,0,0.0,0,4.0
Jalen Hurts,QB,PHI,PIT,15,28.1,28.1,25,32,290.0,2,0.0,15,45.0,1,0,0,0.0,0,3.0
Jalen Hurts,QB,PHI,WAS,16,4.54,4.54,1,4,11.0,0,0.0,3,41.0,0,0,0,0.0,0,0.0
Jalen McMillan,WR,TB,WAS,1,9.2,10.2,0,0,0.0,0,0.0,0,0.0,0,1,3,32.0,1,0.0
Jalen McMillan,WR,TB,DET,2,2.1,3.1,0,0,0.0,0,0.0,0,0.0,0,1,2,21.0,0,0.0
Jalen McMillan,WR,TB,DEN,3,0.6,1.6,0,0,0.0,0,0.0,0,0.0,0,1,1,6.0,0,0.0
Jalen McMillan,WR,TB,NO,6,0.0,0.0,0,0,0.0,0,0.0,0,0.0,0,0,1,0.0,0,0.0
Jalen McMillan,WR,TB,BAL,7,2.6,5.6,0,0,0.0,0,0.0,1,11.0,0,3,8,15.0,0,0.0
Jalen McMillan,WR,TB,ATL,8,5.2,9.2,0,0,0.0,0,0.0,1,17.0,0,4,7,35.0,0,0.0
Jalen McMillan,WR,TB,NYG,12,1.1,2.1,0,0,0.0,0,0.0,0,0.0,0,1,2,11.0,0,0.0
Jalen McMillan,WR,TB,CAR,13,2.5,4.5,0,0,0.0,0,0.0,0,0.0,0,2,3,25.0,0,0.0
Jalen McMillan,WR,TB,LV,14,17.9,21.9,0,0,0.0,0,0.0,0,0.0,0,4,7,59.0,2,0.0
Jalen McMillan,WR,TB,LAC,15,13.5,18.5,0,0,0.0,0,0.0,0,0.0,0,5,6,75.0,1,0.0
Jalen McMillan,WR,TB,DAL,16,11.7,16.7,0,0,0.0,0,0.0,0,0.0,0,5,7,57.0,1,0.0
Jalen McMillan,WR,TB,CAR,17,18.0,23.0,0,0,0.0,0,0.0,1,9.0,0,5,5,51.0,2,0.0
Jalen McMillan,WR,TB,NO,18,14.0,19.0,0,0,0.0,0,0.0,1,6.0,0,5,6,74.0,1,0.0
Jalen Nailor,WR,MIN,NYG,1,8.1,9.1,0,0,0.0,0,0.0,0,0.0,0,1,1,21.0,1,0.0
Jalen Nailor,WR,MIN,SF,2,11.4,14.4,0,0,0.0,0,0.0,0,0.0,0,3,4,54.0,1,0.0
Jalen Nailor,WR,MIN,HOU,3,9.4,12.4,0,0,0.0,0,0.0,1,3.0,0,3,4,31.0,1,0.0
Jalen Nailor,WR,MIN,GB,4,3.1,4.1,0,0,0.0,0,0.0,1,0.0,0,1,2,31.0,0,0.0
Jalen Nailor,WR,MIN,DET,7,7.6,11.6,0,0,0.0,0,0.0,0,0.0,0,4,5,76.0,0,0.0
Jalen Nailor,WR,MIN,LA,8,1.6,3.6,0,0,0.0,0,0.0,0,0.0,0,2,4,16.0,0,0.0
Jalen Nailor,WR,MIN,IND,9,6.7,7.7,0,0,0.0,0,0.0,0,0.0,0,1,1,7.0,1,0.0
Jalen Nailor,WR,MIN,JAX,10,0.4,1.4,0,0,0.0,0,0.0,1,-7.0,0,1,3,11.0,0,0.0
Jalen Nailor,WR,MIN,TEN,11,0.0,0.0,0,0,0.0,0,0.0,0,0.0,0,0,2,0.0,0,0.0
Jalen Nailor,WR,MIN,CHI,12,6.5,7.5,0,0,0.0,0,0.0,0,0.0,0,1,2,5.0,1,0.0
Jalen Nailor,WR,MIN,ARI,13,1.8,2.8,0,0,0.0,0,0.0,0,0.0,0,1,2,18.0,0,0.0
Jalen Nailor,WR,MIN,CHI,15,0.5,1.5,0,0,0.0,0,0.0,0,0.0,0,1,1,5.0,0,0.0
Jalen Nailor,WR,MIN,SEA,16,0.5,1.5,0,0,0.0,0,0.0,0,0.0,0,1,2,5.0,0,0.0
Jalen Nailor,WR,MIN,GB,17,14.1,19.1,0,0,0.0,0,0.0,0,0.0,0,5,5,81.0,1,0.0
Jalen Nailor,WR,MIN,DET,18,5.3,8.3,0,0,0.0,0,0.0,0,0.0,0,3,4,53.0,0,0.0
Jalen Reagor,WR,LAC,ARI,7,2.0,3.0,0,0,0.0,0,0.0,1,-1.0,0,1,1,41.0,0,0.0
Jalen Reagor,WR,LAC,NO,8,3.5,5.5,0,0,0.0,0,0.0,0,0.0,0,2,2,35.0,0,0.0
Jalen Reagor,WR,LAC,CLE,9,0.0,1.0,0,0,0.0,0,0.0,0,0.0,0,1,2,0.0,0,0.0
Jalen Reagor,WR,LAC,TEN,10,-0.2,-0.2,0,0,0.0,0,0.0,2,-2.0,0,0,1,0.0,0,0.0
Jalen Reagor,WR,LAC,CIN,11,0.0,0.0,0,0,0.0,0,0.0,0,0.0,0,0,1,0.0,0,0.0
Jalen Reagor,WR,LAC,BAL,12,2.0,4.0,0,0,0.0,0,0.0,0,0.0,0,2,4,20.0,0,0.0
Jalen Reagor,WR,LAC,KC,14,0.4,1.4,0,0,0.0,0,0.0,0,0.0,0,1,1,4.0,0,0.0
Jalen Reeves-Maybin,OLB,DET,MIN,7,0.1,0.1,0,0,0.0,0,0.0,1,1.0,0,0,0,0.0,0,0.0
Jalen Tolbert,WR,DAL,CLE,1,1.2,2.2,0,0,0.0,0,0.0,0,0.0,0,1,2,12.0,0,0.0
Jalen Tolbert,WR,DAL,NO,2,8.2,14.2,0,0,0.0,0,0.0,0,0.0,0,6,9,82.0,0,0.0
Jalen Tolbert,WR,DAL,BAL,3,10.2,13.2,0,0,0.0,0,0.0,0,0.0,0,3,5,42.0,1,0.0
Jalen Tolbert,WR,DAL,NYG,4,2.4,5.4,0,0,0.0,0,0.0,0,0.0,0,3,3,24.0,0,0.0
Jalen Tolbert,WR,DAL,PIT,5,14.7,21.7,0,0,0.0,0,0.0,0,0.0,0,7,10,87.0,1,0.0
Jalen Tolbert,WR,DAL,DET,6,4.3,8.3,0,0,0.0,0,0.0,0,0.0,0,4,5,43.0,0,0.0
Jalen Tolbert,WR,DAL,SF,8,4.4,7.4,0,0,0.0,0,0.0,0,0.0,0,3,3,44.0,0,0.0
Jalen Tolbert,WR,DAL,ATL,9,7.9,10.9,0,0,0.0,0,0.0,0,0.0,0,3,6,19.0,1,0.0
Jalen Tolbert,WR,DAL,PHI,10,1.4,4.4,0,0,0.0,0,0.0,0,0.0,0,3,5,14.0,0,0.0
Jalen Tolbert,WR,DAL,HOU,11,2.1,4.1,0,0,0.0,0,0.0,0,0.0,0,2,5,21.0,0,0.0
Jalen Tolbert,WR,DAL,WAS,12,8.2,10.2,0,0,0.0,0,0.0,0,0.0,0,2,4,22.0,1,0.0
Jalen Tolbert,WR,DAL,NYG,13,4.1,6.1,0,0,0.0,0,0.0,0,0.0,0,2,4,41.0,0,0.0
Jalen Tolbert,WR,DAL,CIN,14,0.0,0.0,0,0,0.0,0,0.0,0,0.0,0,0,3,0.0,0,0.0
Jalen Tolbert,WR,DAL,CAR,15,7.1,8.1,0,0,0.0,0,0.0,0,0.0,0,1,2,11.0,1,0.0
Jalen Tolbert,WR,DAL,TB,16,8.0,10.0,0,0,0.0,0,0.0,0,0.0,0,2,3,20.0,1,0.0
Jalen Tolbert,WR,DAL,PHI,17,9.0,12.0,0,0,0.0,0,0.0,0,0.0,0,3,4,30.0,1,0.0
Jalen Tolbert,WR,DAL,WAS,18,9.8,13.8,0,0,0.0,0,0.0,0,0.0,0,4,6,98.0,0,0.0
Jalin Hyatt,WR,NYG,MIN,1,0.0,0.0,0,0,0.0,0,0.0,0,0.0,0,0,1,0.0,0,0.0
Jalin Hyatt,WR,NYG,CLE,3,0.0,0.0,0,0,0.0,0,0.0,0,0.0,0,0,1,0.0,0,0.0
Jalin Hyatt,WR,NYG,DAL,4,0.0,0.0,0,0,0.0,0,0.0,0,0.0,0,0,1,0.0,0,0.0
Jalin Hyatt,WR,NYG,CIN,6,0.6,1.6,0,0,0.0,0,0.0,0,0.0,0,1,4,6.0,0,0.0
Jalin Hyatt,WR,NYG,PHI,7,0.0,0.0,0,0,0.0,0,0.0,0,0.0,0,0,1,0.0,0,0.0
Jalin Hyatt,WR,NYG,CAR,10,3.9,7.9,0,0,0.0,0,0.0,0,0.0,0,4,4,39.0,0,0.0
Jalin Hyatt,WR,NYG,DAL,13,0.8,2.8,0,0,0.0,0,0.0,0,0.0,0,2,2,8.0,0,0.0
Jalin Hyatt,WR,NYG,NO,14,0.0,0.0,0,0,0.0,0,0.0,0,0.0,0,0,2,0.0,0,0.0
Jalin Hyatt,WR,NYG,ATL,16,0.9,1.9,0,0,0.0,0,0.0,0,0.0,0,1,2,9.0,0,0.0
Jalin Hyatt,WR,NYG,PHI,18,0.0,0.0,0,0,0.0,0,0.0,0,0.0,0,0,1,0.0,0,0.0
Jamaal Williams,RB,NO,CAR,1,11.1,12.1,0,0,0.0,0,0.0,11,38.0,1,1,1,13.0,0,0.0
Jamaal Williams,RB,NO,DAL,2,3.9,3.9,0,0,0.0,0,0.0,8,39.0,0,0,0,0.0,0,0.0
Jamaal Williams,RB,NO,PHI,3,-0.1,0.9,0,0,0.0,0,0.0,1,-1.0,0,1,3,0.0,0,0.0
Jamaal Williams,RB,NO,ATL,4,1.9,3.9,0,0,0.0,0,0.0,3,11.0,0,2,2,8.0,0,0.0
Jamaal Williams,RB,NO,KC,5,0.9,0.9,0,0,0.0,0,0.0,2,9.0,0,0,0,0.0,0,0.0
Jamaal Williams,RB,NO,TB,6,0.7,0.7,0,0,0.0,0,0.0,2,7.0,0,0,0,0.0,0,0.0
Jamaal Williams,RB,NO,DEN,7,1.7,1.7,0,0,0.0,0,0.0,3,17.0,0,0,0,0.0,0,0.0
Jamaal Williams,RB,NO,LAC,8,0.4,0.4,0,0,0.0,0,0.0,2,4.0,0,0,0,0.0,0,0.0
Jamaal Williams,RB,NO,LA,13,0.7,1.7,0,0,0.0,0,0.0,0,0.0,0,1,1,7.0,0,0.0
Jamaal Williams,RB,NO,NYG,14,1.5,3.5,0,0,0.0,0,0.0,3,5.0,0,2,2,10.0,0,0.0
Jamaal Williams,RB,NO,GB,16,0.8,0.8,0,0,0.0,0,0.0,3,8.0,0,0,0,0.0,0,0.0
Jamaal Williams,RB,NO,LV,17,2.4,3.4,0,0,0.0,0,0.0,2,12.0,0,1,1,12.0,0,0.0
Jamaal Williams,RB,NO,TB,18,2.2,3.2,0,0,0.0,0,0.0,8,15.0,0,1,1,7.0,0,0.0
Jamari Thrash,WR,CLE,NO,11,1.1,2.1,0,0,0.0,0,0.0,0,0.0,0,1,1,11.0,0,0.0
Jamari Thrash,WR,CLE,DEN,13,1.1,3.1,0,0,0.0,0,0.0,0,0.0,0,2,2,11.0,0,0.0
Jamari Thrash,WR,CLE,KC,15,0.0,0.0,0,0,0.0,0,0.0,0,0.0,0,0,1,0.0,0,0.0
Jamari Thrash,WR,CLE,CIN,16,0.0,0.0,0,0,0.0,0,0.0,0,0.0,0,0,1,0.0,0,0.0
Jamari Thrash,WR,CLE,MIA,17,0.0,0.0,0,0,0.0,0,0.0,0,0.0,0,0,1,0.0,0,0.0
Jamari Thrash,WR,CLE,BAL,18,0.0,0.0,0,0,0.0,0,0.0,0,0.0,0,0,1,0.0,0,0.0
Jameis Winston,QB,CLE,JAX,2,0.4,0.4,0,0,0.0,0,0.0,2,4.0,0,0,0,0.0,0,0.0
Jameis Winston,QB,CLE,NYG,3,0.1,0.1,0,0,0.0,0,0.0,2,1.0,0,0,0,0.0,0,0.0
Jameis Winston,QB,CLE,WAS,5,0.34,0.34,1,1,16.0,0,0.0,1,-3.0,0,0,0,0.0,0,0.0
Jameis Winston,QB,CLE,CIN,7,8.68,8.68,5,11,67.0,1,0.0,0,0.0,0,0,0,0.0,0,1.0
Jameis Winston,QB,CLE,BAL,8,23.56,23.56,27,41,334.0,3,0.0,2,2.0,0,0,0,0.0,0,2.0
Jameis Winston,QB,CLE,LAC,9,10.1,10.1,26,46,235.0,1,3.0,5,27.0,0,0,0,0.0,0,6.0
Jameis Winston,QB,CLE,NO,11,26.6,26.6,30,46,395.0,2,0.0,1,8.0,0,0,0,0.0,0,3.0
Jameis Winston,QB,CLE,PIT,12,13.46,13.46,18,27,219.0,0,1.0,3,7.0,1,0,0,0.0,0,1.0
Jameis Winston,QB,CLE,DEN,13,32.98,32.98,34,58,497.0,4,3.0,3,11.0,0,0,0,0.0,0,3.0
Jameis Winston,QB,CLE,PIT,14,15.28,15.28,24,41,212.0,2,2.0,4,28.0,0,0,0,0.0,0,3.0
Jameis Winston,QB,CLE,KC,15,-0.36,-0.36,16,25,146.0,0,3.0,2,-2.0,0,0,0,0.0,0,5.0
James Conner,RB,ARI,BUF,1,16.3,19.3,0,0,0.0,0,0.0,16,50.0,1,3,4,33.0,0,0.0
James Conner,RB,ARI,LA,2,18.4,19.4,0,0,0.0,0,0.0,21,122.0,1,1,1,2.0,0,0.0
James Conner,RB,ARI,DET,3,2.5,3.5,0,0,0.0,0,0.0,9,17.0,0,1,1,8.0,0,0.0
James Conner,RB,ARI,WAS,4,17.3,18.3,0,0,0.0,0,0.0,18,104.0,1,1,1,9.0,0,0.0
James Conner,RB,ARI,SF,5,12.0,14.0,0,0,0.0,0,0.0,19,86.0,0,2,3,14.0,0,0.0
James Conner,RB,ARI,GB,6,2.6,6.6,0,0,0.0,0,0.0,7,24.0,0,4,5,22.0,0,0.0
James Conner,RB,ARI,LAC,7,15.2,17.2,0,0,0.0,0,0.0,19,101.0,0,2,4,51.0,0,0.0
James Conner,RB,ARI,MIA,8,12.9,14.9,0,0,0.0,0,0.0,20,53.0,1,2,3,16.0,0,0.0
James Conner,RB,ARI,CHI,9,11.9,14.9,0,0,0.0,0,0.0,18,107.0,0,3,3,12.0,0,0.0
James Conner,RB,ARI,NYJ,10,17.3,22.3,0,0,0.0,0,0.0,12,33.0,1,5,5,80.0,0,0.0
James Conner,RB,ARI,SEA,12,4.9,9.9,0,0,0.0,0,0.0,7,8.0,0,5,5,41.0,0,0.0
James Conner,RB,ARI,MIN,13,8.1,11.1,0,0,0.0,0,0.0,17,68.0,0,3,4,13.0,0,0.0
James Conner,RB,ARI,SEA,14,18.2,22.2,0,0,0.0,0,0.0,18,90.0,0,4,4,32.0,1,0.0
James Conner,RB,ARI,NE,15,25.8,30.8,0,0,0.0,0,0.0,16,110.0,2,5,5,28.0,0,0.0
James Conner,RB,ARI,CAR,16,22.6,26.6,0,0,0.0,0,0.0,15,117.0,1,4,4,49.0,0,0.0
James Conner,RB,ARI,LA,17,0.8,2.8,0,0,0.0,0,0.0,4,4.0,0,2,3,4.0,0,0.0
James Cook,RB,BUF,ARI,1,10.3,13.3,0,0,0.0,0,0.0,19,71.0,0,3,3,32.0,0,0.0
James Cook,RB,BUF,MIA,2,27.5,28.5,0,0,0.0,0,0.0,11,78.0,2,1,1,17.0,1,0.0
James Cook,RB,BUF,JAX,3,14.7,18.7,0,0,0.0,0,0.0,11,39.0,1,4,5,48.0,0,0.0
James Cook,RB,BUF,BAL,4,4.8,5.8,0,0,0.0,0,0.0,9,39.0,0,1,1,9.0,0,0.0
James Cook,RB,BUF,HOU,5,15.9,17.9,0,0,0.0,0,0.0,20,82.0,1,2,3,17.0,0,0.0
James Cook,RB,BUF,TEN,7,9.2,9.2,0,0,0.0,0,0.0,12,32.0,1,0,0,0.0,0,0.0
James Cook,RB,BUF,SEA,8,25.3,28.3,0,0,0.0,0,0.0,17,111.0,2,3,3,22.0,0,0.0
James Cook,RB,BUF,MIA,9,6.9,11.9,0,0,0.0,0,0.0,10,44.0,0,5,6,25.0,0,0.0
James Cook,RB,BUF,IND,10,14.5,15.5,0,0,0.0,0,0.0,19,80.0,1,1,3,5.0,0,0.0
James Cook,RB,BUF,KC,11,14.7,19.7,0,0,0.0,0,0.0,9,20.0,2,5,6,7.0,0,0.0
James Cook,RB,BUF,SF,13,18.0,19.0,0,0,0.0,0,0.0,14,107.0,1,1,1,13.0,0,0.0
James Cook,RB,BUF,LA,14,2.9,4.9,0,0,0.0,0,0.0,6,20.0,0,2,2,9.0,0,0.0
James Cook,RB,BUF,DET,15,25.3,26.3,0,0,0.0,0,0.0,14,105.0,2,1,1,28.0,0,0.0
James Cook,RB,BUF,NE,16,24.6,27.6,0,0,0.0,0,0.0,11,100.0,1,3,3,26.0,1,0.0
James Cook,RB,BUF,NYJ,17,11.3,11.3,0,0,0.0,0,0.0,15,53.0,1,0,0,0.0,0,0.0
James Cook,RB,BUF,NE,18,8.8,8.8,0,0,0.0,0,0.0,10,28.0,1,0,0,0.0,0,0.0
James Pierre,CB,PIT,WAS,10,0.0,0.0,0,0,0.0,0,0.0,0,0.0,0,0,1,0.0,0,0.0
James Proche,WR,CLE,LV,4,0.3,1.3,0,0,0.0,0,0.0,0,0.0,0,1,1,3.0,0,0.0
James Proche,WR,CLE,PIT,14,1.8,3.8,0,0,0.0,0,0.0,0,0.0,0,2,2,18.0,0,0.0
Jameson Williams,WR,DET,LA,1,19.4,24.4,0,0,0.0,0,0.0,1,13.0,0,5,9,121.0,1,0.0
Jameson Williams,WR,DET,TB,2,9.4,14.4,0,0,0.0,0,0.0,1,15.0,0,5,11,79.0,0,0.0
Jameson Williams,WR,DET,ARI,3,0.2,1.2,0,0,0.0,0,0.0,1,-7.0,0,1,3,9.0,0,0.0
Jameson Williams,WR,DET,SEA,4,14.0,16.0,0,0,0.0,0,0.0,0,0.0,0,2,2,80.0,1,0.0
Jameson Williams,WR,DET,DAL,6,14.7,17.7,0,0,0.0,0,0.0,1,11.0,0,3,4,76.0,1,0.0
Jameson Williams,WR,DET,MIN,7,-0.4,0.6,0,0,0.0,0,0.0,0,0.0,0,1,1,-4.0,0,0.0
Jameson Williams,WR,DET,HOU,10,5.3,8.3,0,0,0.0,0,0.0,0,0.0,0,3,5,53.0,0,0.0
Jameson Williams,WR,DET,JAX,11,18.6,22.6,0,0,0.0,0,0.0,1,2.0,0,4,6,124.0,1,0.0
Jameson Williams,WR,DET,IND,12,6.8,11.8,0,0,0.0,0,0.0,1,4.0,0,5,7,64.0,0,0.0
Jameson Williams,WR,DET,CHI,13,4.6,9.6,0,0,0.0,0,0.0,2,18.0,0,5,7,28.0,0,0.0
Jameson Williams,WR,DET,GB,14,8.0,13.0,0,0,0.0,0,0.0,0,0.0,0,5,8,80.0,0,0.0
Jameson Williams,WR,DET,BUF,15,9.7,12.7,0,0,0.0,0,0.0,0,0.0,0,3,5,37.0,1,0.0
Jameson Williams,WR,DET,CHI,16,21.0,26.0,0,0,0.0,0,0.0,1,7.0,0,5,7,143.0,1,0.0
Jameson Williams,WR,DET,SF,17,19.5,24.5,0,0,0.0,0,0.0,2,-2.0,1,5,8,77.0,1,0.0
Jameson Williams,WR,DET,MIN,18,3.4,9.4,0,0,0.0,0,0.0,0,0.0,0,6,8,34.0,0,0.0
Jamison Crowder,WR,WAS,TB,1,0.5,1.5,0,0,0.0,0,0.0,0,0.0,0,1,1,5.0,0,0.0
Jamison Crowder,WR,WAS,NO,15,2.7,5.7,0,0,0.0,0,0.0,0,0.0,0,3,3,27.0,0,0.0
Jamison Crowder,WR,WAS,PHI,16,13.5,15.5,0,0,0.0,0,0.0,0,0.0,0,2,4,15.0,2,0.0
Jamison Crowder,WR,WAS,ATL,17,2.5,5.5,0,0,0.0,0,0.0,0,0.0,0,3,5,25.0,0,0.0
Jamycal Hasty,RB,NE,SEA,2,0.2,0.2,0,0,0.0,0,0.0,1,2.0,0,0,0,0.0,0,0.0
Jamycal Hasty,RB,NE,NYJ,3,0.5,0.5,0,0,0.0,0,0.0,1,5.0,0,0,0,0.0,0,0.0
Jamycal Hasty,RB,NE,SF,4,1.5,1.5,0,0,0.0,0,0.0,3,15.0,0,0,1,0.0,0,0.0
Jamycal Hasty,RB,NE,HOU,6,2.1,3.1,0,0,0.0,0,0.0,3,12.0,0,1,2,9.0,0,0.0
Jamycal Hasty,RB,NE,JAX,7,10.7,15.7,0,0,0.0,0,0.0,2,-2.0,0,5,5,49.0,1,0.0
Jamycal Hasty,RB,NE,TEN,9,-0.3,0.7,0,0,0.0,0,0.0,1,0.0,0,1,1,-3.0,0,0.0
Jamycal Hasty,RB,NE,CHI,10,2.4,3.4,0,0,0.0,0,0.0,6,20.0,0,1,1,4.0,0,0.0
Jamycal Hasty,RB,NE,LA,11,0.2,0.2,0,0,0.0,0,0.0,2,2.0,0,0,0,0.0,0,0.0
Jamycal Hasty,RB,NE,MIA,12,1.5,3.5,0,0,0.0,0,0.0,1,15.0,0,2,2,0.0,0,0.0
Jared Goff,QB,DET,LA,1,11.38,11.38,18,28,217.0,1,1.0,1,7.0,0,0,0,0.0,0,2.0
Jared Goff,QB,DET,TB,2,8.78,8.78,34,55,307.0,0,2.0,2,5.0,0,0,0,0.0,0,0.0
Jared Goff,QB,DET,ARI,3,14.56,14.56,18,23,199.0,2,1.0,3,6.0,0,0,0,0.0,0,2.0
Jared Goff,QB,DET,SEA,4,26.18,27.18,18,18,292.0,2,0.0,2,-2.0,0,1,1,7.0,1,3.0
Jared Goff,QB,DET,DAL,6,25.1,25.1,18,25,315.0,3,0.0,3,5.0,0,0,0,0.0,0,2.0
Jared Goff,QB,DET,MIN,7,18.8,18.8,22,25,280.0,2,0.0,2,-4.0,0,0,0,0.0,0,4.0
Jared Goff,QB,DET,TEN,8,15.5,15.5,12,15,85.0,3,0.0,1,1.0,0,0,0,0.0,0,4.0
Jared Goff,QB,DET,GB,9,9.6,9.6,18,22,145.0,1,0.0,3,-2.0,0,0,0,0.0,0,1.0
Jared Goff,QB,DET,HOU,10,7.8,7.8,15,30,240.0,2,5.0,1,2.0,0,0,0,0.0,0,0.0
Jared Goff,QB,DET,JAX,11,34.58,34.58,24,29,412.0,4,0.0,4,21.0,0,0,0,0.0,0,0.0
Jared Goff,QB,DET,IND,12,10.76,10.76,26,36,269.0,0,0.0,2,0.0,0,0,0,0.0,0,3.0
Jared Goff,QB,DET,CHI,13,16.94,16.94,21,34,221.0,2,0.0,1,1.0,0,0,0,0.0,0,1.0
Jared Goff,QB,DET,GB,14,22.02,22.02,32,41,283.0,3,1.0,4,7.0,0,0,0,0.0,0,1.0
Jared Goff,QB,DET,BUF,15,41.06,41.06,38,59,494.0,5,0.0,2,13.0,0,0,0,0.0,0,3.0
Jared Goff,QB,DET,CHI,16,25.34,25.34,23,32,336.0,3,0.0,1,-1.0,0,0,0,0.0,0,1.0
Jared Goff,QB,DET,SF,17,25.82,25.82,26,34,303.0,3,0.0,3,-3.0,0,0,0,0.0,0,2.0
Jared Goff,QB,DET,MIN,18,9.24,9.24,27,33,231.0,1,2.0,0,0.0,0,0,0,0.0,0,2.0
Jared Wiley,TE,KC,CIN,2,0.7,1.7,0,0,0.0,0,0.0,0,0.0,0,1,1,7.0,0,0.0
Jarrett Stidham,QB,DEN,NO,7,-0.2,-0.2,0,0,0.0,0,0.0,2,-2.0,0,0,0,0.0,0,0.0
Jarrett Stidham,QB,DEN,KC,18,0.7,0.7,0,0,0.0,0,0.0,2,7.0,0,0,0,0.0,0,0.0
Jase McClellan,RB,ATL,SEA,7,1.7,1.7,0,0,0.0,0,0.0,5,17.0,0,0,0,0.0,0,0.0
Jase McClellan,RB,ATL,DEN,11,1.5,1.5,0,0,0.0,0,0.0,8,15.0,0,0,0,0.0,0,0.0
Jauan Jennings,WR,SF,NYJ,1,6.4,11.4,0,0,0.0,0,0.0,0,0.0,0,5,5,64.0,0,0.0
Jauan Jennings,WR,SF,MIN,2,3.7,5.7,0,0,0.0,0,0.0,0,0.0,0,2,4,37.0,0,0.0
Jauan Jennings,WR,SF,LA,3,35.5,46.5,0,0,0.0,0,0.0,0,0.0,0,11,12,175.0,3,0.0
Jauan Jennings,WR,SF,NE,4,8.8,11.8,0,0,0.0,0,0.0,0,0.0,0,3,6,88.0,0,0.0
Jauan Jennings,WR,SF,ARI,5,1.3,2.3,0,0,0.0,0,0.0,0,0.0,0,1,4,13.0,0,0.0
Jauan Jennings,WR,SF,SEA,6,2.7,5.7,0,0,0.0,0,0.0,0,0.0,0,3,5,27.0,0,0.0
Jauan Jennings,WR,SF,TB,10,9.3,16.3,0,0,0.0,0,0.0,0,0.0,0,7,11,93.0,0,0.0
Jauan Jennings,WR,SF,SEA,11,15.1,25.1,0,0,0.0,0,0.0,0,0.0,0,10,11,91.0,1,0.0
Jauan Jennings,WR,SF,GB,12,4.0,9.0,0,0,0.0,0,0.0,0,0.0,0,5,7,40.0,0,0.0
Jauan Jennings,WR,SF,BUF,13,5.6,8.6,0,0,0.0,0,0.0,0,0.0,0,3,5,56.0,0,0.0
Jauan Jennings,WR,SF,CHI,14,21.0,28.0,0,0,0.0,0,0.0,0,0.0,0,7,8,90.0,2,0.0
Jauan Jennings,WR,SF,LA,15,3.1,5.1,0,0,0.0,0,0.0,0,0.0,0,2,9,31.0,0,0.0
Jauan Jennings,WR,SF,MIA,16,5.1,9.1,0,0,0.0,0,0.0,0,0.0,0,4,6,51.0,0,0.0
Jauan Jennings,WR,SF,DET,17,6.7,13.7,0,0,0.0,0,0.0,0,0.0,0,7,10,67.0,0,0.0
Jauan Jennings,WR,SF,ARI,18,5.2,12.2,0,0,0.0,0,0.0,0,0.0,0,7,10,52.0,0,0.0
Javon Baker,WR,NE,MIA,12,0.0,0.0,0,0,0.0,0,0.0,0,0.0,0,0,1,0.0,0,0.0
Javon Baker,WR,NE,BUF,16,0.0,0.0,0,0,0.0,0,0.0,0,0.0,0,0,1,0.0,0,0.0
Javon Baker,WR,NE,LAC,17,0.0,0.0,0,0,0.0,0,0.0,0,0.0,0,0,1,0.0,0,0.0
Javon Baker,WR,NE,BUF,18,1.2,2.2,0,0,0.0,0,0.0,0,0.0,0,1,1,12.0,0,0.0
Javonte Williams,RB,DEN,SEA,1,2.3,3.3,0,0,0.0,0,0.0,8,23.0,0,1,2,0.0,0,0.0
Javonte Williams,RB,DEN,PIT,2,6.5,11.5,0,0,0.0,0,0.0,11,17.0,0,5,5,48.0,0,0.0
Javonte Williams,RB,DEN,TB,3,2.1,6.1,0,0,0.0,0,0.0,5,12.0,0,4,4,29.0,0,0.0
Javonte Williams,RB,DEN,NYJ,4,8.0,10.0,0,0,0.0,0,0.0,16,77.0,0,2,3,3.0,0,0.0
Javonte Williams,RB,DEN,LV,5,11.1,16.1,0,0,0.0,0,0.0,13,61.0,0,5,6,50.0,0,0.0
Javonte Williams,RB,DEN,LAC,6,1.6,4.6,0,0,0.0,0,0.0,6,23.0,0,3,6,13.0,0,0.0
Javonte Williams,RB,DEN,NO,7,23.1,26.1,0,0,0.0,0,0.0,14,88.0,2,3,3,23.0,0,0.0
Javonte Williams,RB,DEN,CAR,8,5.2,9.2,0,0,0.0,0,0.0,17,44.0,0,4,5,8.0,0,0.0
Javonte Williams,RB,DEN,BAL,9,8.4,10.4,0,0,0.0,0,0.0,12,42.0,0,2,3,42.0,0,0.0
Javonte Williams,RB,DEN,KC,10,0.7,2.7,0,0,0.0,0,0.0,1,1.0,0,2,2,6.0,0,0.0
Javonte Williams,RB,DEN,ATL,11,14.7,18.7,0,0,0.0,0,0.0,9,59.0,1,4,5,28.0,0,0.0
Javonte Williams,RB,DEN,LV,12,0.4,2.4,0,0,0.0,0,0.0,8,-2.0,0,2,4,6.0,0,0.0
Javonte Williams,RB,DEN,CLE,13,6.4,7.4,0,0,0.0,0,0.0,4,1.0,1,1,2,3.0,0,0.0
Javonte Williams,RB,DEN,IND,15,2.3,4.3,0,0,0.0,0,0.0,6,15.0,0,2,3,8.0,0,0.0
Javonte Williams,RB,DEN,LAC,16,5.3,12.3,0,0,0.0,0,0.0,4,24.0,0,7,11,29.0,0,0.0
Javonte Williams,RB,DEN,CIN,17,0.0,2.0,0,0,0.0,0,0.0,0,0.0,0,2,2,0.0,0,0.0
Javonte Williams,RB,DEN,KC,18,7.8,10.8,0,0,0.0,0,0.0,5,28.0,0,3,4,50.0,0,0.0
Jaxon Smith-Njigba,WR,SEA,DEN,1,1.9,3.9,0,0,0.0,0,0.0,0,0.0,0,2,2,19.0,0,0.0
Jaxon Smith-Njigba,WR,SEA,NE,2,11.7,23.7,0,0,0.0,0,0.0,0,0.0,0,12,16,117.0,0,0.0
Jaxon Smith-Njigba,WR,SEA,MIA,3,3.9,6.9,0,0,0.0,0,0.0,0,0.0,0,3,3,39.0,0,0.0
Jaxon Smith-Njigba,WR,SEA,DET,4,5.1,13.1,0,0,0.0,0,0.0,0,0.0,0,8,12,51.0,0,0.0
Jaxon Smith-Njigba,WR,SEA,NYG,5,9.1,13.1,0,0,0.0,0,0.0,0,0.0,0,4,7,31.0,1,0.0
Jaxon Smith-Njigba,WR,SEA,SF,6,5.3,10.3,0,0,0.0,0,0.0,0,0.0,0,5,9,53.0,0,0.0
Jaxon Smith-Njigba,WR,SEA,ATL,7,2.3,5.3,1,1,35.0,0,0.0,0,0.0,0,3,6,9.0,0,0.0
Jaxon Smith-Njigba,WR,SEA,BUF,8,6.9,12.9,0,0,0.0,0,0.0,0,0.0,0,6,7,69.0,0,0.0
Jaxon Smith-Njigba,WR,SEA,LA,9,30.0,37.0,0,0,0.0,0,0.0,0,0.0,0,7,13,180.0,2,0.0
Jaxon Smith-Njigba,WR,SEA,SF,11,11.8,21.8,0,0,0.0,0,0.0,1,8.0,0,10,11,110.0,0,0.0
Jaxon Smith-Njigba,WR,SEA,ARI,12,13.7,19.7,0,0,0.0,0,0.0,0,0.0,0,6,7,77.0,1,0.0
Jaxon Smith-Njigba,WR,SEA,NYJ,13,7.9,11.9,0,0,0.0,0,0.0,1,5.0,0,4,4,74.0,0,0.0
Jaxon Smith-Njigba,WR,SEA,ARI,14,14.6,19.6,0,0,0.0,0,0.0,1,4.0,0,5,5,82.0,1,0.0
Jaxon Smith-Njigba,WR,SEA,GB,15,8.3,18.3,0,0,0.0,0,0.0,0,0.0,0,10,12,83.0,0,0.0
Jaxon Smith-Njigba,WR,SEA,MIN,16,16.0,24.0,0,0,0.0,0,0.0,1,5.0,0,8,12,95.0,1,0.0
Jaxon Smith-Njigba,WR,SEA,CHI,17,3.2,6.2,0,0,0.0,0,0.0,0,0.0,0,3,6,32.0,0,0.0
Jaxon Smith-Njigba,WR,SEA,LA,18,1.3,5.3,0,0,0.0,0,0.0,1,4.0,0,4,5,9.0,0,0.0
Jayden Daniels,QB,WAS,TB,1,28.16,28.16,17,24,184.0,0,0.0,16,88.0,2,0,0,0.0,0,2.0
Jayden Daniels,QB,WAS,NYG,2,13.44,13.44,23,29,226.0,0,0.0,10,44.0,0,0,0,0.0,0,5.0
Jayden Daniels,QB,WAS,CIN,3,28.06,28.06,21,23,254.0,2,0.0,12,39.0,1,0,0,0.0,0,2.0
Jayden Daniels,QB,WAS,ARI,4,24.02,24.02,26,30,233.0,1,1.0,8,47.0,1,0,0,0.0,0,0.0
Jayden Daniels,QB,WAS,CLE,5,19.72,19.72,14,25,238.0,1,1.0,11,82.0,0,0,0,0.0,0,3.0
Jayden Daniels,QB,WAS,BAL,6,20.96,20.96,24,35,269.0,2,0.0,6,22.0,0,0,0,0.0,0,3.0
Jayden Daniels,QB,WAS,CAR,7,5.24,5.24,2,2,6.0,0,0.0,3,50.0,0,0,0,0.0,0,0.0
Jayden Daniels,QB,WAS,CHI,8,22.24,22.24,21,38,326.0,1,0.0,8,52.0,0,0,0,0.0,0,2.0
Jayden Daniels,QB,WAS,NYG,9,19.86,19.86,15,22,209.0,2,0.0,8,35.0,0,0,0,0.0,0,0.0
Jayden Daniels,QB,WAS,PIT,10,8.58,8.58,17,34,202.0,0,0.0,3,5.0,0,0,0,0.0,0,3.0
Jayden Daniels,QB,WAS,PHI,11,13.44,13.44,22,32,191.0,1,1.0,7,18.0,0,0,0,0.0,0,3.0
Jayden Daniels,QB,WAS,DAL,12,30.4,30.4,25,38,275.0,2,2.0,7,74.0,1,0,0,0.0,0,4.0
Jayden Daniels,QB,WAS,TEN,13,27.64,27.64,25,30,206.0,3,1.0,9,34.0,1,0,0,0.0,0,2.0
Jayden Daniels,QB,WAS,NO,15,23.64,23.64,25,31,226.0,2,0.0,11,66.0,0,0,0,0.0,0,8.0
Jayden Daniels,QB,WAS,PHI,16,34.42,34.42,24,39,258.0,5,2.0,9,81.0,0,0,0,0.0,0,1.0
Jayden Daniels,QB,WAS,ATL,17,31.78,31.78,24,36,227.0,3,1.0,16,127.0,0,0,0,0.0,0,5.0
Jayden Daniels,QB,WAS,DAL,18,4.22,4.22,6,12,38.0,0,0.0,4,27.0,0,0,0,0.0,0,4.0
Jayden Reed,WR,GB,PHI,1,29.1,33.1,0,0,0.0,0,0.0,1,33.0,1,4,6,138.0,1,0.0
Jayden Reed,WR,GB,IND,2,4.6,6.6,0,0,0.0,0,0.0,2,37.0,0,2,2,9.0,0,0.0
Jayden Reed,WR,GB,TEN,3,6.9,10.9,0,0,0.0,0,0.0,2,19.0,0,4,6,50.0,0,0.0
Jayden Reed,WR,GB,MIN,4,20.1,27.1,0,0,0.0,0,0.0,1,2.0,0,7,8,139.0,1,0.0
Jayden Reed,WR,GB,LA,5,9.7,13.7,0,0,0.0,0,0.0,2,19.0,0,4,6,78.0,0,0.0
Jayden Reed,WR,GB,ARI,6,8.8,14.8,0,0,0.0,0,0.0,1,0.0,0,6,6,28.0,1,0.0
Jayden Reed,WR,GB,HOU,7,1.0,3.0,0,0,0.0,0,0.0,1,0.0,0,2,4,10.0,0,0.0
Jayden Reed,WR,GB,JAX,8,5.5,7.5,0,0,0.0,0,0.0,1,0.0,0,2,3,55.0,0,0.0
Jayden Reed,WR,GB,DET,9,11.3,16.3,0,0,0.0,0,0.0,0,0.0,0,5,6,113.0,0,0.0
Jayden Reed,WR,GB,CHI,11,7.8,9.8,0,0,0.0,0,0.0,1,-5.0,0,2,2,23.0,1,0.0
Jayden Reed,WR,GB,SF,12,2.6,5.6,0,0,0.0,0,0.0,0,0.0,0,3,3,26.0,0,0.0
Jayden Reed,WR,GB,MIA,13,16.7,19.7,0,0,0.0,0,0.0,1,23.0,0,3,6,24.0,2,0.0
Jayden Reed,WR,GB,DET,14,0.0,0.0,0,0,0.0,0,0.0,0,0.0,0,0,1,0.0,0,0.0
Jayden Reed,WR,GB,SEA,15,6.1,11.1,0,0,0.0,0,0.0,3,27.0,0,5,6,34.0,0,0.0
Jayden Reed,WR,GB,NO,16,8.1,11.1,0,0,0.0,0,0.0,1,5.0,0,3,4,76.0,0,0.0
Jayden Reed,WR,GB,MIN,17,0.6,1.6,0,0,0.0,0,0.0,0,0.0,0,1,4,6.0,0,0.0
Jayden Reed,WR,GB,CHI,18,3.1,5.1,0,0,0.0,0,0.0,3,3.0,0,2,2,48.0,0,0.0
Jaylen Waddle,WR,MIA,JAX,1,11.2,16.2,0,0,0.0,0,0.0,1,3.0,0,5,5,109.0,0,0.0
Jaylen Waddle,WR,MIA,BUF,2,4.5,8.5,0,0,0.0,0,0.0,1,4.0,0,4,4,41.0,0,0.0
Jaylen Waddle,WR,MIA,SEA,3,2.6,6.6,0,0,0.0,0,0.0,0,0.0,0,4,5,26.0,0,0.0
Jaylen Waddle,WR,MIA,TEN,4,3.6,7.6,0,0,0.0,0,0.0,0,0.0,0,4,6,36.0,0,0.0
Jaylen Waddle,WR,MIA,NE,5,4.6,8.6,0,0,0.0,0,0.0,0,0.0,0,4,8,46.0,0,0.0
Jaylen Waddle,WR,MIA,IND,7,1.1,2.1,0,0,0.0,0,0.0,0,0.0,0,1,2,11.0,0,0.0
Jaylen Waddle,WR,MIA,ARI,8,4.5,8.5,0,0,0.0,0,0.0,0,0.0,0,4,6,45.0,0,0.0
Jaylen Waddle,WR,MIA,BUF,9,5.6,7.6,0,0,0.0,0,0.0,0,0.0,0,2,2,-4.0,1,0.0
Jaylen Waddle,WR,MIA,LA,10,5.6,8.6,0,0,0.0,0,0.0,1,-1.0,0,3,6,57.0,0,0.0
Jaylen Waddle,WR,MIA,LV,11,3.7,5.7,0,0,0.0,0,0.0,0,0.0,0,2,3,37.0,0,0.0
Jaylen Waddle,WR,MIA,NE,12,20.4,28.4,0,0,0.0,0,0.0,0,0.0,0,8,9,144.0,1,0.0
Jaylen Waddle,WR,MIA,GB,13,7.3,11.3,0,0,0.0,0,0.0,0,0.0,0,4,4,53.0,0,0.0
Jaylen Waddle,WR,MIA,NYJ,14,11.9,20.9,0,0,0.0,0,0.0,0,0.0,0,9,12,99.0,0,0.0
Jaylen Waddle,WR,MIA,HOU,15,0.0,0.0,0,0,0.0,0,0.0,0,0.0,0,0,2,0.0,0,0.0
Jaylen Waddle,WR,MIA,NYJ,18,5.0,9.0,0,0,0.0,0,0.0,1,6.0,0,4,9,44.0,0,0.0
Jaylen Warren,RB,PIT,ATL,1,2.0,4.0,0,0,0.0,0,0.0,2,7.0,0,2,2,13.0,0,0.0
Jaylen Warren,RB,PIT,DEN,2,6.1,8.1,0,0,0.0,0,0.0,9,42.0,0,2,2,19.0,0,0.0
Jaylen Warren,RB,PIT,LAC,3,0.1,1.1,0,0,0.0,0,0.0,3,5.0,0,1,1,-4.0,0,0.0
Jaylen Warren,RB,PIT,LV,6,1.8,4.8,0,0,0.0,0,0.0,6,7.0,0,3,3,11.0,0,0.0
Jaylen Warren,RB,PIT,NYJ,7,5.9,7.9,0,0,0.0,0,0.0,12,44.0,0,2,3,15.0,0,0.0
Jaylen Warren,RB,PIT,NYG,8,5.9,7.9,0,0,0.0,0,0.0,9,46.0,0,2,3,13.0,0,0.0
Jaylen Warren,RB,PIT,WAS,10,7.5,9.5,0,0,0.0,0,0.0,14,66.0,0,2,2,29.0,0,0.0
Jaylen Warren,RB,PIT,BAL,11,6.8,10.8,0,0,0.0,0,0.0,9,41.0,0,4,4,27.0,0,0.0
Jaylen Warren,RB,PIT,CLE,12,12.4,15.4,0,0,0.0,0,0.0,11,45.0,1,3,4,19.0,0,0.0
Jaylen Warren,RB,PIT,CIN,13,6.4,10.4,0,0,0.0,0,0.0,3,9.0,0,4,4,55.0,0,0.0
Jaylen Warren,RB,PIT,CLE,14,7.2,9.2,0,0,0.0,0,0.0,9,47.0,0,2,5,25.0,0,0.0
Jaylen Warren,RB,PIT,PHI,15,1.5,2.5,0,0,0.0,0,0.0,4,12.0,0,1,2,3.0,0,0.0
Jaylen Warren,RB,PIT,BAL,16,9.2,14.2,0,0,0.0,0,0.0,12,48.0,0,5,5,44.0,0,0.0
Jaylen Warren,RB,PIT,KC,17,11.2,16.2,0,0,0.0,0,0.0,11,71.0,0,5,6,41.0,0,0.0
Jaylen Warren,RB,PIT,CIN,18,2.1,2.1,0,0,0.0,0,0.0,6,21.0,0,0,1,0.0,0,0.0
Jaylen Wright,RB,MIA,BUF,2,0.4,0.4,0,0,0.0,0,0.0,5,4.0,0,0,0,0.0,0,0.0
Jaylen Wright,RB,MIA,SEA,3,1.7,1.7,0,0,0.0,0,0.0,2,17.0,0,0,0,0.0,0,0.0
Jaylen Wright,RB,MIA,TEN,4,3.2,3.2,0,0,0.0,0,0.0,9,32.0,0,0,1,0.0,0,0.0
Jaylen Wright,RB,MIA,NE,5,8.6,8.6,0,0,0.0,0,0.0,13,86.0,0,0,0,0.0,0,0.0
Jaylen Wright,RB,MIA,IND,7,3.3,3.3,0,0,0.0,0,0.0,5,33.0,0,0,0,0.0,0,0.0
Jaylen Wright,RB,MIA,ARI,8,1.8,1.8,0,0,0.0,0,0.0,2,18.0,0,0,0,0.0,0,0.0
Jaylen Wright,RB,MIA,BUF,9,1.8,1.8,0,0,0.0,0,0.0,6,18.0,0,0,0,0.0,0,0.0
Jaylen Wright,RB,MIA,LA,10,0.3,0.3,0,0,0.0,0,0.0,5,3.0,0,0,0,0.0,0,0.0
Jaylen Wright,RB,MIA,LV,11,0.6,1.6,0,0,0.0,0,0.0,5,4.0,0,1,1,2.0,0,0.0
Jaylen Wright,RB,MIA,NE,12,0.8,0.8,0,0,0.0,0,0.0,7,28.0,0,0,1,0.0,0,0.0
Jaylen Wright,RB,MIA,NYJ,14,1.3,3.3,0,0,0.0,0,0.0,2,7.0,0,2,3,6.0,0,0.0
Jaylen Wright,RB,MIA,HOU,15,0.3,0.3,0,0,0.0,0,0.0,1,3.0,0,0,0,0.0,0,0.0
Jaylen Wright,RB,MIA,NYJ,18,-0.4,-0.4,0,0,0.0,0,0.0,6,-4.0,0,0,0,0.0,0,0.0
Jeffery Wilson,RB,MIA,JAX,1,2.6,2.6,0,0,0.0,0,0.0,5,26.0,0,0,0,0.0,0,0.0
Jeffery Wilson,RB,MIA,BUF,2,1.2,3.2,0,0,0.0,0,0.0,0,0.0,0,2,2,12.0,0,0.0
Jeffery Wilson,RB,MIA,SEA,3,1.4,1.4,0,0,0.0,0,0.0,3,14.0,0,0,0,0.0,0,0.0
Jeffery Wilson,RB,MIA,NYJ,14,1.1,2.1,0,0,0.0,0,0.0,1,4.0,0,1,1,7.0,0,0.0
Jeffery Wilson,RB,MIA,SF,16,1.2,1.2,0,0,0.0,0,0.0,2,12.0,0,0,0,0.0,0,0.0
Jeffery Wilson,RB,MIA,CLE,17,0.5,0.5,0,0,0.0,0,0.0,3,5.0,0,0,0,0.0,0,0.0
Jeffery Wilson,RB,MIA,NYJ,18,-0.4,-0.4,0,0,0.0,0,0.0,2,-4.0,0,0,0,0.0,0,0.0
Jeremy McNichols,RB,WAS,CIN,3,0.1,0.1,0,0,0.0,0,0.0,1,1.0,0,0,0,0.0,0,0.0
Jeremy McNichols,RB,WAS,ARI,4,19.4,20.4,0,0,0.0,0,0.0,8,68.0,2,1,1,6.0,0,0.0
Jeremy McNichols,RB,WAS,CLE,5,10.4,10.4,0,0,0.0,0,0.0,7,44.0,1,0,0,0.0,0,0.0
Jeremy McNichols,RB,WAS,BAL,6,0.9,0.9,0,0,0.0,0,0.0,2,9.0,0,0,0,0.0,0,0.0
Jeremy McNichols,RB,WAS,CAR,7,4.2,4.2,0,0,0.0,0,0.0,7,42.0,0,0,0,0.0,0,0.0
Jeremy McNichols,RB,WAS,CHI,8,-0.1,-0.1,0,0,0.0,0,0.0,1,-1.0,0,0,0,0.0,0,0.0
Jeremy McNichols,RB,WAS,NYG,9,2.0,2.0,0,0,0.0,0,0.0,8,20.0,0,0,1,0.0,0,0.0
Jeremy McNichols,RB,WAS,PIT,10,6.7,6.7,0,0,0.0,0,0.0,4,7.0,1,0,0,0.0,0,0.0
Jeremy McNichols,RB,WAS,PHI,11,0.6,1.6,0,0,0.0,0,0.0,3,5.0,0,1,1,1.0,0,0.0
Jeremy McNichols,RB,WAS,DAL,12,2.2,2.2,0,0,0.0,0,0.0,3,22.0,0,0,0,0.0,0,0.0
Jeremy McNichols,RB,WAS,TEN,13,3.2,3.2,0,0,0.0,0,0.0,6,32.0,0,0,0,0.0,0,0.0
Jeremy McNichols,RB,WAS,NO,15,0.4,1.4,0,0,0.0,0,0.0,2,4.0,0,1,2,0.0,0,0.0
Jeremy McNichols,RB,WAS,PHI,16,3.8,7.8,0,0,0.0,0,0.0,2,3.0,0,4,4,15.0,0,0.0
Jeremy McNichols,RB,WAS,ATL,17,1.0,3.0,0,0,0.0,0,0.0,1,5.0,0,2,3,5.0,0,0.0
Jeremy Ruckert,TE,NYJ,TEN,2,0.0,0.0,0,0,0.0,0,0.0,0,0.0,0,0,3,0.0,0,0.0
Jeremy Ruckert,TE,NYJ,NE,3,1.5,3.5,0,0,0.0,0,0.0,0,0.0,0,2,2,15.0,0,0.0
Jeremy Ruckert,TE,NYJ,DEN,4,1.0,3.0,0,0,0.0,0,0.0,0,0.0,0,2,2,10.0,0,0.0
Jeremy Ruckert,TE,NYJ,BUF,6,0.7,2.7,0,0,0.0,0,0.0,0,0.0,0,2,3,7.0,0,0.0
Jeremy Ruckert,TE,NYJ,NE,8,1.4,4.4,0,0,0.0,0,0.0,0,0.0,0,3,3,14.0,0,0.0
Jeremy Ruckert,TE,NYJ,HOU,9,0.4,1.4,0,0,0.0,0,0.0,0,0.0,0,1,1,4.0,0,0.0
Jeremy Ruckert,TE,NYJ,ARI,10,1.7,3.7,0,0,0.0,0,0.0,0,0.0,0,2,2,17.0,0,0.0
Jeremy Ruckert,TE,NYJ,IND,11,0.6,1.6,0,0,0.0,0,0.0,0,0.0,0,1,2,6.0,0,0.0
Jeremy Ruckert,TE,NYJ,SEA,13,0.3,1.3,0,0,0.0,0,0.0,0,0.0,0,1,2,3.0,0,0.0
Jeremy Ruckert,TE,NYJ,MIA,14,0.0,0.0,0,0,0.0,0,0.0,0,0.0,0,0,1,0.0,0,0.0
Jeremy Ruckert,TE,NYJ,JAX,15,1.2,2.2,0,0,0.0,0,0.0,0,0.0,0,1,3,12.0,0,0.0
Jeremy Ruckert,TE,NYJ,LA,16,1.2,3.2,0,0,0.0,0,0.0,0,0.0,0,2,2,12.0,0,0.0
Jeremy Ruckert,TE,NYJ,MIA,18,0.5,1.5,0,0,0.0,0,0.0,0,0.0,0,1,2,5.0,0,0.0
Jermaine Burton,WR,CIN,KC,2,4.7,5.7,0,0,0.0,0,0.0,0,0.0,0,1,2,47.0,0,0.0
Jermaine Burton,WR,CIN,PHI,8,4.1,5.1,0,0,0.0,0,0.0,0,0.0,0,1,3,41.0,0,0.0
Jermaine Burton,WR,CIN,BAL,10,1.1,2.1,0,0,0.0,0,0.0,0,0.0,0,1,5,11.0,0,0.0
Jermaine Burton,WR,CIN,LAC,11,0.8,1.8,0,0,0.0,0,0.0,0,0.0,0,1,4,8.0,0,0.0
Jermaine Jackson,WR,NO,CAR,9,-0.1,-0.1,0,0,0.0,0,0.0,1,-1.0,0,0,0,0.0,0,0.0
Jermar Jefferson,RB,DET,CHI,16,2.3,3.3,0,0,0.0,0,0.0,3,13.0,0,1,1,10.0,0,0.0
Jermar Jefferson,RB,DET,SF,17,0.9,0.9,0,0,0.0,0,0.0,3,9.0,0,0,0,0.0,0,0.0
Jerome Ford,RB,CLE,DAL,1,12.9,18.9,0,0,0.0,0,0.0,12,44.0,1,6,7,25.0,0,0.0
Jerome Ford,RB,CLE,JAX,2,6.4,7.4,0,0,0.0,0,0.0,7,64.0,0,1,2,0.0,0,0.0
Jerome Ford,RB,CLE,NYG,3,7.0,10.0,0,0,0.0,0,0.0,10,37.0,0,3,4,33.0,0,0.0
Jerome Ford,RB,CLE,LV,4,8.5,15.5,0,0,0.0,0,0.0,10,58.0,0,7,7,27.0,0,0.0
Jerome Ford,RB,CLE,WAS,5,4.9,7.9,0,0,0.0,0,0.0,9,47.0,0,3,3,2.0,0,0.0
Jerome Ford,RB,CLE,PHI,6,1.4,1.4,0,0,0.0,0,0.0,2,14.0,0,0,0,0.0,0,0.0
Jerome Ford,RB,CLE,LAC,9,0.7,1.7,0,0,0.0,0,0.0,2,5.0,0,1,3,2.0,0,0.0
Jerome Ford,RB,CLE,NO,11,3.9,7.9,0,0,0.0,0,0.0,5,10.0,0,4,4,29.0,0,0.0
Jerome Ford,RB,CLE,PIT,12,2.7,3.7,0,0,0.0,0,0.0,4,19.0,0,1,1,8.0,0,0.0
Jerome Ford,RB,CLE,DEN,13,6.2,7.2,0,0,0.0,0,0.0,9,41.0,0,1,1,21.0,0,0.0
Jerome Ford,RB,CLE,PIT,14,4.7,7.7,0,0,0.0,0,0.0,10,28.0,0,3,4,19.0,0,0.0
Jerome Ford,RB,CLE,KC,15,16.4,18.4,0,0,0.0,0,0.0,7,84.0,1,2,2,20.0,0,0.0
Jerome Ford,RB,CLE,CIN,16,19.1,24.1,0,0,0.0,0,0.0,11,92.0,1,5,5,39.0,0,0.0
Jerome Ford,RB,CLE,MIA,17,2.2,2.2,0,0,0.0,0,0.0,6,22.0,0,0,0,0.0,0,0.0
Jerry Jeudy,WR,CLE,DAL,1,8.5,11.5,0,0,0.0,0,0.0,0,0.0,0,3,8,25.0,1,0.0
Jerry Jeudy,WR,CLE,JAX,2,7.3,12.3,0,0,0.0,0,0.0,0,0.0,0,5,6,73.0,0,0.0
Jerry Jeudy,WR,CLE,NYG,3,4.7,8.7,0,0,0.0,0,0.0,0,0.0,0,4,7,27.0,0,0.0
Jerry Jeudy,WR,CLE,LV,4,7.2,13.2,0,0,0.0,0,0.0,0,0.0,0,6,9,72.0,0,0.0
Jerry Jeudy,WR,CLE,WAS,5,1.6,2.6,0,0,0.0,0,0.0,0,0.0,0,1,3,16.0,0,0.0
Jerry Jeudy,WR,CLE,PHI,6,3.5,4.5,0,0,0.0,0,0.0,0,0.0,0,1,3,35.0,0,0.0
Jerry Jeudy,WR,CLE,CIN,7,1.8,2.8,0,0,0.0,0,0.0,0,0.0,0,1,6,18.0,0,0.0
Jerry Jeudy,WR,CLE,BAL,8,7.9,12.9,0,0,0.0,0,0.0,0,0.0,0,5,8,79.0,0,0.0
Jerry Jeudy,WR,CLE,LAC,9,7.3,14.3,0,0,0.0,0,0.0,0,0.0,0,7,11,73.0,0,0.0
Jerry Jeudy,WR,CLE,NO,11,20.2,26.2,0,0,0.0,0,0.0,0,0.0,0,6,11,142.0,1,0.0
Jerry Jeudy,WR,CLE,PIT,12,8.5,14.5,0,0,0.0,0,0.0,0,0.0,0,6,6,85.0,0,0.0
Jerry Jeudy,WR,CLE,DEN,13,31.5,40.5,0,0,0.0,0,0.0,0,0.0,0,9,13,235.0,1,0.0
Jerry Jeudy,WR,CLE,PIT,14,12.4,17.4,0,0,0.0,0,0.0,0,0.0,0,5,6,64.0,1,0.0
Jerry Jeudy,WR,CLE,KC,15,10.8,21.8,0,0,0.0,0,0.0,0,0.0,0,11,14,108.0,0,0.0
Jerry Jeudy,WR,CLE,CIN,16,2.0,4.0,0,0,0.0,0,0.0,0,0.0,0,2,3,20.0,0,0.0
Jerry Jeudy,WR,CLE,MIA,17,9.4,21.4,0,0,0.0,0,0.0,0,0.0,0,12,18,94.0,0,0.0
Jerry Jeudy,WR,CLE,BAL,18,6.3,12.3,0,0,0.0,0,0.0,0,0.0,0,6,13,63.0,0,0.0
Jha'Quan Jackson,WR,TEN,DET,8,0.0,0.0,0,0,0.0,0,0.0,0,0.0,0,0,1,0.0,0,0.0
Jha'Quan Jackson,WR,TEN,NE,9,0.3,1.3,0,0,0.0,0,0.0,1,-5.0,0,1,2,8.0,0,0.0
Jimmy Garoppolo,QB,LA,SEA,18,19.86,19.86,27,41,334.0,2,1.0,2,5.0,0,0,0,0.0,0,3.0
Joe Burrow,QB,CIN,NE,1,8.06,8.06,21,29,164.0,0,0.0,4,15.0,0,0,0,0.0,0,3.0
Joe Burrow,QB,CIN,KC,2,17.22,17.22,23,36,258.0,2,0.0,6,9.0,0,0,0,0.0,0,3.0
Joe Burrow,QB,CIN,WAS,3,25.36,25.36,29,38,324.0,3,0.0,1,4.0,0,0,0,0.0,0,2.0
Joe Burrow,QB,CIN,CAR,4,16.28,16.28,22,31,232.0,2,1.0,1,10.0,0,0,0,0.0,0,0.0
Joe Burrow,QB,CIN,BAL,5,33.78,33.78,30,39,392.0,5,1.0,2,1.0,0,0,0,0.0,0,3.0
Joe Burrow,QB,CIN,NYG,6,19.82,19.82,19,28,208.0,0,0.0,4,55.0,1,0,0,0.0,0,4.0
Joe Burrow,QB,CIN,CLE,7,14.94,14.94,15,25,181.0,2,0.0,3,-3.0,0,0,0,0.0,0,3.0
Joe Burrow,QB,CIN,PHI,8,12.86,12.86,26,37,234.0,1,1.0,3,15.0,0,0,0,0.0,0,1.0
Joe Burrow,QB,CIN,LV,9,29.14,29.14,27,39,251.0,5,1.0,3,11.0,0,0,0,0.0,0,1.0
Joe Burrow,QB,CIN,BAL,10,33.72,33.72,34,56,428.0,4,0.0,2,6.0,0,0,0,0.0,0,3.0
Joe Burrow,QB,CIN,LAC,11,29.04,29.04,28,50,356.0,3,0.0,2,28.0,0,0,0,0.0,0,3.0
Joe Burrow,QB,CIN,PIT,13,19.26,19.26,28,38,309.0,3,1.0,2,9.0,0,0,0,0.0,0,4.0
Joe Burrow,QB,CIN,DAL,14,24.56,24.56,33,44,369.0,3,1.0,2,-2.0,0,0,0,0.0,0,2.0
Joe Burrow,QB,CIN,TEN,15,16.84,16.84,26,37,271.0,3,2.0,0,0.0,0,0,0,0.0,0,1.0
Joe Burrow,QB,CIN,CLE,16,21.98,21.98,23,30,252.0,3,0.0,2,19.0,0,0,0,0.0,0,4.0
Joe Burrow,QB,CIN,DEN,17,36.98,36.98,39,49,412.0,3,0.0,4,25.0,1,0,0,0.0,0,7.0
Joe Burrow,QB,CIN,PIT,18,12.98,12.98,37,46,277.0,1,1.0,1,-1.0,0,0,0,0.0,0,4.0
Joe Flacco,QB,IND,PIT,4,15.02,15.02,16,26,168.0,2,0.0,2,3.0,0,0,0,0.0,0,2.0
Joe Flacco,QB,IND,JAX,5,26.56,26.56,33,44,359.0,3,0.0,3,22.0,0,0,0,0.0,0,4.0
Joe Flacco,QB,IND,TEN,6,13.66,13.66,22,38,189.0,2,1.0,1,1.0,0,0,0,0.0,0,0.0
Joe Flacco,QB,IND,MIN,9,3.06,3.06,16,27,179.0,0,1.0,2,-1.0,0,0,0,0.0,0,3.0
Joe Flacco,QB,IND,BUF,10,10.88,10.88,26,35,272.0,2,3.0,0,0.0,0,0,0,0.0,0,4.0
Joe Flacco,QB,IND,NYG,17,15.3,15.3,26,38,330.0,2,2.0,1,1.0,0,0,0,0.0,0,2.0
Joe Flacco,QB,IND,JAX,18,14.56,14.56,23,40,264.0,1,0.0,0,0.0,0,0,0,0.0,0,3.0
Joe Milton,QB,NE,BUF,18,19.24,19.24,22,29,241.0,1,0.0,10,16.0,1,0,0,0.0,0,0.0
Joe Mixon,RB,HOU,IND,1,23.8,26.8,0,0,0.0,0,0.0,30,159.0,1,3,3,19.0,0,0.0
Joe Mixon,RB,HOU,CHI,2,5.0,8.0,0,0,0.0,0,0.0,9,25.0,0,3,5,25.0,0,0.0
Joe Mixon,RB,HOU,NE,6,25.2,27.2,0,0,0.0,0,0.0,13,102.0,1,2,3,30.0,1,0.0
Joe Mixon,RB,HOU,GB,7,24.4,26.4,0,0,0.0,0,0.0,25,115.0,2,2,3,9.0,0,0.0
Joe Mixon,RB,HOU,IND,8,19.4,23.4,0,0,0.0,0,0.0,25,102.0,1,4,6,32.0,0,0.0
Joe Mixon,RB,HOU,NYJ,9,16.6,16.6,0,1,0.0,0,0.0,24,106.0,1,0,0,0.0,0,0.0
Joe Mixon,RB,HOU,DET,10,15.0,17.0,0,0,0.0,0,0.0,25,46.0,1,2,4,44.0,0,0.0
Joe Mixon,RB,HOU,DAL,11,33.3,35.3,0,0,0.0,0,0.0,20,109.0,3,2,4,44.0,0,0.0
Joe Mixon,RB,HOU,TEN,12,4.5,9.5,0,0,0.0,0,0.0,14,22.0,0,5,6,23.0,0,0.0
Joe Mixon,RB,HOU,JAX,13,17.9,21.9,0,0,0.0,0,0.0,20,101.0,1,4,6,18.0,0,0.0
Joe Mixon,RB,HOU,MIA,15,5.6,10.6,0,0,0.0,0,0.0,12,23.0,0,5,6,33.0,0,0.0
Joe Mixon,RB,HOU,KC,16,7.1,8.1,0,0,0.0,0,0.0,14,57.0,0,1,2,14.0,0,0.0
Joe Mixon,RB,HOU,BAL,17,3.9,5.9,0,0,0.0,0,0.0,9,26.0,0,2,3,13.0,0,0.0
Joe Mixon,RB,HOU,TEN,18,2.8,3.8,0,0,0.0,0,0.0,5,23.0,0,1,1,5.0,0,0.0
John Bates,TE,WAS,TB,1,0.0,0.0,0,0,0.0,0,0.0,0,0.0,0,0,1,0.0,0,0.0
John Bates,TE,WAS,NYG,2,0.5,1.5,0,0,0.0,0,0.0,0,0.0,0,1,1,5.0,0,0.0
John Bates,TE,WAS,ARI,4,0.9,1.9,0,0,0.0,0,0.0,0,0.0,0,1,1,9.0,0,0.0
John Bates,TE,WAS,CHI,8,2.0,3.0,0,0,0.0,0,0.0,0,0.0,0,1,2,20.0,0,0.0
John Bates,TE,WAS,PHI,11,1.7,3.7,0,0,0.0,0,0.0,0,0.0,0,2,3,17.0,0,0.0
John Bates,TE,WAS,DAL,12,-0.7,0.3,0,0,0.0,0,0.0,0,0.0,0,1,1,13.0,0,0.0
John Bates,TE,WAS,NO,15,0.6,1.6,0,0,0.0,0,0.0,0,0.0,0,1,1,6.0,0,0.0
John Bates,TE,WAS,PHI,16,0.0,0.0,0,0,0.0,0,0.0,0,0.0,0,0,1,0.0,0,0.0
John Bates,TE,WAS,ATL,17,1.4,2.4,0,0,0.0,0,0.0,0,0.0,0,1,1,14.0,0,0.0
John Bates,TE,WAS,DAL,18,0.0,0.0,0,0,0.0,0,0.0,0,0.0,0,0,1,0.0,0,0.0
John FitzPatrick,TE,GB,SF,12,0.2,1.2,0,0,0.0,0,0.0,0,0.0,0,1,1,2.0,0,0.0
John Metchie,WR,HOU,JAX,4,0.7,1.7,0,0,0.0,0,0.0,0,0.0,0,1,1,7.0,0,0.0
John Metchie,WR,HOU,IND,8,2.9,5.9,0,0,0.0,0,0.0,0,0.0,0,3,4,29.0,0,0.0
John Metchie,WR,HOU,NYJ,9,0.0,0.0,0,0,0.0,0,0.0,0,0.0,0,0,2,0.0,0,0.0
John Metchie,WR,HOU,DET,10,13.4,18.4,0,0,0.0,0,0.0,0,0.0,0,5,6,74.0,1,0.0
John Metchie,WR,HOU,DAL,11,3.3,6.3,0,0,0.0,0,0.0,0,0.0,0,3,3,33.0,0,0.0
John Metchie,WR,HOU,TEN,12,0.6,1.6,0,0,0.0,0,0.0,0,0.0,0,1,3,6.0,0,0.0
John Metchie,WR,HOU,JAX,13,1.6,3.6,0,0,0.0,0,0.0,0,0.0,0,2,2,16.0,0,0.0
John Metchie,WR,HOU,MIA,15,1.7,3.7,0,0,0.0,0,0.0,0,0.0,0,2,4,17.0,0,0.0
John Metchie,WR,HOU,BAL,17,4.8,9.8,0,0,0.0,0,0.0,0,0.0,0,5,8,48.0,0,0.0
John Metchie,WR,HOU,TEN,18,2.4,4.4,0,0,0.0,0,0.0,0,0.0,0,2,4,24.0,0,0.0
John Ross,WR,PHI,TB,4,0.6,1.6,0,0,0.0,0,0.0,0,0.0,0,1,2,6.0,0,0.0
John Samuel Shenker,TE,LV,KC,8,0.7,1.7,0,0,0.0,0,0.0,0,0.0,0,1,1,7.0,0,0.0
Johnny Hekker,P,CAR,CIN,4,0.0,0.0,0,1,0.0,0,0.0,0,0.0,0,0,0,0.0,0,0.0
Johnny Hekker,P,CAR,DEN,8,0.0,0.0,0,1,0.0,0,0.0,0,0.0,0,0,0,0.0,0,0.0
Johnny Mundt,TE,MIN,NYG,1,1.5,3.5,0,0,0.0,0,0.0,0,0.0,0,2,3,15.0,0,0.0
Johnny Mundt,TE,MIN,SF,2,1.2,3.2,0,0,0.0,0,0.0,0,0.0,0,2,3,12.0,0,0.0
Johnny Mundt,TE,MIN,HOU,3,6.2,7.2,0,0,0.0,0,0.0,0,0.0,0,1,3,2.0,1,0.0
Johnny Mundt,TE,MIN,GB,4,1.5,3.5,0,0,0.0,0,0.0,0,0.0,0,2,2,15.0,0,0.0
Johnny Mundt,TE,MIN,NYJ,5,3.1,5.1,0,0,0.0,0,0.0,0,0.0,0,2,2,31.0,0,0.0
Johnny Mundt,TE,MIN,DET,7,0.8,4.8,0,0,0.0,0,0.0,0,0.0,0,4,5,8.0,0,0.0
Johnny Mundt,TE,MIN,LA,8,1.0,2.0,0,0,0.0,0,0.0,0,0.0,0,1,2,10.0,0,0.0
Johnny Mundt,TE,MIN,IND,9,0.0,0.0,0,0,0.0,0,0.0,0,0.0,0,0,1,0.0,0,0.0
Johnny Mundt,TE,MIN,TEN,11,1.3,2.3,0,0,0.0,0,0.0,0,0.0,0,1,1,13.0,0,0.0
Johnny Mundt,TE,MIN,CHI,12,0.7,1.7,0,0,0.0,0,0.0,0,0.0,0,1,1,7.0,0,0.0
Johnny Mundt,TE,MIN,ARI,13,8.2,10.2,0,0,0.0,0,0.0,0,0.0,0,2,2,22.0,1,0.0
Johnny Mundt,TE,MIN,CHI,15,0.0,0.0,0,0,0.0,0,0.0,0,0.0,0,0,1,0.0,0,0.0
Johnny Mundt,TE,MIN,GB,17,0.7,1.7,0,0,0.0,0,0.0,0,0.0,0,1,1,7.0,0,0.0
Johnny Wilson,WR,PHI,GB,1,0.0,0.0,0,0,0.0,0,0.0,0,0.0,0,0,1,0.0,0,0.0
Johnny Wilson,WR,PHI,ATL,2,0.0,0.0,0,0,0.0,0,0.0,0,0.0,0,0,1,0.0,0,0.0
Johnny Wilson,WR,PHI,NO,3,0.9,1.9,0,0,0.0,0,0.0,0,0.0,0,1,2,9.0,0,0.0
Johnny Wilson,WR,PHI,TB,4,0.0,0.0,0,0,0.0,0,0.0,0,0.0,0,0,2,0.0,0,0.0
Johnny Wilson,WR,PHI,DAL,10,6.5,7.5,0,0,0.0,0,0.0,0,0.0,0,1,1,5.0,1,0.0
Johnny Wilson,WR,PHI,LA,12,0.0,0.0,0,0,0.0,0,0.0,0,0.0,0,0,1,0.0,0,0.0
Johnny Wilson,WR,PHI,CAR,14,0.0,0.0,0,0,0.0,0,0.0,0,0.0,0,0,1,0.0,0,0.0
Johnny Wilson,WR,PHI,PIT,15,0.0,0.0,0,0,0.0,0,0.0,0,0.0,0,0,1,0.0,0,0.0
Johnny Wilson,WR,PHI,NYG,18,2.4,5.4,0,0,0.0,0,0.0,0,0.0,0,3,5,24.0,0,0.0
Jonathan Mingo,WR,CAR,NO,1,2.3,4.3,0,0,0.0,0,0.0,1,3.0,0,2,5,40.0,0,0.0
Jonathan Mingo,WR,CAR,LAC,2,0.1,1.1,0,0,0.0,0,0.0,0,0.0,0,1,2,1.0,0,0.0
Jonathan Mingo,WR,CAR,LV,3,2.0,5.0,0,0,0.0,0,0.0,1,2.0,0,3,4,18.0,0,0.0
Jonathan Mingo,WR,CAR,CIN,4,2.4,5.4,0,0,0.0,0,0.0,0,0.0,0,3,5,24.0,0,0.0
Jonathan Mingo,WR,CAR,CHI,5,3.7,5.7,0,0,0.0,0,0.0,0,0.0,0,2,5,37.0,0,0.0
Jonathan Mingo,WR,CAR,ATL,6,0.1,1.1,0,0,0.0,0,0.0,0,0.0,0,1,1,1.0,0,0.0
Jonathan Mingo,WR,CAR,DEN,8,0.0,0.0,0,0,0.0,0,0.0,0,0.0,0,0,3,0.0,0,0.0
Jonathan Mingo,WR,CAR,NO,9,0.0,0.0,0,0,0.0,0,0.0,0,0.0,0,0,1,0.0,0,0.0
Jonathan Mingo,WR,DAL,HOU,11,0.0,0.0,0,0,0.0,0,0.0,0,0.0,0,0,4,0.0,0,0.0
Jonathan Mingo,WR,DAL,WAS,12,0.8,1.8,0,0,0.0,0,0.0,0,0.0,0,1,2,8.0,0,0.0
Jonathan Mingo,WR,DAL,NYG,13,0.2,1.2,0,0,0.0,0,0.0,0,0.0,0,1,4,2.0,0,0.0
Jonathan Mingo,WR,DAL,CIN,14,0.0,0.0,0,0,0.0,0,0.0,0,0.0,0,0,1,0.0,0,0.0
Jonathan Mingo,WR,DAL,PHI,17,1.2,2.2,0,0,0.0,0,0.0,0,0.0,0,1,3,12.0,0,0.0
Jonathan Mingo,WR,DAL,WAS,18,2.4,4.4,0,0,0.0,0,0.0,0,0.0,0,2,2,24.0,0,0.0
Jonathan Owens,SS,CHI,CHI,1,6.0,6.0,0,0,0.0,0,0.0,0,0.0,0,0,0,0.0,0,0.0
Jonathan Taylor,RB,IND,HOU,1,10.8,10.8,0,0,0.0,0,0.0,16,48.0,1,0,0,0.0,0,0.0
Jonathan Taylor,RB,IND,GB,2,13.5,15.5,0,0,0.0,0,0.0,12,103.0,0,2,4,32.0,0,0.0
Jonathan Taylor,RB,IND,CHI,3,25.5,26.5,0,0,0.0,0,0.0,23,110.0,2,1,2,25.0,0,0.0
Jonathan Taylor,RB,IND,PIT,4,16.8,19.8,0,0,0.0,0,0.0,21,88.0,1,3,4,20.0,0,0.0
Jonathan Taylor,RB,IND,HOU,8,17.7,18.7,0,0,0.0,0,0.0,20,105.0,1,1,1,12.0,0,0.0
Jonathan Taylor,RB,IND,MIN,9,5.9,8.9,0,0,0.0,0,0.0,13,48.0,0,3,5,11.0,0,0.0
Jonathan Taylor,RB,IND,BUF,10,12.2,14.2,0,0,0.0,0,0.0,21,114.0,0,2,4,8.0,0,0.0
Jonathan Taylor,RB,IND,NYJ,11,6.0,7.0,0,0,0.0,0,0.0,24,57.0,0,1,2,3.0,0,0.0
Jonathan Taylor,RB,IND,DET,12,3.5,3.5,0,0,0.0,0,0.0,11,35.0,0,0,0,0.0,0,0.0
Jonathan Taylor,RB,IND,NE,13,16.3,17.3,0,0,0.0,0,0.0,25,96.0,0,1,1,7.0,1,0.0
Jonathan Taylor,RB,IND,DEN,15,11.1,12.1,0,0,0.0,0,0.0,22,107.0,0,1,2,4.0,0,0.0
Jonathan Taylor,RB,IND,TEN,16,39.8,39.8,0,0,0.0,0,0.0,29,218.0,3,0,0,0.0,0,0.0
Jonathan Taylor,RB,IND,NYG,17,25.6,27.6,0,0,0.0,0,0.0,32,125.0,2,2,4,11.0,0,0.0
Jonathan Taylor,RB,IND,JAX,18,24.0,25.0,0,0,0.0,0,0.0,34,177.0,1,1,2,3.0,0,0.0
Jonathan Ward,RB,PIT,DAL,5,0.9,0.9,0,0,0.0,0,0.0,2,9.0,0,0,0,0.0,0,0.0
Jonathan Ward,RB,PIT,LV,6,1.3,1.3,0,0,0.0,0,0.0,3,13.0,0,0,0,0.0,0,0.0
Jonathon Brooks,RB,CAR,KC,12,0.7,0.7,0,0,0.0,0,0.0,2,7.0,0,0,0,0.0,0,0.0
Jonathon Brooks,RB,CAR,TB,13,4.1,7.1,0,0,0.0,0,0.0,6,18.0,0,3,3,23.0,0,0.0
Jonathon Brooks,RB,CAR,PHI,14,-0.3,-0.3,0,0,0.0,0,0.0,1,-3.0,0,0,0,0.0,0,0.0
Jonnu Smith,TE,MIA,JAX,1,0.7,1.7,0,0,0.0,0,0.0,0,0.0,0,1,2,7.0,0,0.0
Jonnu Smith,TE,MIA,BUF,2,5.3,11.3,0,0,0.0,0,0.0,0,0.0,0,6,7,53.0,0,0.0
Jonnu Smith,TE,MIA,SEA,3,1.8,3.8,0,0,0.0,0,0.0,0,0.0,0,2,3,18.0,0,0.0
Jonnu Smith,TE,MIA,TEN,4,0.0,0.0,0,0,0.0,0,0.0,0,0.0,0,0,1,0.0,0,0.0
Jonnu Smith,TE,MIA,NE,5,6.1,11.1,0,0,0.0,0,0.0,1,-1.0,0,5,8,62.0,0,0.0
Jonnu Smith,TE,MIA,IND,7,15.6,22.6,0,0,0.0,0,0.0,0,0.0,0,7,7,96.0,1,0.0
Jonnu Smith,TE,MIA,ARI,8,2.0,6.0,0,0,0.0,0,0.0,0,0.0,0,4,6,20.0,0,0.0
Jonnu Smith,TE,MIA,BUF,9,4.6,9.6,0,0,0.0,0,0.0,0,0.0,0,5,6,46.0,0,0.0
Jonnu Smith,TE,MIA,LA,10,4.5,7.5,0,0,0.0,0,0.0,0,0.0,0,3,4,45.0,0,0.0
Jonnu Smith,TE,MIA,LV,11,22.1,28.1,0,0,0.0,0,0.0,0,0.0,0,6,8,101.0,2,0.0
Jonnu Smith,TE,MIA,NE,12,14.7,23.7,0,0,0.0,0,0.0,1,0.0,0,9,11,87.0,1,0.0
Jonnu Smith,TE,MIA,GB,13,11.3,21.3,0,0,0.0,0,0.0,0,0.0,0,10,11,113.0,0,0.0
Jonnu Smith,TE,MIA,NYJ,14,10.4,13.4,0,0,0.0,0,0.0,0,0.0,0,3,4,44.0,1,0.0
Jonnu Smith,TE,MIA,HOU,15,10.8,19.8,0,0,0.0,0,0.0,0,0.0,0,9,11,48.0,1,0.0
Jonnu Smith,TE,MIA,SF,16,6.2,12.2,0,0,0.0,0,0.0,0,0.0,0,6,6,62.0,0,0.0
Jonnu Smith,TE,MIA,CLE,17,8.6,11.6,0,0,0.0,0,0.0,0,0.0,0,3,4,26.0,1,0.0
Jonnu Smith,TE,MIA,NYJ,18,9.6,18.6,0,0,0.0,0,0.0,0,0.0,0,9,12,56.0,1,0.0
Jordan Addison,WR,MIN,NYG,1,3.5,6.5,0,0,0.0,0,0.0,0,0.0,0,3,4,35.0,0,0.0
Jordan Addison,WR,MIN,GB,4,19.9,22.9,0,0,0.0,0,0.0,1,7.0,1,3,4,72.0,1,0.0
Jordan Addison,WR,MIN,NYJ,5,3.6,6.6,0,0,0.0,0,0.0,0,0.0,0,3,8,36.0,0,0.0
Jordan Addison,WR,MIN,DET,7,6.6,9.6,0,0,0.0,0,0.0,0,0.0,0,3,4,66.0,0,0.0
Jordan Addison,WR,MIN,LA,8,2.2,4.2,0,0,0.0,0,0.0,0,0.0,0,2,3,22.0,0,0.0
Jordan Addison,WR,MIN,IND,9,11.1,16.1,0,0,0.0,0,0.0,1,9.0,0,5,5,42.0,1,0.0
Jordan Addison,WR,MIN,JAX,10,2.9,4.9,0,0,0.0,0,0.0,1,4.0,0,2,5,25.0,0,0.0
Jordan Addison,WR,MIN,TEN,11,12.1,15.1,0,0,0.0,0,0.0,0,0.0,0,3,8,61.0,1,0.0
Jordan Addison,WR,MIN,CHI,12,22.2,30.2,0,0,0.0,0,0.0,0,0.0,0,8,9,162.0,1,0.0
Jordan Addison,WR,MIN,ARI,13,5.4,9.4,0,0,0.0,0,0.0,0,0.0,0,4,6,54.0,0,0.0
Jordan Addison,WR,MIN,ATL,14,31.3,39.3,0,0,0.0,0,0.0,0,0.0,0,8,12,133.0,3,0.0
Jordan Addison,WR,MIN,CHI,15,6.3,13.3,0,0,0.0,0,0.0,0,0.0,0,7,9,63.0,0,0.0
Jordan Addison,WR,MIN,SEA,16,9.5,14.5,0,0,0.0,0,0.0,0,0.0,0,5,8,35.0,1,0.0
Jordan Addison,WR,MIN,GB,17,12.9,18.9,0,0,0.0,0,0.0,0,0.0,0,6,8,69.0,1,0.0
Jordan Addison,WR,MIN,DET,18,0.0,1.0,0,0,0.0,0,0.0,0,0.0,0,1,6,0.0,0,0.0
Jordan Akins,TE,CLE,DAL,1,2.7,5.7,0,0,0.0,0,0.0,0,0.0,0,3,4,27.0,0,0.0
Jordan Akins,TE,CLE,JAX,2,1.0,2.0,0,0,0.0,0,0.0,0,0.0,0,1,1,10.0,0,0.0
Jordan Akins,TE,CLE,NYG,3,2.9,6.9,0,0,0.0,0,0.0,0,0.0,0,4,7,29.0,0,0.0
Jordan Akins,TE,CLE,LV,4,1.0,2.0,0,0,0.0,0,0.0,0,0.0,0,1,2,10.0,0,0.0
Jordan Akins,TE,CLE,WAS,5,8.2,11.2,0,0,0.0,0,0.0,0,0.0,0,3,3,22.0,1,0.0
Jordan Akins,TE,CLE,CIN,7,4.2,8.2,0,0,0.0,0,0.0,0,0.0,0,4,4,42.0,0,0.0
Jordan Akins,TE,CLE,BAL,8,0.0,0.0,0,0,0.0,0,0.0,0,0.0,0,0,1,0.0,0,0.0
Jordan Akins,TE,CLE,LAC,9,3.2,6.2,0,0,0.0,0,0.0,0,0.0,0,3,4,32.0,0,0.0
Jordan Akins,TE,CLE,NO,11,1.9,2.9,0,0,0.0,0,0.0,0,0.0,0,1,4,19.0,0,0.0
Jordan Akins,TE,CLE,PIT,12,3.8,6.8,0,0,0.0,0,0.0,0,0.0,0,3,4,38.0,0,0.0
Jordan Akins,TE,CLE,DEN,13,0.0,0.0,0,0,0.0,0,0.0,0,0.0,0,0,1,0.0,0,0.0
Jordan Akins,TE,CLE,PIT,14,1.4,2.4,0,0,0.0,0,0.0,0,0.0,0,1,1,14.0,0,0.0
Jordan Akins,TE,CLE,KC,15,3.0,6.0,0,0,0.0,0,0.0,0,0.0,0,3,4,30.0,0,0.0
Jordan Akins,TE,CLE,CIN,16,0.8,1.8,0,0,0.0,0,0.0,0,0.0,0,1,2,8.0,0,0.0
Jordan Akins,TE,CLE,MIA,17,4.9,10.9,0,0,0.0,0,0.0,0,0.0,0,6,8,49.0,0,0.0
Jordan Akins,TE,CLE,BAL,18,12.0,18.0,0,0,0.0,0,0.0,0,0.0,0,6,8,60.0,1,0.0
Jordan Love,QB,GB,PHI,1,16.4,16.4,17,34,260.0,2,1.0,0,0.0,0,0,0,0.0,0,1.0
Jordan Love,QB,GB,MIN,4,28.16,28.16,32,54,389.0,4,3.0,1,6.0,0,0,0,0.0,0,1.0
Jordan Love,QB,GB,LA,5,15.96,15.96,15,26,224.0,2,1.0,3,10.0,0,0,0,0.0,0,2.0
Jordan Love,QB,GB,ARI,6,25.62,25.62,22,32,258.0,4,1.0,5,13.0,0,0,0,0.0,0,0.0
Jordan Love,QB,GB,HOU,7,16.8,16.8,24,33,220.0,3,2.0,0,0.0,0,0,0,0.0,0,3.0
Jordan Love,QB,GB,JAX,8,5.74,5.74,14,22,196.0,0,1.0,1,-1.0,0,0,0,0.0,0,0.0
Jordan Love,QB,GB,DET,9,10.92,10.92,23,39,273.0,0,1.0,3,0.0,0,0,0,0.0,0,0.0
Jordan Love,QB,GB,CHI,11,20.24,20.24,13,17,261.0,1,1.0,4,18.0,1,0,0,0.0,0,1.0
Jordan Love,QB,GB,SF,12,14.72,14.72,13,23,163.0,2,0.0,1,2.0,0,0,0,0.0,0,2.0
Jordan Love,QB,GB,MIA,13,18.96,18.96,21,28,274.0,2,0.0,0,0.0,0,0,0,0.0,0,0.0
Jordan Love,QB,GB,DET,14,14.54,14.54,12,20,206.0,1,0.0,4,23.0,0,0,0,0.0,0,1.0
Jordan Love,QB,GB,SEA,15,17.56,17.56,20,27,229.0,2,0.0,1,4.0,0,0,0,0.0,0,0.0
Jordan Love,QB,GB,NO,16,11.48,11.48,16,28,182.0,1,0.0,1,2.0,0,0,0,0.0,0,0.0
Jordan Love,QB,GB,MIN,17,14.0,14.0,19,30,185.0,1,0.0,1,6.0,0,0,0,0.0,0,3.0
Jordan Love,QB,GB,CHI,18,2.76,2.76,7,12,69.0,0,0.0,0,0.0,0,0,0,0.0,0,0.0
Jordan Mason,RB,SF,NYJ,1,21.2,22.2,0,0,0.0,0,0.0,28,147.0,1,1,1,5.0,0,0.0
Jordan Mason,RB,SF,MIN,2,16.4,17.4,0,0,0.0,0,0.0,20,100.0,1,1,1,4.0,0,0.0
Jordan Mason,RB,SF,LA,3,8.8,10.8,0,0,0.0,0,0.0,19,77.0,0,2,2,11.0,0,0.0
Jordan Mason,RB,SF,NE,4,22.0,24.0,0,0,0.0,0,0.0,24,123.0,1,2,3,37.0,0,0.0
Jordan Mason,RB,SF,ARI,5,7.8,8.8,0,0,0.0,0,0.0,14,89.0,0,1,1,9.0,0,0.0
Jordan Mason,RB,SF,SEA,6,8.2,9.2,0,0,0.0,0,0.0,9,73.0,0,1,2,9.0,0,0.0
Jordan Mason,RB,SF,KC,7,6.9,8.9,0,0,0.0,0,0.0,14,58.0,0,2,2,11.0,0,0.0
Jordan Mason,RB,SF,DAL,8,1.8,1.8,0,0,0.0,0,0.0,6,18.0,0,0,0,0.0,0,0.0
Jordan Mason,RB,SF,TB,10,0.5,0.5,0,0,0.0,0,0.0,1,5.0,0,0,0,0.0,0,0.0
Jordan Mason,RB,SF,SEA,11,1.3,1.3,0,0,0.0,0,0.0,2,13.0,0,0,0,0.0,0,0.0
Jordan Mason,RB,SF,GB,12,1.3,2.3,0,0,0.0,0,0.0,3,8.0,0,1,2,5.0,0,0.0
Jordan Mason,RB,SF,BUF,13,7.8,7.8,0,0,0.0,0,0.0,13,78.0,0,0,0,0.0,0,0.0
Jordan Matthews,TE,CAR,NO,1,0.0,0.0,0,0,0.0,0,0.0,0,0.0,0,0,1,0.0,0,0.0
Jordan Mims,RB,NO,CAR,1,1.1,1.1,0,0,0.0,0,0.0,4,11.0,0,0,0,0.0,0,0.0
Jordan Mims,RB,NO,TB,6,1.8,3.8,0,0,0.0,0,0.0,1,5.0,0,2,4,13.0,0,0.0
Jordan Mims,RB,NO,CAR,9,3.8,4.8,0,0,0.0,0,0.0,5,13.0,0,1,1,25.0,0,0.0
Jordan Mims,RB,NO,ATL,10,1.4,2.4,0,0,0.0,0,0.0,2,10.0,0,1,2,4.0,0,0.0
Jordan Mims,RB,NO,CLE,11,0.3,0.3,0,0,0.0,0,0.0,2,3.0,0,0,0,0.0,0,0.0
Jordan Mims,RB,NO,GB,16,3.2,8.2,0,0,0.0,0,0.0,4,16.0,0,5,8,16.0,0,0.0
Jordan Mims,RB,NO,TB,18,2.5,5.5,0,0,0.0,0,0.0,2,12.0,0,3,3,13.0,0,0.0
Jordan Whittington,WR,LA,ARI,2,2.2,4.2,0,0,0.0,0,0.0,0,0.0,0,2,2,22.0,0,0.0
Jordan Whittington,WR,LA,SF,3,2.8,5.8,0,0,0.0,0,0.0,0,0.0,0,3,3,28.0,0,0.0
Jordan Whittington,WR,LA,CHI,4,6.2,12.2,0,0,0.0,0,0.0,0,0.0,0,6,8,62.0,0,0.0
Jordan Whittington,WR,LA,GB,5,8.9,15.9,0,0,0.0,0,0.0,0,0.0,0,7,10,89.0,0,0.0
Jordan Whittington,WR,LA,ARI,17,0.6,1.6,0,0,0.0,0,0.0,0,0.0,0,1,1,6.0,0,0.0
Jordan Whittington,WR,LA,SEA,18,9.8,12.8,0,0,0.0,0,0.0,2,12.0,0,3,4,86.0,0,0.0
Joseph Fortson,TE,KC,NO,5,0.5,1.5,0,0,0.0,0,0.0,0,0.0,0,1,1,5.0,0,0.0
Joseph Fortson,TE,KC,SF,7,0.0,0.0,0,0,0.0,0,0.0,0,0.0,0,0,1,0.0,0,0.0
Joseph Fortson,TE,KC,LV,8,0.0,0.0,0,0,0.0,0,0.0,0,0.0,0,0,1,0.0,0,0.0
Josh Allen,QB,BUF,ARI,1,31.18,31.18,18,23,232.0,2,0.0,9,39.0,2,0,0,0.0,0,2.0
Josh Allen,QB,BUF,MIA,2,9.76,9.76,13,19,139.0,1,0.0,2,2.0,0,0,0,0.0,0,0.0
Josh Allen,QB,BUF,JAX,3,30.92,30.92,23,30,263.0,4,0.0,6,44.0,0,0,0,0.0,0,0.0
Josh Allen,QB,BUF,BAL,4,7.3,7.3,16,29,180.0,0,0.0,5,21.0,0,0,0,0.0,0,3.0
Josh Allen,QB,BUF,HOU,5,14.64,14.64,9,30,131.0,1,0.0,4,54.0,0,0,0,0.0,0,1.0
Josh Allen,QB,BUF,NYJ,6,24.4,24.4,19,25,215.0,2,0.0,9,18.0,1,0,0,0.0,0,2.0
Josh Allen,QB,BUF,TEN,7,21.02,21.02,21,33,323.0,2,0.0,3,1.0,0,0,0,0.0,0,1.0
Josh Allen,QB,BUF,SEA,8,19.82,19.82,24,34,283.0,2,1.0,7,25.0,0,0,0,0.0,0,1.0
Josh Allen,QB,BUF,MIA,9,22.1,22.1,25,39,235.0,3,1.0,2,7.0,0,0,0,0.0,0,1.0
Josh Allen,QB,BUF,IND,10,18.2,18.2,22,37,280.0,0,2.0,8,50.0,1,0,0,0.0,0,2.0
Josh Allen,QB,BUF,KC,11,23.98,23.98,27,40,262.0,1,1.0,12,55.0,1,0,0,0.0,0,0.0
Josh Allen,QB,BUF,SF,13,21.72,21.72,13,17,148.0,2,0.0,3,18.0,1,0,0,0.0,0,0.0
Josh Allen,QB,BUF,LA,14,51.88,51.88,22,37,342.0,3,0.0,10,82.0,3,0,0,0.0,0,0.0
Josh Allen,QB,BUF,DET,15,41.28,41.28,23,34,362.0,2,0.0,11,68.0,2,0,0,0.0,0,0.0
Josh Allen,QB,BUF,NE,16,11.16,11.16,16,29,154.0,1,1.0,6,30.0,0,0,0,0.0,0,1.0
Josh Allen,QB,BUF,NYJ,17,22.98,22.98,16,27,182.0,2,0.0,5,17.0,1,0,0,0.0,0,0.0
Josh Blackwell,CB,CHI,CHI,18,6.0,6.0,0,0,0.0,0,0.0,0,0.0,0,0,0,0.0,0,0.0
Josh Downs,WR,IND,CHI,3,2.2,5.2,0,0,0.0,0,0.0,0,0.0,0,3,5,22.0,0,0.0
Josh Downs,WR,IND,PIT,4,14.2,22.2,0,0,0.0,0,0.0,0,0.0,0,8,9,82.0,1,0.0
Josh Downs,WR,IND,JAX,5,6.9,15.9,0,0,0.0,0,0.0,0,0.0,0,9,12,69.0,0,0.0
Josh Downs,WR,IND,TEN,6,12.5,19.5,0,0,0.0,0,0.0,1,-1.0,0,7,9,66.0,1,0.0
Josh Downs,WR,IND,MIA,7,0.3,1.3,0,0,0.0,0,0.0,0,0.0,0,1,3,3.0,0,0.0
Josh Downs,WR,IND,HOU,8,16.9,20.9,0,0,0.0,0,0.0,0,0.0,0,4,9,109.0,1,0.0
Josh Downs,WR,IND,MIN,9,6.0,12.0,0,0,0.0,0,0.0,0,0.0,0,6,9,60.0,0,0.0
Josh Downs,WR,IND,BUF,10,7.2,14.2,0,0,0.0,0,0.0,0,0.0,0,7,10,72.0,0,0.0
Josh Downs,WR,IND,NYJ,11,14.4,19.4,0,0,0.0,0,0.0,0,0.0,0,5,5,84.0,1,0.0
Josh Downs,WR,IND,DET,12,2.7,5.7,0,0,0.0,0,0.0,0,0.0,0,3,7,27.0,0,0.0
Josh Downs,WR,IND,DEN,15,3.2,6.2,0,0,0.0,0,0.0,0,0.0,0,3,8,32.0,0,0.0
Josh Downs,WR,IND,TEN,16,12.1,15.1,0,0,0.0,0,0.0,0,0.0,0,3,4,61.0,1,0.0
Josh Downs,WR,IND,NYG,17,2.2,5.2,0,0,0.0,0,0.0,0,0.0,0,3,4,22.0,0,0.0
Josh Downs,WR,IND,JAX,18,9.4,19.4,0,0,0.0,0,0.0,0,0.0,0,10,13,94.0,0,0.0
Josh Jacobs,RB,GB,PHI,1,10.4,12.4,0,0,0.0,0,0.0,16,84.0,0,2,3,20.0,0,0.0
Josh Jacobs,RB,GB,IND,2,13.1,13.1,0,0,0.0,0,0.0,32,151.0,0,0,0,0.0,0,0.0
Josh Jacobs,RB,GB,TEN,3,4.8,5.8,0,0,0.0,0,0.0,14,43.0,0,1,1,5.0,0,0.0
Josh Jacobs,RB,GB,MIN,4,7.8,11.8,0,0,0.0,0,0.0,9,51.0,0,4,6,27.0,0,0.0
Josh Jacobs,RB,GB,LA,5,15.4,16.4,0,0,0.0,0,0.0,19,73.0,1,1,1,21.0,0,0.0
Josh Jacobs,RB,GB,ARI,6,9.0,12.0,0,0,0.0,0,0.0,18,62.0,0,3,3,28.0,0,0.0
Josh Jacobs,RB,GB,HOU,7,15.2,20.2,0,0,0.0,0,0.0,12,76.0,0,5,5,16.0,1,0.0
Josh Jacobs,RB,GB,JAX,8,24.5,25.5,0,0,0.0,0,0.0,25,127.0,2,1,2,-2.0,0,0.0
Josh Jacobs,RB,GB,DET,9,10.8,12.8,0,0,0.0,0,0.0,13,95.0,0,2,3,13.0,0,0.0
Josh Jacobs,RB,GB,CHI,11,19.4,23.4,0,0,0.0,0,0.0,18,76.0,1,4,5,58.0,0,0.0
Josh Jacobs,RB,GB,SF,12,28.6,28.6,0,0,0.0,0,0.0,26,106.0,3,0,1,0.0,0,0.0
Josh Jacobs,RB,GB,MIA,13,17.7,21.7,0,0,0.0,0,0.0,19,43.0,1,4,4,74.0,0,0.0
Josh Jacobs,RB,GB,DET,14,24.6,24.6,0,0,0.0,0,0.0,18,66.0,3,0,0,0.0,0,0.0
Josh Jacobs,RB,GB,SEA,15,17.6,21.6,0,0,0.0,0,0.0,26,94.0,1,4,4,42.0,0,0.0
Josh Jacobs,RB,GB,NO,16,16.7,20.7,0,0,0.0,0,0.0,13,69.0,1,4,4,38.0,0,0.0
Josh Jacobs,RB,GB,MIN,17,10.9,10.9,0,0,0.0,0,0.0,17,69.0,1,0,0,0.0,0,0.0
Josh Jacobs,RB,GB,CHI,18,10.6,11.6,0,0,0.0,0,0.0,6,44.0,1,1,1,2.0,0,0.0
Josh Johnson,QB,BAL,BUF,4,0.04,0.04,1,1,1.0,0,0.0,0,0.0,0,0,0,0.0,0,0.0
Josh Johnson,QB,BAL,DEN,9,0.2,0.2,0,0,0.0,0,0.0,3,2.0,0,0,0,0.0,0,0.0
Josh Johnson,QB,BAL,NYG,15,-0.1,-0.1,0,0,0.0,0,0.0,1,-1.0,0,0,0,0.0,0,1.0
Josh Johnson,QB,BAL,HOU,17,0.64,0.64,1,2,16.0,0,0.0,0,0.0,0,0,0,0.0,0,0.0
Josh Oliver,TE,MIN,NYG,1,2.7,4.7,0,0,0.0,0,0.0,0,0.0,0,2,2,27.0,0,0.0
Josh Oliver,TE,MIN,HOU,3,0.0,0.0,0,0,0.0,0,0.0,0,0.0,0,0,1,0.0,0,0.0
Josh Oliver,TE,MIN,GB,4,7.0,9.0,0,0,0.0,0,0.0,0,0.0,0,2,2,10.0,1,0.0
Josh Oliver,TE,MIN,DET,7,0.5,1.5,0,0,0.0,0,0.0,0,0.0,0,1,1,5.0,0,0.0
Josh Oliver,TE,MIN,LA,8,9.0,11.0,0,0,0.0,0,0.0,0,0.0,0,2,2,30.0,1,0.0
Josh Oliver,TE,MIN,IND,9,11.8,16.8,0,0,0.0,0,0.0,0,0.0,0,5,5,58.0,1,0.0
Josh Oliver,TE,MIN,JAX,10,5.2,9.2,0,0,0.0,0,0.0,0,0.0,0,4,6,52.0,0,0.0
Josh Oliver,TE,MIN,TEN,11,3.4,6.4,0,0,0.0,0,0.0,0,0.0,0,3,3,34.0,0,0.0
Josh Oliver,TE,MIN,ATL,14,2.6,3.6,0,0,0.0,0,0.0,0,0.0,0,1,2,26.0,0,0.0
Josh Oliver,TE,MIN,SEA,16,0.0,0.0,0,0,0.0,0,0.0,0,0.0,0,0,1,0.0,0,0.0
Josh Oliver,TE,MIN,DET,18,1.6,3.6,0,0,0.0,0,0.0,0,0.0,0,2,3,16.0,0,0.0
Josh Palmer,WR,LAC,LV,1,1.5,3.5,0,0,0.0,0,0.0,0,0.0,0,2,4,15.0,0,0.0
Josh Palmer,WR,LAC,CAR,2,1.9,3.9,0,0,0.0,0,0.0,0,0.0,0,2,2,19.0,0,0.0
Josh Palmer,WR,LAC,KC,4,3.6,6.6,0,0,0.0,0,0.0,0,0.0,0,3,4,36.0,0,0.0
Josh Palmer,WR,LAC,DEN,6,3.8,5.8,0,0,0.0,0,0.0,0,0.0,0,2,3,38.0,0,0.0
Josh Palmer,WR,LAC,ARI,7,6.3,10.3,0,0,0.0,0,0.0,0,0.0,0,4,5,63.0,0,0.0
Josh Palmer,WR,LAC,NO,8,7.2,9.2,0,0,0.0,0,0.0,0,0.0,0,2,4,72.0,0,0.0
Josh Palmer,WR,LAC,CLE,9,12.3,14.3,0,0,0.0,0,0.0,0,0.0,0,2,4,63.0,1,0.0
Josh Palmer,WR,LAC,TEN,10,3.6,4.6,0,0,0.0,0,0.0,0,0.0,0,1,2,36.0,0,0.0
Josh Palmer,WR,LAC,CIN,11,2.3,4.3,0,0,0.0,0,0.0,0,0.0,0,2,4,23.0,0,0.0
Josh Palmer,WR,LAC,BAL,12,3.8,6.8,0,0,0.0,0,0.0,0,0.0,0,3,8,38.0,0,0.0
Josh Palmer,WR,LAC,ATL,13,3.1,4.1,0,0,0.0,0,0.0,0,0.0,0,1,1,11.0,0,0.0
Josh Palmer,WR,LAC,KC,14,7.8,13.8,0,0,0.0,0,0.0,0,0.0,0,6,9,78.0,0,0.0
Josh Palmer,WR,LAC,TB,15,1.0,3.0,0,0,0.0,0,0.0,0,0.0,0,2,3,10.0,0,0.0
Josh Palmer,WR,LAC,DEN,16,6.1,9.1,0,0,0.0,0,0.0,0,0.0,0,3,6,41.0,0,0.0
Josh Palmer,WR,LAC,NE,17,4.1,8.1,0,0,0.0,0,0.0,0,0.0,0,4,6,41.0,0,0.0
Josh Reynolds,WR,DEN,SEA,1,4.5,9.5,0,0,0.0,0,0.0,0,0.0,0,5,8,45.0,0,0.0
Josh Reynolds,WR,DEN,PIT,2,9.3,13.3,0,0,0.0,0,0.0,0,0.0,0,4,5,93.0,0,0.0
Josh Reynolds,WR,DEN,TB,3,3.6,5.6,0,0,0.0,0,0.0,0,0.0,0,2,2,36.0,0,0.0
Josh Reynolds,WR,DEN,NYJ,4,0.0,0.0,0,0,0.0,0,0.0,0,0.0,0,0,2,0.0,0,0.0
Josh Reynolds,WR,DEN,LV,5,6.9,7.9,0,0,0.0,0,0.0,0,0.0,0,1,2,9.0,1,0.0
Josh Reynolds,WR,JAX,NYJ,15,0.0,0.0,0,0,0.0,0,0.0,0,0.0,0,0,1,0.0,0,0.0
Josh Reynolds,WR,JAX,LV,16,0.0,0.0,0,0,0.0,0,0.0,0,0.0,0,0,1,0.0,0,0.0
Josh Reynolds,WR,JAX,IND,18,1.1,2.1,0,0,0.0,0,0.0,0,0.0,0,1,3,11.0,0,0.0
Josh Whyle,TE,TEN,NYJ,2,1.3,3.3,0,0,0.0,0,0.0,0,0.0,0,2,2,13.0,0,0.0
Josh Whyle,TE,TEN,GB,3,4.3,8.3,0,0,0.0,0,0.0,0,0.0,0,4,5,43.0,0,0.0
Josh Whyle,TE,TEN,MIA,4,0.5,1.5,0,0,0.0,0,0.0,0,0.0,0,1,1,5.0,0,0.0
Josh Whyle,TE,TEN,IND,6,0.2,1.2,0,0,0.0,0,0.0,0,0.0,0,1,1,2.0,0,0.0
Josh Whyle,TE,TEN,BUF,7,3.4,6.4,0,0,0.0,0,0.0,0,0.0,0,3,4,34.0,0,0.0
Josh Whyle,TE,TEN,DET,8,3.3,5.3,0,0,0.0,0,0.0,0,0.0,0,2,2,33.0,0,0.0
Josh Whyle,TE,TEN,NE,9,1.2,2.2,0,0,0.0,0,0.0,0,0.0,0,1,2,12.0,0,0.0
Josh Whyle,TE,TEN,LAC,10,0.0,0.0,0,0,0.0,0,0.0,0,0.0,0,0,1,0.0,0,0.0
Josh Whyle,TE,TEN,MIN,11,0.6,1.6,0,0,0.0,0,0.0,0,0.0,0,1,1,6.0,0,0.0
Josh Whyle,TE,TEN,WAS,13,0.3,1.3,0,0,0.0,0,0.0,0,0.0,0,1,3,3.0,0,0.0
Josh Whyle,TE,TEN,JAX,14,3.1,5.1,0,0,0.0,0,0.0,0,0.0,0,2,2,31.0,0,0.0
Josh Whyle,TE,TEN,CIN,15,9.7,14.7,0,0,0.0,0,0.0,0,0.0,0,5,5,37.0,1,0.0
Josh Whyle,TE,TEN,JAX,17,0.0,0.0,0,0,0.0,0,0.0,0,0.0,0,0,1,0.0,0,0.0
Josh Whyle,TE,TEN,HOU,18,4.9,9.9,0,0,0.0,0,0.0,0,0.0,0,5,7,29.0,0,0.0
Joshua Dobbs,QB,SF,DET,17,8.1,8.1,3,4,35.0,0,0.0,1,7.0,1,0,0,0.0,0,0.0
Joshua Dobbs,QB,SF,ARI,18,22.74,22.74,29,43,326.0,2,2.0,8,17.0,1,0,0,0.0,0,2.0
Joshua Kelley,RB,TEN,HOU,18,0.2,0.2,0,0,0.0,0,0.0,1,2.0,0,0,0,0.0,0,0.0
Josiah Deguara,TE,JAX,BUF,3,0.8,1.8,0,0,0.0,0,0.0,0,0.0,0,1,1,8.0,0,0.0
Josiah Deguara,TE,JAX,IND,5,0.2,1.2,0,0,0.0,0,0.0,0,0.0,0,1,1,2.0,0,0.0
Josiah Deguara,TE,JAX,LV,16,0.4,1.4,0,0,0.0,0,0.0,0,0.0,0,1,1,4.0,0,0.0
JuJu Smith-Schuster,WR,KC,BAL,1,0.0,0.0,0,0,0.0,0,0.0,0,0.0,0,0,1,0.0,0,0.0
JuJu Smith-Schuster,WR,KC,ATL,3,7.7,9.7,0,0,0.0,0,0.0,0,0.0,0,2,3,17.0,1,0.0
JuJu Smith-Schuster,WR,KC,NO,5,13.0,20.0,0,0,0.0,0,0.0,0,0.0,0,7,8,130.0,0,0.0
JuJu Smith-Schuster,WR,KC,BUF,11,0.8,1.8,0,0,0.0,0,0.0,0,0.0,0,1,1,8.0,0,0.0
JuJu Smith-Schuster,WR,KC,CAR,12,0.6,1.6,0,0,0.0,0,0.0,0,0.0,0,1,2,6.0,0,0.0
JuJu Smith-Schuster,WR,KC,LV,13,1.0,2.0,0,0,0.0,0,0.0,0,0.0,0,1,1,10.0,0,0.0
JuJu Smith-Schuster,WR,KC,LAC,14,3.1,5.1,0,0,0.0,0,0.0,0,0.0,0,2,2,31.0,0,0.0
JuJu Smith-Schuster,WR,KC,CLE,15,6.7,7.7,0,0,0.0,0,0.0,0,0.0,0,1,3,7.0,1,0.0
JuJu Smith-Schuster,WR,KC,HOU,16,0.0,0.0,0,0,0.0,0,0.0,0,0.0,0,0,1,0.0,0,0.0
JuJu Smith-Schuster,WR,KC,PIT,17,1.8,3.8,0,0,0.0,0,0.0,0,0.0,0,2,2,18.0,0,0.0
JuJu Smith-Schuster,WR,KC,DEN,18,0.4,1.4,0,0,0.0,0,0.0,0,0.0,0,1,2,4.0,0,0.0
Juanyeh Thomas,FS,DAL,HOU,11,0.4,1.4,0,0,0.0,0,0.0,0,0.0,0,1,1,4.0,0,0.0
Juanyeh Thomas,FS,DAL,WAS,12,6.0,6.0,0,0,0.0,0,0.0,0,0.0,0,0,0,0.0,0,0.0
Julian Hill,TE,MIA,JAX,1,0.6,1.6,0,0,0.0,0,0.0,0,0.0,0,1,1,6.0,0,0.0
Julian Hill,TE,MIA,BUF,2,0.0,0.0,0,0,0.0,0,0.0,0,0.0,0,0,2,0.0,0,0.0
Julian Hill,TE,MIA,SEA,3,2.4,4.4,0,0,0.0,0,0.0,0,0.0,0,2,2,24.0,0,0.0
Julian Hill,TE,MIA,IND,7,0.4,1.4,0,0,0.0,0,0.0,0,0.0,0,1,2,4.0,0,0.0
Julian Hill,TE,MIA,ARI,8,1.1,4.1,0,0,0.0,0,0.0,0,0.0,0,3,3,11.0,0,0.0
Julian Hill,TE,MIA,LA,10,0.0,0.0,0,0,0.0,0,0.0,0,0.0,0,0,1,0.0,0,0.0
Julian Hill,TE,MIA,LV,11,2.8,4.8,0,0,0.0,0,0.0,0,0.0,0,2,3,28.0,0,0.0
Julian Hill,TE,MIA,NE,12,0.8,1.8,0,0,0.0,0,0.0,0,0.0,0,1,2,8.0,0,0.0
Julian Hill,TE,MIA,GB,13,0.5,1.5,0,0,0.0,0,0.0,0,0.0,0,1,1,5.0,0,0.0
Julian Hill,TE,MIA,NYJ,14,1.4,2.4,0,0,0.0,0,0.0,0,0.0,0,1,1,14.0,0,0.0
Julian Hill,TE,MIA,NYJ,18,0.0,0.0,0,0,0.0,0,0.0,0,0.0,0,0,1,0.0,0,0.0
Julian Love,SS,SEA,MIN,16,0.2,0.2,0,0,0.0,0,0.0,1,2.0,0,0,0,0.0,0,0.0
Julius Chestnut,RB,TEN,IND,6,0.2,0.2,0,0,0.0,0,0.0,1,2.0,0,0,0,0.0,0,0.0
Julius Chestnut,RB,TEN,BUF,7,2.4,3.4,0,0,0.0,0,0.0,3,15.0,0,1,1,9.0,0,0.0
Julius Chestnut,RB,TEN,DET,8,3.2,3.2,0,0,0.0,0,0.0,7,32.0,0,0,0,0.0,0,0.0
Julius Chestnut,RB,TEN,NE,9,2.2,2.2,0,0,0.0,0,0.0,5,22.0,0,0,0,0.0,0,0.0
Julius Chestnut,RB,TEN,HOU,12,0.5,1.5,0,0,0.0,0,0.0,1,3.0,0,1,1,2.0,0,0.0
Julius Chestnut,RB,TEN,JAX,17,1.7,1.7,0,0,0.0,0,0.0,3,17.0,0,0,1,0.0,0,0.0
Julius Chestnut,RB,TEN,HOU,18,1.1,1.1,0,0,0.0,0,0.0,2,11.0,0,0,0,0.0,0,0.0
Justice Hill,RB,BAL,KC,1,5.5,11.5,0,0,0.0,0,0.0,1,3.0,0,6,8,52.0,0,0.0
Justice Hill,RB,BAL,LV,2,3.2,5.2,0,0,0.0,0,0.0,4,22.0,0,2,2,10.0,0,0.0
Justice Hill,RB,BAL,DAL,3,5.4,7.4,0,0,0.0,0,0.0,5,33.0,0,2,2,21.0,0,0.0
Justice Hill,RB,BAL,BUF,4,15.6,21.6,0,0,0.0,0,0.0,4,18.0,0,6,6,78.0,1,0.0
Justice Hill,RB,BAL,CIN,5,2.5,3.5,0,0,0.0,0,0.0,5,17.0,0,1,2,8.0,0,0.0
Justice Hill,RB,BAL,WAS,6,0.4,1.4,0,0,0.0,0,0.0,1,2.0,0,1,1,2.0,0,0.0
Justice Hill,RB,BAL,TB,7,10.8,13.8,0,0,0.0,0,0.0,5,4.0,0,3,3,44.0,1,0.0
Justice Hill,RB,BAL,CLE,8,1.9,2.9,0,0,0.0,0,0.0,2,5.0,0,1,1,14.0,0,0.0
Justice Hill,RB,BAL,DEN,9,5.8,8.8,0,0,0.0,0,0.0,5,15.0,0,3,3,43.0,0,0.0
Justice Hill,RB,BAL,CIN,10,-0.2,1.8,0,0,0.0,0,0.0,2,-2.0,0,2,2,0.0,0,0.0
Justice Hill,RB,BAL,PIT,11,4.1,8.1,0,0,0.0,0,0.0,2,13.0,0,4,7,28.0,0,0.0
Justice Hill,RB,BAL,LAC,12,12.2,14.2,0,0,0.0,0,0.0,4,55.0,1,2,2,7.0,0,0.0
Justice Hill,RB,BAL,PHI,13,2.1,6.1,0,0,0.0,0,0.0,3,6.0,0,4,6,15.0,0,0.0
Justice Hill,RB,BAL,NYG,15,12.8,17.8,0,0,0.0,0,0.0,2,7.0,0,5,5,61.0,1,0.0
Justice Hill,RB,BAL,PIT,16,3.0,3.0,0,0,0.0,0,0.0,2,30.0,0,0,1,0.0,0,0.0
Justin Fields,QB,PIT,ATL,1,11.94,11.94,17,23,156.0,0,0.0,14,57.0,0,0,0,0.0,0,2.0
Justin Fields,QB,PIT,DEN,2,11.38,11.38,13,20,117.0,1,0.0,8,27.0,0,0,0,0.0,0,2.0
Justin Fields,QB,PIT,LAC,3,18.4,18.4,25,32,245.0,1,1.0,6,6.0,1,0,0,0.0,0,2.0
Justin Fields,QB,PIT,IND,4,31.98,31.98,22,34,312.0,1,0.0,10,55.0,2,0,0,0.0,0,4.0
Justin Fields,QB,PIT,DAL,5,15.94,15.94,15,27,131.0,2,0.0,6,27.0,0,0,0,0.0,0,3.0
Justin Fields,QB,PIT,LV,6,23.7,23.7,14,24,145.0,0,0.0,11,59.0,2,0,0,0.0,0,3.0
Justin Fields,QB,PIT,BAL,11,1.7,1.7,0,0,0.0,0,0.0,2,17.0,0,0,0,0.0,0,0.0
Justin Fields,QB,PIT,CLE,12,2.6,2.6,0,1,0.0,0,0.0,3,26.0,0,0,0,0.0,0,0.0
Justin Fields,QB,PIT,CIN,13,0.7,0.7,0,0,0.0,0,0.0,1,7.0,0,0,0,0.0,0,0.0
Justin Fields,QB,PIT,PHI,15,0.8,0.8,0,0,0.0,0,0.0,1,8.0,0,0,0,0.0,0,0.0
Justin Herbert,QB,LAC,LV,1,10.36,10.36,17,26,144.0,1,0.0,4,6.0,0,0,0,0.0,0,1.0
Justin Herbert,QB,LAC,CAR,2,11.0,11.0,14,20,130.0,2,1.0,6,18.0,0,0,0,0.0,0,1.0
Justin Herbert,QB,LAC,PIT,3,9.0,9.0,12,18,125.0,1,0.0,1,0.0,0,0,0,0.0,0,2.0
Justin Herbert,QB,LAC,KC,4,11.16,11.16,16,27,179.0,1,0.0,3,0.0,0,0,0,0.0,0,2.0
Justin Herbert,QB,LAC,DEN,6,13.68,13.68,21,34,237.0,1,0.0,4,2.0,0,0,0,0.0,0,3.0
Justin Herbert,QB,LAC,ARI,7,14.76,14.76,27,39,349.0,0,0.0,2,8.0,0,0,0,0.0,0,3.0
Justin Herbert,QB,LAC,NO,8,24.06,24.06,20,32,279.0,2,0.0,4,49.0,0,0,0,0.0,0,3.0
Justin Herbert,QB,LAC,CLE,9,19.48,19.48,18,27,282.0,2,0.0,3,2.0,0,0,0,0.0,0,6.0
Justin Herbert,QB,LAC,TEN,10,19.76,19.76,14,18,164.0,1,0.0,9,32.0,1,0,0,0.0,0,0.0
Justin Herbert,QB,LAC,CIN,11,24.38,24.38,17,36,297.0,2,0.0,5,65.0,0,0,0,0.0,0,2.0
Justin Herbert,QB,LAC,BAL,12,17.62,17.62,21,36,218.0,0,0.0,4,29.0,1,0,0,0.0,0,4.0
Justin Herbert,QB,LAC,ATL,13,7.98,7.98,16,23,147.0,0,0.0,5,1.0,0,0,0,0.0,0,5.0
Justin Herbert,QB,LAC,KC,14,13.72,13.72,21,30,213.0,1,0.0,4,12.0,0,0,0,0.0,0,3.0
Justin Herbert,QB,LAC,TB,15,13.8,13.8,21,33,195.0,2,1.0,0,0.0,0,0,0,0.0,0,3.0
Justin Herbert,QB,LAC,DEN,16,22.16,22.16,23,31,284.0,2,1.0,8,28.0,0,0,0,0.0,0,2.0
Justin Herbert,QB,LAC,NE,17,24.44,24.44,26,38,281.0,3,0.0,3,12.0,0,0,0,0.0,0,0.0
Justin Herbert,QB,LAC,LV,18,28.04,28.04,28,36,346.0,2,0.0,4,42.0,0,0,0,0.0,0,1.0
Justin Jefferson,WR,MIN,NYG,1,11.9,15.9,0,0,0.0,0,0.0,0,0.0,0,4,6,59.0,1,0.0
Justin Jefferson,WR,MIN,SF,2,19.3,23.3,0,0,0.0,0,0.0,0,0.0,0,4,7,133.0,1,0.0
Justin Jefferson,WR,MIN,HOU,3,14.1,20.1,0,0,0.0,0,0.0,0,0.0,0,6,8,81.0,1,0.0
Justin Jefferson,WR,MIN,GB,4,14.5,20.5,0,0,0.0,0,0.0,0,0.0,0,6,8,85.0,1,0.0
Justin Jefferson,WR,MIN,NYJ,5,9.2,15.2,0,0,0.0,0,0.0,0,0.0,0,6,14,92.0,0,0.0
Justin Jefferson,WR,MIN,DET,7,14.4,21.4,0,0,0.0,0,0.0,1,3.0,0,7,8,81.0,1,0.0
Justin Jefferson,WR,MIN,LA,8,11.5,19.5,0,0,0.0,0,0.0,0,0.0,0,8,9,115.0,0,0.0
Justin Jefferson,WR,MIN,IND,9,14.58,21.58,1,1,22.0,0,0.0,0,0.0,0,7,9,137.0,0,0.0
Justin Jefferson,WR,MIN,JAX,10,4.8,9.8,0,0,0.0,0,0.0,0,0.0,0,5,9,48.0,0,0.0
Justin Jefferson,WR,MIN,TEN,11,8.1,14.1,0,0,0.0,0,0.0,0,0.0,0,6,8,81.0,0,0.0
Justin Jefferson,WR,MIN,CHI,12,2.7,4.7,0,0,0.0,0,0.0,0,0.0,0,2,5,27.0,0,0.0
Justin Jefferson,WR,MIN,ARI,13,9.9,16.9,0,0,0.0,0,0.0,0,0.0,0,7,9,99.0,0,0.0
Justin Jefferson,WR,MIN,ATL,14,25.2,32.2,0,0,0.0,0,0.0,0,0.0,0,7,7,132.0,2,0.0
Justin Jefferson,WR,MIN,CHI,15,13.3,20.3,0,0,0.0,0,0.0,0,0.0,0,7,14,73.0,1,0.0
Justin Jefferson,WR,MIN,SEA,16,26.4,36.4,0,0,0.0,0,0.0,0,0.0,0,10,13,144.0,2,0.0
Justin Jefferson,WR,MIN,GB,17,9.2,17.2,0,0,0.0,0,0.0,0,0.0,0,8,11,92.0,0,0.0
Justin Jefferson,WR,MIN,DET,18,5.4,8.4,0,0,0.0,0,0.0,0,0.0,0,3,9,54.0,0,0.0
Justin Watson,WR,KC,BAL,1,2.5,3.5,0,0,0.0,0,0.0,0,0.0,0,1,1,25.0,0,0.0
Justin Watson,WR,KC,CIN,2,2.2,4.2,0,0,0.0,0,0.0,0,0.0,0,2,2,22.0,0,0.0
Justin Watson,WR,KC,ATL,3,1.3,2.3,0,0,0.0,0,0.0,0,0.0,0,1,2,13.0,0,0.0
Justin Watson,WR,KC,LAC,4,2.7,4.7,0,0,0.0,0,0.0,0,0.0,0,2,3,27.0,0,0.0
Justin Watson,WR,KC,SF,7,0.8,1.8,0,0,0.0,0,0.0,0,0.0,0,1,1,8.0,0,0.0
Justin Watson,WR,KC,LV,8,3.3,6.3,0,0,0.0,0,0.0,0,0.0,0,3,3,33.0,0,0.0
Justin Watson,WR,KC,TB,9,4.3,7.3,0,0,0.0,0,0.0,0,0.0,0,3,4,43.0,0,0.0
Justin Watson,WR,KC,DEN,10,0.6,2.6,0,0,0.0,0,0.0,0,0.0,0,2,2,6.0,0,0.0
Justin Watson,WR,KC,BUF,11,2.6,4.6,0,0,0.0,0,0.0,0,0.0,0,2,2,26.0,0,0.0
Justin Watson,WR,KC,CAR,12,1.5,2.5,0,0,0.0,0,0.0,0,0.0,0,1,2,15.0,0,0.0
Justin Watson,WR,KC,LV,13,6.6,7.6,0,0,0.0,0,0.0,0,0.0,0,1,3,6.0,1,0.0
Justin Watson,WR,KC,CLE,15,0.0,0.0,0,0,0.0,0,0.0,0,0.0,0,0,1,0.0,0,0.0
Justin Watson,WR,KC,HOU,16,0.0,0.0,0,0,0.0,0,0.0,0,0.0,0,0,1,0.0,0,0.0
Justin Watson,WR,KC,PIT,17,12.0,14.0,0,0,0.0,0,0.0,0,0.0,0,2,2,60.0,1,0.0
Justin Watson,WR,KC,DEN,18,0.5,1.5,0,0,0.0,0,0.0,0,0.0,0,1,3,5.0,0,0.0
Justyn Ross,WR,KC,DEN,10,0.0,0.0,0,0,0.0,0,0.0,0,0.0,0,0,1,0.0,0,0.0
Juwan Johnson,TE,NO,CAR,1,8.6,10.6,0,0,0.0,0,0.0,0,0.0,0,2,3,26.0,1,0.0
Juwan Johnson,TE,NO,ATL,4,1.3,3.3,0,0,0.0,0,0.0,0,0.0,0,2,3,13.0,0,0.0
Juwan Johnson,TE,NO,KC,5,3.1,8.1,0,0,0.0,0,0.0,0,0.0,0,5,5,31.0,0,0.0
Juwan Johnson,TE,NO,TB,6,4.8,7.8,0,0,0.0,0,0.0,0,0.0,0,3,3,48.0,0,0.0
Juwan Johnson,TE,NO,DEN,7,1.8,4.8,0,0,0.0,0,0.0,0,0.0,0,3,6,18.0,0,0.0
Juwan Johnson,TE,NO,LAC,8,4.8,7.8,0,0,0.0,0,0.0,0,0.0,0,3,4,48.0,0,0.0
Juwan Johnson,TE,NO,CAR,9,4.1,6.1,0,0,0.0,0,0.0,0,0.0,0,2,2,41.0,0,0.0
Juwan Johnson,TE,NO,ATL,10,2.2,4.2,0,0,0.0,0,0.0,0,0.0,0,2,3,22.0,0,0.0
Juwan Johnson,TE,NO,CLE,11,9.0,12.0,0,0,0.0,0,0.0,0,0.0,0,3,3,30.0,1,0.0
Juwan Johnson,TE,NO,LA,13,3.6,8.6,0,0,0.0,0,0.0,0,0.0,0,5,7,36.0,0,0.0
Juwan Johnson,TE,NO,NYG,14,11.0,15.0,0,0,0.0,0,0.0,0,0.0,0,4,5,50.0,1,0.0
Juwan Johnson,TE,NO,WAS,15,1.2,3.2,0,0,0.0,0,0.0,0,0.0,0,2,3,12.0,0,0.0
Juwan Johnson,TE,NO,GB,16,2.7,4.7,0,0,0.0,0,0.0,0,0.0,0,2,2,27.0,0,0.0
Juwan Johnson,TE,NO,LV,17,6.6,12.6,0,0,0.0,0,0.0,0,0.0,0,6,10,66.0,0,0.0
Juwan Johnson,TE,NO,TB,18,8.0,14.0,0,0,0.0,0,0.0,0,0.0,0,6,7,80.0,0,0.0
K.J. Osborn,WR,NE,CIN,1,2.1,5.1,0,0,0.0,0,0.0,0,0.0,0,3,6,21.0,0,0.0
K.J. Osborn,WR,NE,SEA,2,0.7,1.7,0,0,0.0,0,0.0,0,0.0,0,1,2,7.0,0,0.0
K.J. Osborn,WR,NE,SF,4,0.3,1.3,0,0,0.0,0,0.0,0,0.0,0,1,5,3.0,0,0.0
K.J. Osborn,WR,NE,JAX,7,8.6,10.6,0,0,0.0,0,0.0,0,0.0,0,2,3,26.0,1,0.0
K.J. Osborn,WR,NE,NYJ,8,0.0,0.0,0,0,0.0,0,0.0,0,0.0,0,0,1,0.0,0,0.0
K.J. Osborn,WR,NE,CHI,10,0.0,0.0,0,0,0.0,0,0.0,0,0.0,0,0,1,0.0,0,0.0
Kadarius Toney,WR,CLE,NO,11,-0.7,-0.7,0,0,0.0,0,0.0,1,-7.0,0,0,0,0.0,0,0.0
Kadarius Toney,WR,CLE,DEN,13,0.3,0.3,0,0,0.0,0,0.0,1,3.0,0,0,1,0.0,0,0.0
Kalif Raymond,WR,DET,LA,1,1.2,1.2,0,0,0.0,0,0.0,1,12.0,0,0,0,0.0,0,0.0
Kalif Raymond,WR,DET,TB,2,2.7,5.7,0,0,0.0,0,0.0,0,0.0,0,3,4,27.0,0,0.0
Kalif Raymond,WR,DET,SEA,4,0.9,1.9,0,0,0.0,0,0.0,0,0.0,0,1,1,9.0,0,0.0
Kalif Raymond,WR,DET,DAL,6,7.3,11.3,0,0,0.0,0,0.0,0,0.0,0,4,6,73.0,0,0.0
Kalif Raymond,WR,DET,MIN,7,9.9,12.9,0,0,0.0,0,0.0,0,0.0,0,3,4,39.0,1,0.0
Kalif Raymond,WR,DET,TEN,8,13.4,15.4,0,0,0.0,0,0.0,0,0.0,0,2,2,14.0,1,0.0
Kalif Raymond,WR,DET,GB,9,0.0,1.0,0,0,0.0,0,0.0,1,-12.0,0,1,1,12.0,0,0.0
Kalif Raymond,WR,DET,JAX,11,3.0,5.0,0,0,0.0,0,0.0,0,0.0,0,2,2,30.0,0,0.0
Kalif Raymond,WR,DET,IND,12,0.0,0.0,0,0,0.0,0,0.0,0,0.0,0,0,1,0.0,0,0.0
Kalif Raymond,WR,DET,MIN,18,1.1,2.1,0,0,0.0,0,0.0,0,0.0,0,1,1,11.0,0,0.0
Kameron Johnson,WR,TB,WAS,1,0.0,0.0,0,0,0.0,0,0.0,1,0.0,0,0,0,0.0,0,0.0
Kameron Johnson,WR,TB,PHI,4,0.0,0.0,0,0,0.0,0,0.0,0,0.0,0,0,1,0.0,0,0.0
Kameron Johnson,WR,TB,CAR,17,1.1,1.1,0,0,0.0,0,0.0,1,11.0,0,0,0,0.0,0,0.0
Kareem Hunt,RB,KC,LAC,4,8.5,10.5,0,0,0.0,0,0.0,14,69.0,0,2,3,16.0,0,0.0
Kareem Hunt,RB,KC,NO,5,17.7,18.7,0,0,0.0,0,0.0,27,102.0,1,1,1,15.0,0,0.0
Kareem Hunt,RB,KC,SF,7,20.3,22.3,0,0,0.0,0,0.0,22,78.0,2,2,2,5.0,0,0.0
Kareem Hunt,RB,KC,LV,8,12.3,13.3,0,0,0.0,0,0.0,21,59.0,1,1,1,4.0,0,0.0
Kareem Hunt,RB,KC,TB,9,17.7,18.7,0,0,0.0,0,0.0,27,106.0,1,1,1,11.0,0,0.0
Kareem Hunt,RB,KC,DEN,10,10.0,17.0,0,0,0.0,0,0.0,14,35.0,0,7,10,65.0,0,0.0
Kareem Hunt,RB,KC,BUF,11,6.0,6.0,0,0,0.0,0,0.0,14,60.0,0,0,0,0.0,0,0.0
Kareem Hunt,RB,KC,CAR,12,8.7,11.7,0,0,0.0,0,0.0,16,68.0,0,3,4,19.0,0,0.0
Kareem Hunt,RB,KC,LV,13,1.5,3.5,0,0,0.0,0,0.0,7,15.0,0,2,4,0.0,0,0.0
Kareem Hunt,RB,KC,LAC,14,2.9,3.9,0,0,0.0,0,0.0,5,16.0,0,1,1,13.0,0,0.0
Kareem Hunt,RB,KC,CLE,15,4.9,5.9,0,0,0.0,0,0.0,13,45.0,0,1,2,4.0,0,0.0
Kareem Hunt,RB,KC,HOU,16,13.9,15.9,0,0,0.0,0,0.0,11,55.0,1,2,3,24.0,0,0.0
Kareem Hunt,RB,KC,PIT,17,8.0,8.0,0,0,0.0,0,0.0,9,20.0,1,0,0,0.0,0,0.0
Kavontae Turpin,WR,DAL,CLE,1,6.0,6.0,0,0,0.0,0,0.0,0,0.0,0,0,1,0.0,0,0.0
Kavontae Turpin,WR,DAL,NO,2,0.6,2.6,0,0,0.0,0,0.0,1,2.0,0,2,4,4.0,0,0.0
Kavontae Turpin,WR,DAL,BAL,3,11.2,14.2,0,0,0.0,0,0.0,1,1.0,0,3,3,51.0,1,0.0
Kavontae Turpin,WR,DAL,PIT,5,4.4,8.4,0,0,0.0,0,0.0,1,-6.0,0,4,5,50.0,0,0.0
Kavontae Turpin,WR,DAL,DET,6,1.0,5.0,0,0,0.0,0,0.0,1,6.0,0,4,7,24.0,0,0.0
Kavontae Turpin,WR,DAL,SF,8,2.7,3.7,0,0,0.0,0,0.0,1,11.0,0,1,4,16.0,0,0.0
Kavontae Turpin,WR,DAL,ATL,9,3.6,6.6,0,0,0.0,0,0.0,0,0.0,0,3,4,36.0,0,0.0
Kavontae Turpin,WR,DAL,HOU,11,14.6,17.6,0,0,0.0,0,0.0,0,0.0,0,3,3,86.0,1,0.0
Kavontae Turpin,WR,DAL,WAS,12,6.8,7.8,0,0,0.0,0,0.0,0,0.0,0,1,1,8.0,0,0.0
Kavontae Turpin,WR,DAL,NYG,13,5.5,9.5,0,0,0.0,0,0.0,1,2.0,0,4,5,53.0,0,0.0
Kavontae Turpin,WR,DAL,CIN,14,3.1,4.1,0,0,0.0,0,0.0,2,15.0,0,1,4,16.0,0,0.0
Kavontae Turpin,WR,DAL,CAR,15,2.7,2.7,0,0,0.0,0,0.0,2,27.0,0,0,1,0.0,0,0.0
Kavontae Turpin,WR,DAL,TB,16,1.8,2.8,0,0,0.0,0,0.0,3,11.0,0,1,1,7.0,0,0.0
Kavontae Turpin,WR,DAL,PHI,17,3.4,4.4,0,0,0.0,0,0.0,2,18.0,0,1,4,16.0,0,0.0
Kavontae Turpin,WR,DAL,WAS,18,5.8,8.8,0,0,0.0,0,0.0,1,5.0,0,3,5,53.0,0,0.0
Kayshon Boutte,WR,NE,NYJ,3,0.2,1.2,0,0,0.0,0,0.0,0,0.0,0,1,2,2.0,0,0.0
Kayshon Boutte,WR,NE,SF,4,1.1,2.1,0,0,0.0,0,0.0,0,0.0,0,1,1,11.0,0,0.0
Kayshon Boutte,WR,NE,MIA,5,3.4,5.4,0,0,0.0,0,0.0,0,0.0,0,2,2,34.0,0,0.0
Kayshon Boutte,WR,NE,HOU,6,11.9,14.9,0,0,0.0,0,0.0,0,0.0,0,3,3,59.0,1,0.0
Kayshon Boutte,WR,NE,JAX,7,3.3,4.3,0,0,0.0,0,0.0,0,0.0,0,1,2,33.0,0,0.0
Kayshon Boutte,WR,NE,NYJ,8,4.6,7.6,0,0,0.0,0,0.0,0,0.0,0,3,6,46.0,0,0.0
Kayshon Boutte,WR,NE,TEN,9,1.8,3.8,0,0,0.0,0,0.0,0,0.0,0,2,6,18.0,0,0.0
Kayshon Boutte,WR,NE,CHI,10,4.7,8.7,0,0,0.0,0,0.0,0,0.0,0,4,6,47.0,0,0.0
Kayshon Boutte,WR,NE,LA,11,3.3,7.3,0,0,0.0,0,0.0,0,0.0,0,4,6,33.0,0,0.0
Kayshon Boutte,WR,NE,MIA,12,0.6,1.6,0,0,0.0,0,0.0,0,0.0,0,1,4,6.0,0,0.0
Kayshon Boutte,WR,NE,IND,13,6.1,9.1,0,0,0.0,0,0.0,0,0.0,0,3,6,41.0,0,0.0
Kayshon Boutte,WR,NE,ARI,15,1.9,3.9,0,0,0.0,0,0.0,0,0.0,0,2,5,19.0,0,0.0
Kayshon Boutte,WR,NE,BUF,16,15.5,20.5,0,0,0.0,0,0.0,0,0.0,0,5,7,95.0,1,0.0
Kayshon Boutte,WR,NE,LAC,17,2.8,6.8,0,0,0.0,0,0.0,0,0.0,0,4,5,28.0,0,0.0
Kayshon Boutte,WR,NE,BUF,18,17.7,24.7,0,0,0.0,0,0.0,0,0.0,0,7,7,117.0,1,0.0
Ke'Shawn Vaughn,RB,SF,CHI,14,0.4,0.4,0,0,0.0,0,0.0,2,4.0,0,0,0,0.0,0,0.0
Keaton Mitchell,RB,BAL,HOU,17,4.8,5.8,0,0,0.0,0,0.0,11,20.0,0,1,1,28.0,0,0.0
Keaton Mitchell,RB,BAL,CLE,18,1.0,1.0,0,0,0.0,0,0.0,4,10.0,0,0,0,0.0,0,0.0
Keenan Allen,WR,CHI,TEN,1,2.9,6.9,0,0,0.0,0,0.0,0,0.0,0,4,11,29.0,0,0.0
Keenan Allen,WR,CHI,LA,4,1.9,4.9,0,0,0.0,0,0.0,0,0.0,0,3,3,19.0,0,0.0
Keenan Allen,WR,CHI,CAR,5,3.3,6.3,0,0,0.0,0,0.0,0,0.0,0,3,6,33.0,0,0.0
Keenan Allen,WR,CHI,JAX,6,16.1,21.1,0,0,0.0,0,0.0,0,0.0,0,5,5,41.0,2,0.0
Keenan Allen,WR,CHI,WAS,8,3.9,5.9,0,0,0.0,0,0.0,0,0.0,0,2,7,39.0,0,0.0
Keenan Allen,WR,CHI,ARI,9,3.6,7.6,0,0,0.0,0,0.0,0,0.0,0,4,10,36.0,0,0.0
Keenan Allen,WR,CHI,NE,10,4.4,9.4,0,0,0.0,0,0.0,0,0.0,0,5,6,44.0,0,0.0
Keenan Allen,WR,CHI,GB,11,4.1,8.1,0,0,0.0,0,0.0,0,0.0,0,4,8,41.0,0,0.0
Keenan Allen,WR,CHI,MIN,12,14.6,23.6,0,0,0.0,0,0.0,0,0.0,0,9,15,86.0,1,0.0
Keenan Allen,WR,CHI,DET,13,19.3,24.3,0,0,0.0,0,0.0,0,0.0,0,5,8,73.0,2,0.0
Keenan Allen,WR,CHI,SF,14,3.0,6.0,0,0,0.0,0,0.0,0,0.0,0,3,5,30.0,0,0.0
Keenan Allen,WR,CHI,MIN,15,14.2,20.2,0,0,0.0,0,0.0,0,0.0,0,6,13,82.0,1,0.0
Keenan Allen,WR,CHI,DET,16,20.1,29.1,0,0,0.0,0,0.0,0,0.0,0,9,13,141.0,1,0.0
Keenan Allen,WR,CHI,SEA,17,2.5,7.5,0,0,0.0,0,0.0,0,0.0,0,5,8,25.0,0,0.0
Keenan Allen,WR,CHI,GB,18,0.5,3.5,0,1,0.0,0,1.0,0,0.0,0,3,3,25.0,0,0.0
Kendre Miller,RB,NO,DEN,7,3.7,5.7,0,0,0.0,0,0.0,6,36.0,0,2,3,1.0,0,0.0
Kendre Miller,RB,NO,LAC,8,1.6,1.6,0,0,0.0,0,0.0,3,16.0,0,0,0,0.0,0,0.0
Kendre Miller,RB,NO,NYG,14,9.2,9.2,0,0,0.0,0,0.0,10,32.0,1,0,1,0.0,0,0.0
Kendre Miller,RB,NO,WAS,15,4.6,4.6,0,0,0.0,0,0.0,9,46.0,0,0,1,0.0,0,0.0
Kendre Miller,RB,NO,GB,16,3.1,5.1,0,0,0.0,0,0.0,8,15.0,0,2,2,16.0,0,0.0
Kendre Miller,RB,NO,LV,17,1.9,2.9,0,0,0.0,0,0.0,3,3.0,0,1,1,16.0,0,0.0
Kendric Pryor,WR,CIN,LV,9,0.9,1.9,0,0,0.0,0,0.0,0,0.0,0,1,1,9.0,0,0.0
Kendrick Bourne,WR,NE,MIA,5,0.6,1.6,0,0,0.0,0,0.0,0,0.0,0,1,1,6.0,0,0.0
Kendrick Bourne,WR,NE,HOU,6,0.9,2.9,0,0,0.0,0,0.0,0,0.0,0,2,2,9.0,0,0.0
Kendrick Bourne,WR,NE,JAX,7,1.4,2.4,0,0,0.0,0,0.0,0,0.0,0,1,2,14.0,0,0.0
Kendrick Bourne,WR,NE,NYJ,8,0.0,0.0,0,0,0.0,0,0.0,0,0.0,0,0,3,0.0,0,0.0
Kendrick Bourne,WR,NE,TEN,9,4.1,8.1,0,0,0.0,0,0.0,0,0.0,0,4,6,41.0,0,0.0
Kendrick Bourne,WR,NE,LA,11,13.0,18.0,0,0,0.0,0,0.0,0,0.0,0,5,5,70.0,1,0.0
Kendrick Bourne,WR,NE,MIA,12,3.0,6.0,0,1,0.0,0,0.0,0,0.0,0,3,5,30.0,0,0.0
Kendrick Bourne,WR,NE,IND,13,4.5,7.5,0,0,0.0,0,0.0,1,6.0,0,3,3,39.0,0,0.0
Kendrick Bourne,WR,NE,ARI,15,4.4,7.4,0,0,0.0,0,0.0,0,0.0,0,3,3,44.0,0,0.0
Kendrick Bourne,WR,NE,BUF,16,1.8,3.8,0,0,0.0,0,0.0,0,0.0,0,2,2,18.0,0,0.0
Kendrick Bourne,WR,NE,LAC,17,2.2,4.2,0,0,0.0,0,0.0,0,0.0,0,2,4,22.0,0,0.0
Kendrick Bourne,WR,NE,BUF,18,1.2,3.2,0,0,0.0,0,0.0,0,0.0,0,2,2,12.0,0,0.0
Kene Nwangwu,RB,NYJ,SEA,13,6.0,6.0,0,0,0.0,0,0.0,0,0.0,0,0,0,0.0,0,0.0
Kenneth Gainwell,RB,PHI,GB,1,1.2,2.2,0,0,0.0,0,0.0,1,2.0,0,1,1,10.0,0,0.0
Kenneth Gainwell,RB,PHI,ATL,2,0.6,0.6,0,0,0.0,0,0.0,2,6.0,0,0,0,0.0,0,0.0
Kenneth Gainwell,RB,PHI,NO,3,1.2,3.2,0,0,0.0,0,0.0,0,0.0,0,2,3,12.0,0,0.0
Kenneth Gainwell,RB,PHI,TB,4,0.9,0.9,0,0,0.0,0,0.0,2,9.0,0,0,1,0.0,0,0.0
Kenneth Gainwell,RB,PHI,CLE,6,2.3,2.3,0,0,0.0,0,0.0,3,23.0,0,0,1,0.0,0,0.0
Kenneth Gainwell,RB,PHI,NYG,7,6.7,7.7,0,0,0.0,0,0.0,13,56.0,0,1,1,11.0,0,0.0
Kenneth Gainwell,RB,PHI,CIN,8,1.9,1.9,0,0,0.0,0,0.0,5,19.0,0,0,1,0.0,0,0.0
Kenneth Gainwell,RB,PHI,JAX,9,1.0,2.0,0,0,0.0,0,0.0,5,9.0,0,1,1,1.0,0,0.0
Kenneth Gainwell,RB,PHI,DAL,10,3.9,4.9,0,0,0.0,0,0.0,7,30.0,0,1,1,9.0,0,0.0
Kenneth Gainwell,RB,PHI,WAS,11,4.9,5.9,0,0,0.0,0,0.0,4,43.0,0,1,1,6.0,0,0.0
Kenneth Gainwell,RB,PHI,LA,12,8.2,8.2,0,0,0.0,0,0.0,5,22.0,1,0,0,0.0,0,0.0
Kenneth Gainwell,RB,PHI,CAR,14,3.3,5.3,0,0,0.0,0,0.0,3,26.0,0,2,2,7.0,0,0.0
Kenneth Gainwell,RB,PHI,PIT,15,6.0,9.0,0,0,0.0,0,0.0,7,20.0,0,3,3,40.0,0,0.0
Kenneth Gainwell,RB,PHI,WAS,16,1.3,2.3,0,0,0.0,0,0.0,4,7.0,0,1,1,6.0,0,0.0
Kenneth Gainwell,RB,PHI,DAL,17,0.9,1.9,0,0,0.0,0,0.0,3,4.0,0,1,1,5.0,0,0.0
Kenneth Gainwell,RB,PHI,NYG,18,2.3,4.3,0,0,0.0,0,0.0,11,14.0,0,2,4,9.0,0,0.0
Kenneth Walker,RB,SEA,DEN,1,16.9,18.9,0,0,0.0,0,0.0,20,103.0,1,2,3,6.0,0,0.0
Kenneth Walker,RB,SEA,DET,4,29.6,33.6,0,0,0.0,0,0.0,12,80.0,3,4,5,36.0,0,0.0
Kenneth Walker,RB,SEA,NYG,5,7.6,14.6,0,0,0.0,0,0.0,5,19.0,0,7,8,57.0,0,0.0
Kenneth Walker,RB,SEA,SF,6,12.9,20.9,0,0,0.0,0,0.0,14,32.0,1,8,8,37.0,0,0.0
Kenneth Walker,RB,SEA,ATL,7,21.3,23.3,0,0,0.0,0,0.0,14,69.0,1,2,2,24.0,1,0.0
Kenneth Walker,RB,SEA,BUF,8,4.5,8.5,0,0,0.0,0,0.0,9,12.0,0,4,5,33.0,0,0.0
Kenneth Walker,RB,SEA,LA,9,10.7,13.7,0,0,0.0,0,0.0,25,83.0,0,3,3,24.0,0,0.0
Kenneth Walker,RB,SEA,SF,11,11.9,13.9,0,0,0.0,0,0.0,14,54.0,1,2,2,5.0,0,0.0
Kenneth Walker,RB,SEA,ARI,12,9.3,13.3,0,0,0.0,0,0.0,16,41.0,0,4,6,52.0,0,0.0
Kenneth Walker,RB,SEA,NYJ,13,4.6,6.6,0,0,0.0,0,0.0,16,49.0,0,2,3,-3.0,0,0.0
Kenneth Walker,RB,SEA,MIN,16,5.9,13.9,0,0,0.0,0,0.0,8,31.0,0,8,8,28.0,0,0.0
Kenny McIntosh,RB,SEA,MIA,3,1.1,1.1,0,0,0.0,0,0.0,3,11.0,0,0,0,0.0,0,0.0
Kenny McIntosh,RB,SEA,ATL,7,0.5,0.5,0,0,0.0,0,0.0,1,5.0,0,0,0,0.0,0,0.0
Kenny McIntosh,RB,SEA,ARI,14,4.5,6.5,0,0,0.0,0,0.0,7,38.0,0,2,2,7.0,0,0.0
Kenny McIntosh,RB,SEA,GB,15,0.9,0.9,0,0,0.0,0,0.0,3,9.0,0,0,0,0.0,0,0.0
Kenny McIntosh,RB,SEA,MIN,16,2.9,3.9,0,0,0.0,0,0.0,3,14.0,0,1,1,15.0,0,0.0
Kenny McIntosh,RB,SEA,CHI,17,4.6,4.6,0,0,0.0,0,0.0,7,46.0,0,0,0,0.0,0,0.0
Kenny McIntosh,RB,SEA,LA,18,4.9,4.9,0,0,0.0,0,0.0,7,49.0,0,0,1,0.0,0,0.0
Kenny Pickett,QB,PHI,NYG,7,0.0,0.0,0,1,0.0,0,0.0,0,0.0,0,0,0,0.0,0,1.0
Kenny Pickett,QB,PHI,DAL,10,0.3,0.3,1,2,5.0,0,0.0,1,1.0,0,0,0,0.0,0,0.0
Kenny Pickett,QB,PHI,LA,12,-0.2,-0.2,0,0,0.0,0,0.0,2,-2.0,0,0,0,0.0,0,0.0
Kenny Pickett,QB,PHI,WAS,16,9.02,9.02,14,24,143.0,1,1.0,3,13.0,0,0,0,0.0,0,3.0
Kenny Pickett,QB,PHI,DAL,17,16.02,16.02,10,15,143.0,1,0.0,3,3.0,1,0,0,0.0,0,0.0
Kenny Yeboah,TE,NYJ,HOU,9,1.2,2.2,0,0,0.0,0,0.0,0,0.0,0,1,1,12.0,0,0.0
Kenny Yeboah,TE,NYJ,ARI,10,0.4,1.4,0,0,0.0,0,0.0,0,0.0,0,1,1,4.0,0,0.0
Kenny Yeboah,TE,NYJ,IND,11,7.1,8.1,0,0,0.0,0,0.0,0,0.0,0,1,1,11.0,1,0.0
Kenny Yeboah,TE,NYJ,LA,16,0.0,0.0,0,0,0.0,0,0.0,0,0.0,0,0,1,0.0,0,0.0
Kenny Yeboah,TE,NYJ,BUF,17,0.0,0.0,0,0,0.0,0,0.0,0,0.0,0,0,2,0.0,0,0.0
Kenny Yeboah,TE,NYJ,MIA,18,2.0,4.0,0,0,0.0,0,0.0,0,0.0,0,2,2,20.0,0,0.0
Keon Coleman,WR,BUF,ARI,1,5.1,9.1,0,0,0.0,0,0.0,0,0.0,0,4,5,51.0,0,0.0
Keon Coleman,WR,BUF,MIA,2,0.0,0.0,0,0,0.0,0,0.0,0,0.0,0,0,1,0.0,0,0.0
Keon Coleman,WR,BUF,JAX,3,8.4,9.4,0,0,0.0,0,0.0,0,0.0,0,1,1,24.0,1,0.0
Keon Coleman,WR,BUF,BAL,4,5.1,8.1,0,0,0.0,0,0.0,0,0.0,0,3,4,51.0,0,0.0
Keon Coleman,WR,BUF,HOU,5,10.9,11.9,0,0,0.0,0,0.0,0,0.0,0,1,5,49.0,1,0.0
Keon Coleman,WR,BUF,NYJ,6,2.6,5.6,0,0,0.0,0,0.0,0,0.0,0,3,4,26.0,0,0.0
Keon Coleman,WR,BUF,TEN,7,12.5,16.5,0,0,0.0,0,0.0,0,0.0,0,4,7,125.0,0,0.0
Keon Coleman,WR,BUF,SEA,8,13.0,18.0,0,0,0.0,0,0.0,0,0.0,0,5,7,70.0,1,0.0
Keon Coleman,WR,BUF,MIA,9,4.1,5.1,0,0,0.0,0,0.0,0,0.0,0,1,2,21.0,0,0.0
Keon Coleman,WR,BUF,DET,15,6.4,7.4,0,0,0.0,0,0.0,0,0.0,0,1,2,64.0,0,0.0
Keon Coleman,WR,BUF,NE,16,1.7,2.7,0,0,0.0,0,0.0,0,0.0,0,1,2,17.0,0,0.0
Keon Coleman,WR,BUF,NYJ,17,8.7,11.7,0,0,0.0,0,0.0,0,0.0,0,3,7,27.0,1,0.0
Keon Coleman,WR,BUF,NE,18,4.0,6.0,0,0,0.0,0,0.0,1,9.0,0,2,10,31.0,0,0.0
Kevin Austin,WR,NO,ATL,10,3.6,5.6,0,0,0.0,0,0.0,0,0.0,0,2,2,36.0,0,0.0
Kevin Austin,WR,NO,CLE,11,1.8,2.8,0,0,0.0,0,0.0,0,0.0,0,1,2,18.0,0,0.0
Kevin Austin,WR,NO,LA,13,4.0,7.0,0,0,0.0,0,0.0,1,9.0,0,3,3,31.0,0,0.0
Kevin Austin,WR,NO,NYG,14,0.5,1.5,0,0,0.0,0,0.0,0,0.0,0,1,5,5.0,0,0.0
Kevin Austin,WR,NO,WAS,15,0.8,1.8,0,0,0.0,0,0.0,0,0.0,0,1,3,8.0,0,0.0
Kevin Austin,WR,NO,GB,16,1.7,2.7,0,0,0.0,0,0.0,0,0.0,0,1,4,17.0,0,0.0
Kevin Austin,WR,NO,LV,17,2.3,3.3,0,0,0.0,0,0.0,0,0.0,0,1,2,23.0,0,0.0
Kevin Austin,WR,NO,TB,18,1.3,2.3,0,0,0.0,0,0.0,0,0.0,0,1,1,13.0,0,0.0
KhaDarel Hodge,WR,ATL,NO,4,6.0,6.0,0,0,0.0,0,0.0,0,0.0,0,0,0,0.0,0,0.0
KhaDarel Hodge,WR,ATL,TB,5,12.7,14.7,0,0,0.0,0,0.0,0,0.0,0,2,2,67.0,1,0.0
KhaDarel Hodge,WR,ATL,DAL,9,0.9,1.9,0,0,0.0,0,0.0,0,0.0,0,1,2,9.0,0,0.0
KhaDarel Hodge,WR,ATL,DEN,11,2.2,4.2,0,0,0.0,0,0.0,0,0.0,0,2,2,22.0,0,0.0
KhaDarel Hodge,WR,ATL,WAS,17,0.9,1.9,0,0,0.0,0,0.0,0,0.0,0,1,4,9.0,0,0.0
KhaDarel Hodge,WR,ATL,CAR,18,2.4,3.4,0,0,0.0,0,0.0,0,0.0,0,1,2,24.0,0,0.0
Khalil Herbert,RB,CHI,TEN,1,0.4,0.4,0,0,0.0,0,0.0,2,4.0,0,0,0,0.0,0,0.0
Khalil Herbert,RB,CHI,HOU,2,6.7,8.7,0,0,0.0,0,0.0,2,3.0,1,2,2,4.0,0,0.0
Khalil Herbert,RB,CHI,IND,3,0.9,0.9,0,0,0.0,0,0.0,4,9.0,0,0,0,0.0,0,0.0
Khalil Herbert,RB,CIN,PIT,13,1.4,1.4,0,0,0.0,0,0.0,1,14.0,0,0,0,0.0,0,0.0
Khalil Herbert,RB,CIN,DAL,14,1.1,2.1,0,0,0.0,0,0.0,2,4.0,0,1,1,7.0,0,0.0
Khalil Herbert,RB,CIN,TEN,15,0.4,0.4,0,0,0.0,0,0.0,1,4.0,0,0,0,0.0,0,0.0
Khalil Herbert,RB,CIN,DEN,17,2.3,2.3,0,0,0.0,0,0.0,4,23.0,0,0,0,0.0,0,0.0
Khalil Herbert,RB,CIN,PIT,18,8.3,15.3,0,0,0.0,0,0.0,20,69.0,0,7,8,14.0,0,0.0
Khalil Shakir,WR,BUF,ARI,1,10.2,13.2,0,0,0.0,0,0.0,0,0.0,0,3,3,42.0,1,0.0
Khalil Shakir,WR,BUF,MIA,2,5.6,10.6,0,0,0.0,0,0.0,1,2.0,0,5,5,54.0,0,0.0
Khalil Shakir,WR,BUF,JAX,3,13.2,19.2,0,0,0.0,0,0.0,0,0.0,0,6,6,72.0,1,0.0
Khalil Shakir,WR,BUF,BAL,4,6.2,10.2,0,0,0.0,0,0.0,0,0.0,0,4,5,62.0,0,0.0
Khalil Shakir,WR,BUF,NYJ,6,1.9,3.9,0,0,0.0,0,0.0,0,0.0,0,2,2,19.0,0,0.0
Khalil Shakir,WR,BUF,TEN,7,6.5,13.5,0,0,0.0,0,0.0,0,0.0,0,7,7,65.0,0,0.0
Khalil Shakir,WR,BUF,SEA,8,10.9,19.9,0,0,0.0,0,0.0,1,2.0,0,9,10,107.0,0,0.0
Khalil Shakir,WR,BUF,MIA,9,5.0,11.0,0,0,0.0,0,0.0,0,0.0,0,6,7,50.0,0,0.0
Khalil Shakir,WR,BUF,IND,10,5.8,11.8,0,0,0.0,0,0.0,0,0.0,0,6,9,58.0,0,0.0
Khalil Shakir,WR,BUF,KC,11,7.0,15.0,0,0,0.0,0,0.0,0,0.0,0,8,12,70.0,0,0.0
Khalil Shakir,WR,BUF,SF,13,3.0,7.0,0,0,0.0,0,0.0,0,0.0,0,4,7,30.0,0,0.0
Khalil Shakir,WR,BUF,LA,14,16.6,21.6,0,0,0.0,0,0.0,0,0.0,0,5,8,106.0,1,0.0
Khalil Shakir,WR,BUF,DET,15,9.9,15.9,0,0,0.0,0,0.0,0,0.0,0,6,7,39.0,1,0.0
Khalil Shakir,WR,BUF,NE,16,2.2,4.2,0,0,0.0,0,0.0,0,0.0,0,2,6,22.0,0,0.0
Khalil Shakir,WR,BUF,NYJ,17,2.5,5.5,0,0,0.0,0,0.0,0,0.0,0,3,6,25.0,0,0.0
Kimani Vidal,RB,LAC,DEN,6,11.1,13.1,0,0,0.0,0,0.0,4,11.0,0,2,2,40.0,1,0.0
Kimani Vidal,RB,LAC,ARI,7,1.9,2.9,0,0,0.0,0,0.0,3,10.0,0,1,1,9.0,0,0.0
Kimani Vidal,RB,LAC,NO,8,1.6,1.6,0,0,0.0,0,0.0,6,16.0,0,0,0,0.0,0,0.0
Kimani Vidal,RB,LAC,CLE,9,0.7,0.7,0,0,0.0,0,0.0,5,7.0,0,0,0,0.0,0,0.0
Kimani Vidal,RB,LAC,ATL,13,2.0,2.0,0,0,0.0,0,0.0,4,20.0,0,0,0,0.0,0,0.0
Kimani Vidal,RB,LAC,KC,14,3.4,3.4,0,0,0.0,0,0.0,8,34.0,0,0,1,0.0,0,0.0
Kimani Vidal,RB,LAC,TB,15,2.2,4.2,0,0,0.0,0,0.0,3,9.0,0,2,3,13.0,0,0.0
Kimani Vidal,RB,LAC,DEN,16,2.4,2.4,0,0,0.0,0,0.0,5,24.0,0,0,0,0.0,0,0.0
Kimani Vidal,RB,LAC,NE,17,2.4,2.4,0,0,0.0,0,0.0,5,24.0,0,0,2,0.0,0,0.0
Kirk Cousins,QB,ATL,PIT,1,6.2,6.2,16,26,155.0,1,2.0,1,0.0,0,0,0,0.0,0,2.0
Kirk Cousins,QB,ATL,PHI,2,17.54,17.54,20,29,241.0,2,0.0,4,-1.0,0,0,0,0.0,0,1.0
Kirk Cousins,QB,ATL,KC,3,11.1,11.1,20,29,230.0,1,1.0,1,-1.0,0,0,0,0.0,0,2.0
Kirk Cousins,QB,ATL,NO,4,7.52,7.52,21,35,238.0,0,1.0,0,0.0,0,0,0,0.0,0,1.0
Kirk Cousins,QB,ATL,TB,5,34.36,34.36,42,58,509.0,4,1.0,0,0.0,0,0,0,0.0,0,4.0
Kirk Cousins,QB,ATL,CAR,6,12.5,12.5,19,30,225.0,1,0.0,4,-5.0,0,0,0,0.0,0,0.0
Kirk Cousins,QB,ATL,SEA,7,7.18,7.18,24,35,232.0,1,2.0,1,-1.0,0,0,0,0.0,0,3.0
Kirk Cousins,QB,ATL,TB,8,28.64,28.64,23,29,276.0,4,0.0,3,16.0,0,0,0,0.0,0,2.0
Kirk Cousins,QB,ATL,DAL,9,17.78,17.78,19,24,222.0,3,0.0,4,-11.0,0,0,0,0.0,0,2.0
Kirk Cousins,QB,ATL,NO,10,10.24,10.24,23,38,306.0,0,1.0,0,0.0,0,0,0,0.0,0,3.0
Kirk Cousins,QB,ATL,DEN,11,4.92,4.92,18,27,173.0,0,1.0,1,0.0,0,0,0,0.0,0,3.0
Kirk Cousins,QB,ATL,LAC,13,2.1,2.1,24,39,245.0,0,4.0,1,3.0,0,0,0,0.0,0,1.0
Kirk Cousins,QB,ATL,MIN,14,9.76,9.76,23,37,344.0,0,2.0,0,0.0,0,0,0,0.0,0,1.0
Kirk Cousins,QB,ATL,LV,15,6.48,6.48,11,17,112.0,1,1.0,3,0.0,0,0,0,0.0,0,3.0
Kristian Wilkerson,WR,LV,PIT,6,7.8,9.8,0,0,0.0,0,0.0,0,0.0,0,2,3,18.0,1,0.0
Kyle Allen,QB,PIT,DAL,5,0.76,0.76,1,1,19.0,0,0.0,0,0.0,0,0,0,0.0,0,0.0
Kyle Juszczyk,FB,SF,NYJ,1,4.0,6.0,0,0,0.0,0,0.0,0,0.0,0,2,3,40.0,0,0.0
Kyle Juszczyk,FB,SF,MIN,2,1.9,4.9,0,0,0.0,0,0.0,0,0.0,0,3,5,19.0,0,0.0
Kyle Juszczyk,FB,SF,LA,3,0.6,1.6,0,0,0.0,0,0.0,0,0.0,0,1,1,6.0,0,0.0
Kyle Juszczyk,FB,SF,NE,4,1.2,2.2,0,0,0.0,0,0.0,0,0.0,0,1,1,12.0,0,0.0
Kyle Juszczyk,FB,SF,SEA,6,7.6,10.6,0,0,0.0,0,0.0,1,6.0,1,3,4,10.0,0,0.0
Kyle Juszczyk,FB,SF,KC,7,1.4,1.4,0,0,0.0,0,0.0,1,14.0,0,0,3,0.0,0,0.0
Kyle Juszczyk,FB,SF,DAL,8,0.7,1.7,0,0,0.0,0,0.0,1,1.0,0,1,1,6.0,0,0.0
Kyle Juszczyk,FB,SF,SEA,11,1.2,3.2,0,0,0.0,0,0.0,0,0.0,0,2,2,12.0,0,0.0
Kyle Juszczyk,FB,SF,GB,12,1.4,2.4,0,0,0.0,0,0.0,0,0.0,0,1,1,14.0,0,0.0
Kyle Juszczyk,FB,SF,BUF,13,-2.1,-2.1,0,0,0.0,0,0.0,1,-1.0,0,0,0,0.0,0,0.0
Kyle Juszczyk,FB,SF,CHI,14,0.3,1.3,0,0,0.0,0,0.0,0,0.0,0,1,2,3.0,0,0.0
Kyle Juszczyk,FB,SF,MIA,16,2.6,3.6,0,0,0.0,0,0.0,1,6.0,0,1,3,20.0,0,0.0
Kyle Juszczyk,FB,SF,DET,17,6.9,7.9,0,0,0.0,0,0.0,0,0.0,0,1,2,9.0,1,0.0
Kyle Juszczyk,FB,SF,ARI,18,10.9,12.9,0,0,0.0,0,0.0,0,0.0,0,2,3,49.0,1,0.0
Kyle Pitts,TE,ATL,PIT,1,8.6,11.6,0,0,0.0,0,0.0,0,0.0,0,3,3,26.0,1,0.0
Kyle Pitts,TE,ATL,PHI,2,2.0,5.0,0,0,0.0,0,0.0,0,0.0,0,3,4,20.0,0,0.0
Kyle Pitts,TE,ATL,KC,3,5.9,7.9,0,0,0.0,0,0.0,0,0.0,0,2,5,59.0,0,0.0
Kyle Pitts,TE,ATL,NO,4,0.0,0.0,0,0,0.0,0,0.0,0,0.0,0,0,3,0.0,0,0.0
Kyle Pitts,TE,ATL,TB,5,8.8,15.8,0,0,0.0,0,0.0,0,0.0,0,7,8,88.0,0,0.0
Kyle Pitts,TE,ATL,CAR,6,7.0,10.0,0,0,0.0,0,0.0,0,0.0,0,3,5,70.0,0,0.0
Kyle Pitts,TE,ATL,SEA,7,6.5,13.5,0,0,0.0,0,0.0,0,0.0,0,7,9,65.0,0,0.0
Kyle Pitts,TE,ATL,TB,8,21.1,25.1,0,0,0.0,0,0.0,0,0.0,0,4,5,91.0,2,0.0
Kyle Pitts,TE,ATL,DAL,9,1.1,2.1,0,0,0.0,0,0.0,0,0.0,0,1,1,11.0,0,0.0
Kyle Pitts,TE,ATL,NO,10,5.5,9.5,0,0,0.0,0,0.0,0,0.0,0,4,6,55.0,0,0.0
Kyle Pitts,TE,ATL,DEN,11,0.9,1.9,0,0,0.0,0,0.0,0,0.0,0,1,3,9.0,0,0.0
Kyle Pitts,TE,ATL,LAC,13,0.0,0.0,0,0,0.0,0,0.0,0,0.0,0,0,2,0.0,0,0.0
Kyle Pitts,TE,ATL,MIN,14,1.4,2.4,0,0,0.0,0,0.0,0,0.0,0,1,6,14.0,0,0.0
Kyle Pitts,TE,ATL,LV,15,2.8,6.8,0,0,0.0,0,0.0,0,0.0,0,4,4,28.0,0,0.0
Kyle Pitts,TE,ATL,NYG,16,0.7,1.7,0,0,0.0,0,0.0,0,0.0,0,1,2,7.0,0,0.0
Kyle Pitts,TE,ATL,WAS,17,10.4,14.4,0,0,0.0,0,0.0,0,0.0,0,4,5,44.0,1,0.0
Kyle Pitts,TE,ATL,CAR,18,1.5,3.5,0,0,0.0,0,0.0,0,0.0,0,2,3,15.0,0,0.0
Kyle Trask,QB,TB,WAS,1,-0.2,-0.2,0,0,0.0,0,0.0,2,-2.0,0,0,0,0.0,0,0.0
Kyle Trask,QB,TB,CAR,13,0.2,0.2,1,1,5.0,0,0.0,0,0.0,0,0,0,0.0,0,0.0
Kyle Trask,QB,TB,CAR,17,-0.2,-0.2,0,0,0.0,0,0.0,3,-2.0,0,0,0,0.0,0,0.0
Kylen Granson,TE,IND,HOU,1,0.0,0.0,0,0,0.0,0,0.0,0,0.0,0,0,1,0.0,0,0.0
Kylen Granson,TE,IND,GB,2,0.9,1.9,0,0,0.0,0,0.0,0,0.0,0,1,2,9.0,0,0.0
Kylen Granson,TE,IND,CHI,3,4.0,5.0,0,0,0.0,0,0.0,0,0.0,0,1,1,40.0,0,0.0
Kylen Granson,TE,IND,TEN,6,0.0,0.0,0,0,0.0,0,0.0,0,0.0,0,0,1,0.0,0,0.0
Kylen Granson,TE,IND,MIA,7,0.0,0.0,0,0,0.0,0,0.0,0,0.0,0,0,2,0.0,0,0.0
Kylen Granson,TE,IND,HOU,8,0.4,1.4,0,0,0.0,0,0.0,0,0.0,0,1,2,4.0,0,0.0
Kylen Granson,TE,IND,MIN,9,2.2,3.2,0,0,0.0,0,0.0,0,0.0,0,1,1,22.0,0,0.0
Kylen Granson,TE,IND,BUF,10,1.5,3.5,0,0,0.0,0,0.0,0,0.0,0,2,2,15.0,0,0.0
Kylen Granson,TE,IND,NYJ,11,0.4,1.4,0,0,0.0,0,0.0,0,0.0,0,1,2,4.0,0,0.0
Kylen Granson,TE,IND,DET,12,0.0,0.0,0,0,0.0,0,0.0,0,0.0,0,0,2,0.0,0,0.0
Kylen Granson,TE,IND,NE,13,0.0,0.0,0,0,0.0,0,0.0,0,0.0,0,0,3,0.0,0,0.0
Kylen Granson,TE,IND,DEN,15,4.7,7.7,0,0,0.0,0,0.0,0,0.0,0,3,4,47.0,0,0.0
Kylen Granson,TE,IND,NYG,17,3.4,6.4,0,0,0.0,0,0.0,0,0.0,0,3,4,34.0,0,0.0
Kylen Granson,TE,IND,JAX,18,0.7,1.7,0,0,0.0,0,0.0,0,0.0,0,1,4,7.0,0,0.0
Kyler Murray,QB,ARI,BUF,1,14.18,14.18,21,31,162.0,1,0.0,5,57.0,0,0,0,0.0,0,4.0
Kyler Murray,QB,ARI,LA,2,28.54,28.54,17,21,266.0,3,0.0,5,59.0,0,0,0,0.0,0,1.0
Kyler Murray,QB,ARI,DET,3,14.78,14.78,21,34,207.0,1,1.0,5,45.0,0,0,0,0.0,0,1.0
Kyler Murray,QB,ARI,WAS,4,9.98,9.98,16,22,142.0,1,0.0,1,3.0,0,0,0,0.0,0,4.0
Kyler Murray,QB,ARI,SF,5,24.1,24.1,19,30,195.0,1,1.0,7,83.0,1,0,0,0.0,0,1.0
Kyler Murray,QB,ARI,GB,6,11.96,11.96,22,32,214.0,1,0.0,7,14.0,0,0,0,0.0,0,0.0
Kyler Murray,QB,ARI,LAC,7,20.2,20.2,14,26,145.0,1,1.0,6,64.0,1,0,0,0.0,0,0.0
Kyler Murray,QB,ARI,MIA,8,22.18,22.18,26,36,307.0,2,0.0,5,19.0,0,0,0,0.0,0,0.0
Kyler Murray,QB,ARI,CHI,9,4.76,4.76,13,20,154.0,0,0.0,2,6.0,0,0,0,0.0,0,3.0
Kyler Murray,QB,ARI,NYJ,10,28.74,28.74,22,24,266.0,1,0.0,3,21.0,2,0,0,0.0,0,1.0
Kyler Murray,QB,ARI,SEA,12,10.3,10.3,24,37,285.0,0,1.0,2,9.0,0,0,0,0.0,0,5.0
Kyler Murray,QB,ARI,MIN,13,15.2,15.2,31,45,260.0,1,2.0,7,48.0,0,0,0,0.0,0,1.0
Kyler Murray,QB,ARI,SEA,14,17.96,17.96,25,38,259.0,2,2.0,3,16.0,0,0,0,0.0,0,2.0
Kyler Murray,QB,ARI,NE,15,10.06,10.06,23,30,224.0,0,0.0,5,11.0,0,0,0,0.0,0,0.0
Kyler Murray,QB,ARI,CAR,16,20.38,20.38,20,32,202.0,1,1.0,8,63.0,1,0,0,0.0,0,3.0
Kyler Murray,QB,ARI,LA,17,16.04,16.04,33,48,321.0,1,2.0,4,32.0,0,0,0,0.0,0,4.0
Kyler Murray,QB,ARI,SF,18,27.88,27.88,25,35,242.0,4,0.0,3,22.0,0,0,0,0.0,0,0.0
Kyren Williams,RB,LA,DET,1,11.4,14.4,0,0,0.0,0,0.0,18,50.0,1,3,3,4.0,0,0.0
Kyren Williams,RB,LA,ARI,2,11.2,15.2,0,0,0.0,0,0.0,12,25.0,1,4,5,27.0,0,0.0
Kyren Williams,RB,LA,SF,3,29.6,31.6,0,0,0.0,0,0.0,24,89.0,2,2,2,27.0,1,0.0
Kyren Williams,RB,LA,CHI,4,16.4,20.4,0,0,0.0,0,0.0,19,94.0,1,4,4,10.0,0,0.0
Kyren Williams,RB,LA,GB,5,14.5,15.5,0,0,0.0,0,0.0,22,102.0,1,1,1,3.0,0,0.0
Kyren Williams,RB,LA,LV,7,19.6,19.6,0,0,0.0,0,0.0,21,76.0,2,0,0,0.0,0,0.0
Kyren Williams,RB,LA,MIN,8,17.6,22.6,0,0,0.0,0,0.0,23,97.0,0,5,7,19.0,1,0.0
Kyren Williams,RB,LA,SEA,9,9.5,10.5,0,0,0.0,0,0.0,22,69.0,0,1,3,26.0,0,0.0
Kyren Williams,RB,LA,MIA,10,6.2,11.2,0,0,0.0,0,0.0,15,62.0,0,5,6,20.0,0,0.0
Kyren Williams,RB,LA,NE,11,8.6,8.6,0,0,0.0,0,0.0,15,86.0,0,0,0,0.0,0,0.0
Kyren Williams,RB,LA,PHI,12,11.2,11.2,0,0,0.0,0,0.0,16,72.0,1,0,0,0.0,0,0.0
Kyren Williams,RB,LA,NO,13,17.3,18.3,0,0,0.0,0,0.0,15,104.0,1,1,1,9.0,0,0.0
Kyren Williams,RB,LA,BUF,14,21.7,23.7,0,0,0.0,0,0.0,29,87.0,2,2,2,10.0,0,0.0
Kyren Williams,RB,LA,SF,15,11.2,13.2,0,0,0.0,0,0.0,29,108.0,0,2,2,4.0,0,0.0
Kyren Williams,RB,LA,NYJ,16,18.9,19.9,0,0,0.0,0,0.0,23,122.0,1,1,1,7.0,0,0.0
Kyren Williams,RB,LA,ARI,17,13.2,16.2,0,0,0.0,0,0.0,13,56.0,1,3,3,16.0,0,0.0
Ladd McConkey,WR,LAC,LV,1,9.9,14.9,0,0,0.0,0,0.0,0,0.0,0,5,7,39.0,1,0.0
Ladd McConkey,WR,LAC,CAR,2,2.6,4.6,0,0,0.0,0,0.0,0,0.0,0,2,4,26.0,0,0.0
Ladd McConkey,WR,LAC,PIT,3,4.4,7.4,0,0,0.0,0,0.0,0,0.0,0,3,6,44.0,0,0.0
Ladd McConkey,WR,LAC,KC,4,12.7,17.7,0,0,0.0,0,0.0,0,0.0,0,5,7,67.0,1,0.0
Ladd McConkey,WR,LAC,DEN,6,4.3,8.3,0,0,0.0,0,0.0,0,0.0,0,4,8,43.0,0,0.0
Ladd McConkey,WR,LAC,ARI,7,4.6,9.6,0,0,0.0,0,0.0,0,0.0,0,5,7,46.0,0,0.0
Ladd McConkey,WR,LAC,NO,8,23.1,29.1,0,0,0.0,0,0.0,0,0.0,0,6,6,111.0,2,0.0
Ladd McConkey,WR,LAC,CLE,9,6.4,11.4,0,0,0.0,0,0.0,0,0.0,0,5,7,64.0,0,0.0
Ladd McConkey,WR,LAC,TEN,10,5.2,7.2,0,0,0.0,0,0.0,0,0.0,0,2,2,52.0,0,0.0
Ladd McConkey,WR,LAC,CIN,11,12.3,18.3,0,0,0.0,0,0.0,0,0.0,0,6,9,123.0,0,0.0
Ladd McConkey,WR,LAC,BAL,12,8.3,14.3,0,0,0.0,0,0.0,0,0.0,0,6,6,83.0,0,0.0
Ladd McConkey,WR,LAC,ATL,13,11.7,20.7,0,0,0.0,0,0.0,0,0.0,0,9,12,117.0,0,0.0
Ladd McConkey,WR,LAC,TB,15,11.8,16.8,0,0,0.0,0,0.0,0,0.0,0,5,7,58.0,1,0.0
Ladd McConkey,WR,LAC,DEN,16,8.7,14.7,0,0,0.0,0,0.0,0,0.0,0,6,6,87.0,0,0.0
Ladd McConkey,WR,LAC,NE,17,21.4,29.4,0,0,0.0,0,0.0,0,0.0,0,8,10,94.0,2,0.0
Ladd McConkey,WR,LAC,LV,18,11.5,16.5,0,0,0.0,0,0.0,0,0.0,0,5,8,95.0,0,0.0
Lamar Jackson,QB,BAL,KC,1,25.12,25.12,26,41,273.0,1,0.0,16,122.0,0,0,0,0.0,0,1.0
Lamar Jackson,QB,BAL,LV,2,16.38,16.38,21,34,247.0,1,1.0,5,45.0,0,0,0,0.0,0,2.0
Lamar Jackson,QB,BAL,DAL,3,25.98,25.98,12,15,182.0,1,0.0,14,87.0,1,0,0,0.0,0,0.0
Lamar Jackson,QB,BAL,BUF,4,23.64,23.64,13,18,156.0,2,0.0,6,54.0,1,0,0,0.0,0,1.0
Lamar Jackson,QB,BAL,CIN,5,33.42,33.42,26,42,348.0,4,0.0,12,55.0,0,0,0,0.0,0,1.0
Lamar Jackson,QB,BAL,WAS,6,18.92,18.92,20,26,323.0,1,1.0,11,40.0,0,0,0,0.0,0,2.0
Lamar Jackson,QB,BAL,TB,7,34.44,34.44,17,22,281.0,5,0.0,9,52.0,0,0,0,0.0,0,2.0
Lamar Jackson,QB,BAL,CLE,8,24.16,24.16,23,38,289.0,2,0.0,8,46.0,0,0,0,0.0,0,3.0
Lamar Jackson,QB,BAL,DEN,9,23.6,23.6,16,19,280.0,3,0.0,3,4.0,0,0,0,0.0,0,1.0
Lamar Jackson,QB,BAL,CIN,10,32.9,32.9,25,33,290.0,4,0.0,7,33.0,0,0,0,0.0,0,0.0
Lamar Jackson,QB,BAL,PIT,11,14.88,14.88,16,33,207.0,1,1.0,4,46.0,0,0,0,0.0,0,2.0
Lamar Jackson,QB,BAL,LAC,12,22.58,22.58,16,22,177.0,2,0.0,8,15.0,1,0,0,0.0,0,1.0
Lamar Jackson,QB,BAL,PHI,13,25.38,25.38,23,36,237.0,2,0.0,8,79.0,0,0,0,0.0,0,3.0
Lamar Jackson,QB,BAL,NYG,15,36.1,36.1,21,25,290.0,5,0.0,6,65.0,0,0,0,0.0,0,2.0
Lamar Jackson,QB,BAL,PIT,16,20.48,20.48,15,23,207.0,3,1.0,9,22.0,0,0,0,0.0,0,1.0
Lamar Jackson,QB,BAL,HOU,17,29.42,29.42,10,15,168.0,2,0.0,4,87.0,1,0,0,0.0,0,1.0
Lamar Jackson,QB,BAL,CLE,18,22.98,22.98,16,32,217.0,2,0.0,9,63.0,0,0,0,0.0,0,0.0
Laviska Shenault Jr.,WR,SEA,DEN,1,0.1,1.1,0,0,0.0,0,0.0,1,1.0,0,1,1,0.0,0,0.0
Laviska Shenault Jr.,WR,SEA,NE,2,0.6,1.6,0,0,0.0,0,0.0,0,0.0,0,1,1,6.0,0,0.0
Laviska Shenault Jr.,WR,SEA,MIA,3,0.2,1.2,0,0,0.0,0,0.0,0,0.0,0,1,1,2.0,0,0.0
Laviska Shenault Jr.,WR,SEA,DET,4,1.8,2.8,0,0,0.0,0,0.0,0,0.0,0,1,1,18.0,0,0.0
Laviska Shenault Jr.,WR,SEA,SF,6,6.0,6.0,0,0,0.0,0,0.0,0,0.0,0,0,0,0.0,0,0.0
Laviska Shenault Jr.,WR,SEA,BUF,8,1.0,2.0,0,0,0.0,0,0.0,0,0.0,0,1,1,10.0,0,0.0
Lil'Jordan Humphrey,WR,DEN,SEA,1,0.0,0.0,0,0,0.0,0,0.0,0,0.0,0,0,1,0.0,0,0.0
Lil'Jordan Humphrey,WR,DEN,PIT,2,5.0,9.0,0,0,0.0,0,0.0,0,0.0,0,4,5,50.0,0,0.0
Lil'Jordan Humphrey,WR,DEN,TB,3,3.7,9.7,0,0,0.0,0,0.0,0,0.0,0,6,8,37.0,0,0.0
Lil'Jordan Humphrey,WR,DEN,NYJ,4,0.0,0.0,0,0,0.0,0,0.0,0,0.0,0,0,1,0.0,0,0.0
Lil'Jordan Humphrey,WR,DEN,LV,5,4.8,6.8,0,0,0.0,0,0.0,0,0.0,0,2,2,48.0,0,0.0
Lil'Jordan Humphrey,WR,DEN,LAC,6,0.8,1.8,0,0,0.0,0,0.0,0,0.0,0,1,1,8.0,0,0.0
Lil'Jordan Humphrey,WR,DEN,NO,7,1.2,3.2,0,0,0.0,0,0.0,0,0.0,0,2,3,12.0,0,0.0
Lil'Jordan Humphrey,WR,DEN,CAR,8,0.2,4.2,0,0,0.0,0,0.0,0,0.0,0,4,6,22.0,0,0.0
Lil'Jordan Humphrey,WR,DEN,BAL,9,1.1,3.1,0,0,0.0,0,0.0,0,0.0,0,2,5,11.0,0,0.0
Lil'Jordan Humphrey,WR,DEN,KC,10,2.3,4.3,0,0,0.0,0,0.0,0,0.0,0,2,3,23.0,0,0.0
Lil'Jordan Humphrey,WR,DEN,ATL,11,11.2,15.2,0,0,0.0,0,0.0,0,0.0,0,4,4,52.0,1,0.0
Lil'Jordan Humphrey,WR,DEN,LV,12,0.4,2.4,0,0,0.0,0,0.0,0,0.0,0,2,3,4.0,0,0.0
Lil'Jordan Humphrey,WR,DEN,IND,15,0.0,0.0,0,0,0.0,0,0.0,0,0.0,0,0,1,0.0,0,0.0
Lil'Jordan Humphrey,WR,DEN,KC,18,2.6,4.6,0,0,0.0,0,0.0,0,0.0,0,2,2,26.0,0,0.0
Lucas Krull,TE,DEN,LV,5,0.5,1.5,0,0,0.0,0,0.0,0,0.0,0,1,1,5.0,0,0.0
Lucas Krull,TE,DEN,LAC,6,1.1,3.1,0,0,0.0,0,0.0,0,0.0,0,2,4,11.0,0,0.0
Lucas Krull,TE,DEN,NO,7,4.1,7.1,0,0,0.0,0,0.0,0,0.0,0,3,4,41.0,0,0.0
Lucas Krull,TE,DEN,CAR,8,1.8,3.8,0,0,0.0,0,0.0,0,0.0,0,2,2,18.0,0,0.0
Lucas Krull,TE,DEN,BAL,9,0.0,0.0,0,0,0.0,0,0.0,0,0.0,0,0,1,0.0,0,0.0
Lucas Krull,TE,DEN,KC,10,2.1,4.1,0,0,0.0,0,0.0,0,0.0,0,2,2,21.0,0,0.0
Lucas Krull,TE,DEN,CLE,13,2.4,5.4,0,0,0.0,0,0.0,0,0.0,0,3,3,24.0,0,0.0
Lucas Krull,TE,DEN,IND,15,0.8,2.8,0,0,0.0,0,0.0,0,0.0,0,2,2,8.0,0,0.0
Lucas Krull,TE,DEN,LAC,16,2.1,5.1,0,0,0.0,0,0.0,0,0.0,0,3,3,21.0,0,0.0
Lucas Krull,TE,DEN,CIN,17,0.3,1.3,0,0,0.0,0,0.0,0,0.0,0,1,1,3.0,0,0.0
Luke Farrell,TE,JAX,CLE,2,1.3,3.3,0,0,0.0,0,0.0,0,0.0,0,2,2,13.0,0,0.0
Luke Farrell,TE,JAX,BUF,3,0.1,1.1,0,0,0.0,0,0.0,0,0.0,0,1,2,1.0,0,0.0
Luke Farrell,TE,JAX,HOU,4,0.0,0.0,0,0,0.0,0,0.0,0,0.0,0,0,1,0.0,0,0.0
Luke Farrell,TE,JAX,IND,5,1.7,3.7,0,0,0.0,0,0.0,0,0.0,0,2,2,17.0,0,0.0
Luke Farrell,TE,JAX,PHI,9,0.5,1.5,0,0,0.0,0,0.0,0,0.0,0,1,1,5.0,0,0.0
Luke Farrell,TE,JAX,MIN,10,1.6,3.6,0,0,0.0,0,0.0,0,0.0,0,2,2,16.0,0,0.0
Luke Farrell,TE,JAX,DET,11,0.3,1.3,0,0,0.0,0,0.0,0,0.0,0,1,2,3.0,0,0.0
Luke Farrell,TE,JAX,HOU,13,0.0,0.0,0,0,0.0,0,0.0,0,0.0,0,0,1,0.0,0,0.0
Luke Farrell,TE,JAX,LV,16,0.8,2.8,0,0,0.0,0,0.0,0,0.0,0,2,3,8.0,0,0.0
Luke Farrell,TE,JAX,IND,18,0.4,1.4,0,0,0.0,0,0.0,0,0.0,0,1,1,4.0,0,0.0
Luke McCaffrey,WR,WAS,TB,1,1.8,4.8,0,0,0.0,0,0.0,0,0.0,0,3,3,18.0,0,0.0
Luke McCaffrey,WR,WAS,CIN,3,4.4,7.4,0,0,0.0,0,0.0,0,0.0,0,3,3,44.0,0,0.0
Luke McCaffrey,WR,WAS,ARI,4,1.7,2.7,0,0,0.0,0,0.0,0,0.0,0,1,1,17.0,0,0.0
Luke McCaffrey,WR,WAS,CLE,5,1.9,4.9,0,0,0.0,0,0.0,0,0.0,0,3,3,19.0,0,0.0
Luke McCaffrey,WR,WAS,BAL,6,0.5,1.5,0,0,0.0,0,0.0,0,0.0,0,1,1,5.0,0,0.0
Luke McCaffrey,WR,WAS,CHI,8,0.8,1.8,0,0,0.0,0,0.0,0,0.0,0,1,2,8.0,0,0.0
Luke McCaffrey,WR,WAS,PIT,10,2.3,3.3,0,0,0.0,0,0.0,0,0.0,0,1,3,23.0,0,0.0
Luke McCaffrey,WR,WAS,PHI,11,0.0,0.0,0,0,0.0,0,0.0,0,0.0,0,0,1,0.0,0,0.0
Luke McCaffrey,WR,WAS,DAL,12,0.8,1.8,0,0,0.0,0,0.0,0,0.0,0,1,1,8.0,0,0.0
Luke McCaffrey,WR,WAS,TEN,13,1.3,3.3,0,0,0.0,0,0.0,0,0.0,0,2,2,13.0,0,0.0
Luke McCaffrey,WR,WAS,NO,15,0.0,1.0,0,0,0.0,0,0.0,0,0.0,0,1,1,0.0,0,0.0
Luke McCaffrey,WR,WAS,PHI,16,1.3,2.3,0,0,0.0,0,0.0,0,0.0,0,1,3,13.0,0,0.0
Luke Musgrave,TE,GB,PHI,1,0.0,0.0,0,0,0.0,0,0.0,0,0.0,0,0,2,0.0,0,0.0
Luke Musgrave,TE,GB,IND,2,0.6,1.6,0,0,0.0,0,0.0,0,0.0,0,1,1,6.0,0,0.0
Luke Musgrave,TE,GB,TEN,3,0.3,1.3,0,0,0.0,0,0.0,0,0.0,0,1,1,3.0,0,0.0
Luke Musgrave,TE,GB,MIN,4,1.3,4.3,0,0,0.0,0,0.0,0,0.0,0,3,3,13.0,0,0.0
Luke Musgrave,TE,GB,NO,16,0.0,0.0,0,0,0.0,0,0.0,0,0.0,0,0,1,0.0,0,0.0
Luke Musgrave,TE,GB,MIN,17,0.4,1.4,0,0,0.0,0,0.0,0,0.0,0,1,1,4.0,0,0.0
Luke Musgrave,TE,GB,CHI,18,1.9,2.9,0,0,0.0,0,0.0,0,0.0,0,1,1,19.0,0,0.0
Luke Schoonmaker,TE,DAL,NO,2,4.3,10.3,0,0,0.0,0,0.0,0,0.0,0,6,6,43.0,0,0.0
Luke Schoonmaker,TE,DAL,BAL,3,0.5,1.5,0,0,0.0,0,0.0,0,0.0,0,1,2,5.0,0,0.0
Luke Schoonmaker,TE,DAL,PIT,5,0.8,1.8,0,0,0.0,0,0.0,0,0.0,0,1,2,8.0,0,0.0
Luke Schoonmaker,TE,DAL,PHI,10,0.0,0.0,0,0,0.0,0,0.0,0,0.0,0,0,1,0.0,0,0.0
Luke Schoonmaker,TE,DAL,HOU,11,5.6,11.6,0,0,0.0,0,0.0,0,0.0,0,6,10,56.0,0,0.0
Luke Schoonmaker,TE,DAL,WAS,12,11.5,14.5,0,0,0.0,0,0.0,0,0.0,0,3,4,55.0,1,0.0
Luke Schoonmaker,TE,DAL,NYG,13,3.3,8.3,0,0,0.0,0,0.0,0,0.0,0,5,6,33.0,0,0.0
Luke Schoonmaker,TE,DAL,CIN,14,2.2,4.2,0,0,0.0,0,0.0,0,0.0,0,2,2,22.0,0,0.0
Luke Schoonmaker,TE,DAL,TB,16,0.3,1.3,0,0,0.0,0,0.0,0,0.0,0,1,1,3.0,0,0.0
Luke Schoonmaker,TE,DAL,WAS,18,1.6,3.6,0,0,0.0,0,0.0,0,0.0,0,2,2,16.0,0,0.0
Mac Jones,QB,JAX,BUF,3,-1.12,-1.12,5,8,22.0,0,0.0,0,0.0,0,0,0,0.0,0,1.0
Mac Jones,QB,JAX,CHI,6,0.24,0.24,1,1,6.0,0,0.0,0,0.0,0,0,0,0.0,0,1.0
Mac Jones,QB,JAX,MIN,10,5.24,5.24,14,22,111.0,0,2.0,5,8.0,1,0,0,0.0,0,3.0
Mac Jones,QB,JAX,DET,11,4.22,4.22,17,29,138.0,0,1.0,2,7.0,0,0,0,0.0,0,1.0
Mac Jones,QB,JAX,HOU,13,20.0,20.0,20,32,235.0,2,0.0,3,6.0,0,0,0,0.0,0,0.0
Mac Jones,QB,JAX,TEN,14,5.1,5.1,23,31,220.0,0,2.0,3,3.0,0,0,0,0.0,0,1.0
Mac Jones,QB,JAX,NYJ,15,18.66,18.66,31,46,294.0,2,2.0,4,29.0,0,0,0,0.0,0,2.0
Mac Jones,QB,JAX,LV,16,13.88,13.88,25,39,247.0,1,0.0,0,0.0,0,0,0,0.0,0,1.0
Mac Jones,QB,JAX,TEN,17,17.16,17.16,15,22,174.0,2,0.0,6,22.0,0,0,0,0.0,0,2.0
Mac Jones,QB,JAX,IND,18,12.7,12.7,20,32,225.0,1,1.0,5,17.0,0,0,0,0.0,0,2.0
Mack Hollins,WR,BUF,ARI,1,8.5,10.5,0,0,0.0,0,0.0,0,0.0,0,2,2,25.0,1,0.0
Mack Hollins,WR,BUF,MIA,2,0.0,0.0,0,0,0.0,0,0.0,0,0.0,0,0,1,0.0,0,0.0
Mack Hollins,WR,BUF,JAX,3,1.6,2.6,0,0,0.0,0,0.0,0,0.0,0,1,2,16.0,0,0.0
Mack Hollins,WR,BUF,BAL,4,0.5,1.5,0,0,0.0,0,0.0,0,0.0,0,1,6,5.0,0,0.0
Mack Hollins,WR,BUF,HOU,5,2.7,4.7,0,0,0.0,0,0.0,0,0.0,0,2,6,27.0,0,0.0
Mack Hollins,WR,BUF,NYJ,6,6.8,7.8,0,0,0.0,0,0.0,0,0.0,0,1,2,8.0,1,0.0
Mack Hollins,WR,BUF,TEN,7,0.0,0.0,0,0,0.0,0,0.0,0,0.0,0,0,1,0.0,0,0.0
Mack Hollins,WR,BUF,MIA,9,9.0,14.0,0,0,0.0,0,0.0,0,0.0,0,5,5,30.0,1,0.0
Mack Hollins,WR,BUF,IND,10,8.6,12.6,0,0,0.0,0,0.0,0,0.0,0,4,4,86.0,0,0.0
Mack Hollins,WR,BUF,KC,11,2.7,4.7,0,0,0.0,0,0.0,0,0.0,0,2,2,27.0,0,0.0
Mack Hollins,WR,BUF,SF,13,6.7,7.7,0,0,0.0,0,0.0,0,0.0,0,1,1,7.0,1,0.0
Mack Hollins,WR,BUF,LA,14,11.7,15.7,0,0,0.0,0,0.0,0,0.0,0,4,6,57.0,1,0.0
Mack Hollins,WR,BUF,DET,15,0.7,1.7,0,0,0.0,0,0.0,0,0.0,0,1,3,7.0,0,0.0
Mack Hollins,WR,BUF,NE,16,2.5,4.5,0,0,0.0,0,0.0,0,0.0,0,2,3,25.0,0,0.0
Mack Hollins,WR,BUF,NYJ,17,3.3,5.3,0,0,0.0,0,0.0,0,0.0,0,2,2,33.0,0,0.0
Mack Hollins,WR,BUF,NE,18,2.5,5.5,0,0,0.0,0,0.0,0,0.0,0,3,4,25.0,0,0.0
Malachi Corley,WR,NYJ,TEN,2,0.4,1.4,0,0,0.0,0,0.0,0,0.0,0,1,1,4.0,0,0.0
Malachi Corley,WR,NYJ,HOU,9,1.8,1.8,0,0,0.0,0,0.0,1,18.0,0,0,0,0.0,0,0.0
Malachi Corley,WR,NYJ,ARI,10,0.2,1.2,0,0,0.0,0,0.0,0,0.0,0,1,2,2.0,0,0.0
Malachi Corley,WR,NYJ,IND,11,1.0,2.0,0,0,0.0,0,0.0,0,0.0,0,1,1,10.0,0,0.0
Malachi Corley,WR,NYJ,SEA,13,0.8,0.8,0,0,0.0,0,0.0,1,8.0,0,0,2,0.0,0,0.0
Malik Heath,WR,GB,MIN,4,1.2,3.2,0,0,0.0,0,0.0,0,0.0,0,2,2,12.0,0,0.0
Malik Heath,WR,GB,LA,5,1.4,3.4,0,0,0.0,0,0.0,0,0.0,0,2,3,14.0,0,0.0
Malik Heath,WR,GB,SF,12,7.5,9.5,0,0,0.0,0,0.0,0,0.0,0,2,2,15.0,1,0.0
Malik Heath,WR,GB,MIN,17,6.3,7.3,0,0,0.0,0,0.0,0,0.0,0,1,1,3.0,1,0.0
Malik Heath,WR,GB,CHI,18,5.3,8.3,0,0,0.0,0,0.0,0,0.0,0,3,5,53.0,0,0.0
Malik Nabers,WR,NYG,MIN,1,6.6,11.6,0,0,0.0,0,0.0,0,0.0,0,5,7,66.0,0,0.0
Malik Nabers,WR,NYG,WAS,2,18.7,28.7,0,0,0.0,0,0.0,0,0.0,0,10,18,127.0,1,0.0
Malik Nabers,WR,NYG,CLE,3,20.2,28.2,0,1,0.0,0,0.0,2,4.0,0,8,12,78.0,2,0.0
Malik Nabers,WR,NYG,DAL,4,11.1,23.1,0,0,0.0,0,0.0,1,-4.0,0,12,15,115.0,0,0.0
Malik Nabers,WR,NYG,PHI,7,4.1,8.1,0,0,0.0,0,0.0,0,0.0,0,4,8,41.0,0,0.0
Malik Nabers,WR,NYG,PIT,8,7.1,14.1,0,0,0.0,0,0.0,0,0.0,0,7,13,71.0,0,0.0
Malik Nabers,WR,NYG,WAS,9,5.9,14.9,0,0,0.0,0,0.0,0,0.0,0,9,11,59.0,0,0.0
Malik Nabers,WR,NYG,CAR,10,4.8,10.8,0,0,0.0,0,0.0,1,-2.0,0,6,10,50.0,0,0.0
Malik Nabers,WR,NYG,TB,12,6.4,12.4,0,0,0.0,0,0.0,0,0.0,0,6,9,64.0,0,0.0
Malik Nabers,WR,NYG,DAL,13,7.3,15.3,0,0,0.0,0,0.0,1,4.0,0,8,13,69.0,0,0.0
Malik Nabers,WR,NYG,NO,14,9.9,14.9,0,0,0.0,0,0.0,0,0.0,0,5,10,79.0,0,0.0
Malik Nabers,WR,NYG,BAL,15,14.2,24.2,0,0,0.0,0,0.0,0,0.0,0,10,14,82.0,1,0.0
Malik Nabers,WR,NYG,ATL,16,6.8,13.8,0,0,0.0,0,0.0,0,0.0,0,7,14,68.0,0,0.0
Malik Nabers,WR,NYG,IND,17,29.1,36.1,0,0,0.0,0,0.0,0,0.0,0,7,8,171.0,2,0.0
Malik Nabers,WR,NYG,PHI,18,12.4,17.4,0,0,0.0,0,0.0,0,0.0,0,5,8,64.0,1,0.0
Malik Washington,WR,MIA,TEN,4,0.8,1.8,0,0,0.0,0,0.0,0,0.0,0,1,1,8.0,0,0.0
Malik Washington,WR,MIA,IND,7,0.9,2.9,0,0,0.0,0,0.0,0,0.0,0,2,3,9.0,0,0.0
Malik Washington,WR,MIA,BUF,9,0.9,0.9,0,0,0.0,0,0.0,1,9.0,0,0,0,0.0,0,0.0
Malik Washington,WR,MIA,LA,10,9.5,10.5,0,0,0.0,0,0.0,1,18.0,1,1,2,17.0,0,0.0
Malik Washington,WR,MIA,LV,11,1.8,4.8,0,0,0.0,0,0.0,1,7.0,0,3,3,11.0,0,0.0
Malik Washington,WR,MIA,NE,12,0.3,1.3,0,0,0.0,0,0.0,1,2.0,0,1,2,1.0,0,0.0
Malik Washington,WR,MIA,GB,13,0.8,2.8,0,0,0.0,0,0.0,0,0.0,0,2,4,8.0,0,0.0
Malik Washington,WR,MIA,NYJ,14,0.0,0.0,0,0,0.0,0,0.0,0,0.0,0,0,1,0.0,0,0.0
Malik Washington,WR,MIA,HOU,15,5.2,10.2,0,0,0.0,0,0.0,0,0.0,0,5,6,52.0,0,0.0
Malik Washington,WR,MIA,SF,16,2.8,5.8,0,0,0.0,0,0.0,0,0.0,0,3,4,28.0,0,0.0
Malik Washington,WR,MIA,CLE,17,3.0,7.0,0,0,0.0,0,0.0,1,-11.0,0,4,5,41.0,0,0.0
Malik Washington,WR,MIA,NYJ,18,4.8,8.8,0,0,0.0,0,0.0,0,0.0,0,4,5,48.0,0,0.0
Malik Willis,QB,GB,PHI,1,0.0,0.0,0,1,0.0,0,0.0,0,0.0,0,0,0,0.0,0,1.0
Malik Willis,QB,GB,IND,2,12.98,12.98,12,14,122.0,1,0.0,6,41.0,0,0,0,0.0,0,0.0
Malik Willis,QB,GB,TEN,3,25.38,25.38,13,19,202.0,1,0.0,6,73.0,1,0,0,0.0,0,3.0
Malik Willis,QB,GB,JAX,8,8.54,8.54,4,5,56.0,1,0.0,4,23.0,0,0,0,0.0,0,1.0
Malik Willis,QB,GB,NO,16,1.16,1.16,1,2,34.0,0,0.0,3,-2.0,0,0,0,0.0,0,0.0
Malik Willis,QB,GB,CHI,18,3.74,3.74,10,13,136.0,0,0.0,1,3.0,0,0,0,0.0,0,3.0
MarShawn Lloyd,RB,GB,IND,2,1.8,2.8,0,0,0.0,0,0.0,6,15.0,0,1,1,3.0,0,0.0
Marcedes Lewis,TE,CHI,JAX,6,0.2,1.2,0,0,0.0,0,0.0,0,0.0,0,1,1,2.0,0,0.0
Marcus Jones,CB,NE,LA,11,0.5,0.5,0,0,0.0,0,0.0,1,5.0,0,0,0,0.0,0,0.0
Marcus Jones,CB,NE,ARI,15,1.8,2.8,0,0,0.0,0,0.0,0,0.0,0,1,1,18.0,0,0.0
Marcus Mariota,QB,WAS,CLE,5,0.12,0.12,1,3,-2.0,0,0.0,2,2.0,0,0,0,0.0,0,0.0
Marcus Mariota,QB,WAS,CAR,7,19.6,19.6,18,23,205.0,2,0.0,11,34.0,0,0,0,0.0,0,1.0
Marcus Mariota,QB,WAS,DAL,18,26.04,26.04,15,18,161.0,2,0.0,5,56.0,1,0,0,0.0,0,2.0
Mark Andrews,TE,BAL,KC,1,1.4,3.4,0,0,0.0,0,0.0,0,0.0,0,2,2,14.0,0,0.0
Mark Andrews,TE,BAL,LV,2,5.1,9.1,0,0,0.0,0,0.0,0,0.0,0,4,5,51.0,0,0.0
Mark Andrews,TE,BAL,DAL,3,0.0,0.0,0,0,0.0,0,0.0,0,0.0,0,0,1,0.0,0,0.0
Mark Andrews,TE,BAL,BUF,4,0.0,0.0,0,0,0.0,0,0.0,0,0.0,0,0,1,0.0,0,0.0
Mark Andrews,TE,BAL,CIN,5,5.5,9.5,0,0,0.0,0,0.0,0,0.0,0,4,5,55.0,0,0.0
Mark Andrews,TE,BAL,WAS,6,12.6,15.6,0,0,0.0,0,0.0,0,0.0,0,3,4,66.0,1,0.0
Mark Andrews,TE,BAL,TB,7,16.1,20.1,0,0,0.0,0,0.0,0,0.0,0,4,4,41.0,2,0.0
Mark Andrews,TE,BAL,CLE,8,9.6,14.6,0,0,0.0,0,0.0,0,0.0,0,5,5,36.0,1,0.0
Mark Andrews,TE,BAL,DEN,9,2.6,4.6,0,0,0.0,0,0.0,0,0.0,0,2,2,26.0,0,0.0
Mark Andrews,TE,BAL,CIN,10,12.8,18.8,0,0,0.0,0,0.0,0,0.0,0,6,7,68.0,1,0.0
Mark Andrews,TE,BAL,PIT,11,2.2,4.2,0,0,0.0,0,0.0,0,0.0,0,2,3,22.0,0,0.0
Mark Andrews,TE,BAL,LAC,12,10.6,15.6,0,0,0.0,0,0.0,1,2.0,0,5,5,44.0,1,0.0
Mark Andrews,TE,BAL,PHI,13,12.9,18.9,0,0,0.0,0,0.0,1,2.0,0,6,7,67.0,1,0.0
Mark Andrews,TE,BAL,NYG,15,8.4,10.4,0,0,0.0,0,0.0,0,0.0,0,2,2,24.0,1,0.0
Mark Andrews,TE,BAL,PIT,16,9.8,13.8,0,0,0.0,0,0.0,1,1.0,0,4,6,37.0,1,0.0
Mark Andrews,TE,BAL,HOU,17,12.8,14.8,0,0,0.0,0,0.0,0,0.0,0,2,2,68.0,1,0.0
Mark Andrews,TE,BAL,CLE,18,11.4,15.4,0,0,0.0,0,0.0,1,0.0,0,4,8,54.0,1,0.0
Marquez Valdes-Scantling,WR,BUF,ARI,1,1.9,2.9,0,0,0.0,0,0.0,0,0.0,0,1,2,19.0,0,0.0
Marquez Valdes-Scantling,WR,BUF,MIA,2,0.0,0.0,0,0,0.0,0,0.0,0,0.0,0,0,1,0.0,0,0.0
Marquez Valdes-Scantling,WR,BUF,JAX,3,0.7,1.7,0,0,0.0,0,0.0,0,0.0,0,1,2,7.0,0,0.0
Marquez Valdes-Scantling,WR,BUF,BAL,4,0.0,0.0,0,0,0.0,0,0.0,0,0.0,0,0,1,0.0,0,0.0
Marquez Valdes-Scantling,WR,BUF,HOU,5,0.0,0.0,0,0,0.0,0,0.0,0,0.0,0,0,3,0.0,0,0.0
Marquez Valdes-Scantling,WR,NO,CAR,9,0.5,1.5,0,0,0.0,0,0.0,0,0.0,0,1,1,5.0,0,0.0
Marquez Valdes-Scantling,WR,NO,ATL,10,22.9,25.9,0,0,0.0,0,0.0,0,0.0,0,3,3,109.0,2,0.0
Marquez Valdes-Scantling,WR,NO,CLE,11,14.7,16.7,0,0,0.0,0,0.0,0,0.0,0,2,4,87.0,1,0.0
Marquez Valdes-Scantling,WR,NO,LA,13,9.6,11.6,0,0,0.0,0,0.0,0,0.0,0,2,3,36.0,1,0.0
Marquez Valdes-Scantling,WR,NO,NYG,14,5.1,9.1,0,0,0.0,0,0.0,0,0.0,0,4,7,51.0,0,0.0
Marquez Valdes-Scantling,WR,NO,WAS,15,6.8,8.8,0,0,0.0,0,0.0,1,4.0,0,2,7,64.0,0,0.0
Marquez Valdes-Scantling,WR,NO,LV,17,0.0,0.0,0,0,0.0,0,0.0,0,0.0,0,0,2,0.0,0,0.0
Marquez Valdes-Scantling,WR,NO,TB,18,3.3,6.3,0,0,0.0,0,0.0,0,0.0,0,3,8,33.0,0,0.0
Marquise Brown,WR,KC,HOU,16,4.5,9.5,0,0,0.0,0,0.0,0,0.0,0,5,8,45.0,0,0.0
Marquise Brown,WR,KC,PIT,17,4.6,8.6,0,0,0.0,0,0.0,0,0.0,0,4,7,46.0,0,0.0
Marvin Harrison,WR,ARI,BUF,1,0.4,1.4,0,0,0.0,0,0.0,0,0.0,0,1,3,4.0,0,0.0
Marvin Harrison,WR,ARI,LA,2,25.0,29.0,0,0,0.0,0,0.0,0,0.0,0,4,8,130.0,2,0.0
Marvin Harrison,WR,ARI,DET,3,12.4,17.4,0,0,0.0,0,0.0,0,0.0,0,5,11,64.0,1,0.0
Marvin Harrison,WR,ARI,WAS,4,10.5,15.5,0,0,0.0,0,0.0,0,0.0,0,5,6,45.0,1,0.0
Marvin Harrison,WR,ARI,SF,5,3.6,5.6,0,0,0.0,0,0.0,0,0.0,0,2,7,36.0,0,0.0
Marvin Harrison,WR,ARI,GB,6,0.0,0.0,0,0,0.0,0,0.0,0,0.0,0,0,2,0.0,0,0.0
Marvin Harrison,WR,ARI,LAC,7,2.1,5.1,0,0,0.0,0,0.0,0,0.0,0,3,6,21.0,0,0.0
Marvin Harrison,WR,ARI,MIA,8,17.1,23.1,0,0,0.0,0,0.0,0,0.0,0,6,7,111.0,1,0.0
Marvin Harrison,WR,ARI,CHI,9,1.4,3.4,0,0,0.0,0,0.0,0,0.0,0,2,5,34.0,0,0.0
Marvin Harrison,WR,ARI,NYJ,10,11.4,16.4,0,0,0.0,0,0.0,0,0.0,0,5,5,54.0,1,0.0
Marvin Harrison,WR,ARI,SEA,12,4.7,7.7,0,0,0.0,0,0.0,0,0.0,0,3,6,47.0,0,0.0
Marvin Harrison,WR,ARI,MIN,13,12.0,17.0,0,0,0.0,0,0.0,0,0.0,0,5,12,60.0,1,0.0
Marvin Harrison,WR,ARI,SEA,14,4.9,8.9,0,0,0.0,0,0.0,0,0.0,0,4,8,49.0,0,0.0
Marvin Harrison,WR,ARI,NE,15,3.2,5.2,0,0,0.0,0,0.0,0,0.0,0,2,6,32.0,0,0.0
Marvin Harrison,WR,ARI,CAR,16,3.9,7.9,0,0,0.0,0,0.0,0,0.0,0,4,8,39.0,0,0.0
Marvin Harrison,WR,ARI,LA,17,9.6,15.6,0,0,0.0,0,0.0,0,0.0,0,6,10,96.0,0,0.0
Marvin Harrison,WR,ARI,SF,18,12.3,17.3,0,0,0.0,0,0.0,0,0.0,0,5,6,63.0,1,0.0
Marvin Mims,WR,DEN,SEA,1,0.0,0.0,0,0,0.0,0,0.0,0,0.0,0,0,1,0.0,0,0.0
Marvin Mims,WR,DEN,PIT,2,1.0,2.0,0,0,0.0,0,0.0,0,0.0,0,1,2,10.0,0,0.0
Marvin Mims,WR,DEN,TB,3,0.9,1.9,0,0,0.0,0,0.0,0,0.0,0,1,1,9.0,0,0.0
Marvin Mims,WR,DEN,LV,5,2.4,3.4,0,0,0.0,0,0.0,1,17.0,0,1,1,7.0,0,0.0
Marvin Mims,WR,DEN,LAC,6,0.0,0.0,0,0,0.0,0,0.0,0,0.0,0,0,3,0.0,0,0.0
Marvin Mims,WR,DEN,NO,7,1.8,3.8,0,0,0.0,0,0.0,0,0.0,0,2,3,18.0,0,0.0
Marvin Mims,WR,DEN,CAR,8,0.8,1.8,0,0,0.0,0,0.0,0,0.0,0,1,2,8.0,0,0.0
Marvin Mims,WR,DEN,BAL,9,0.4,1.4,0,0,0.0,0,0.0,0,0.0,0,1,2,4.0,0,0.0
Marvin Mims,WR,DEN,KC,10,3.0,7.0,0,0,0.0,0,0.0,3,17.0,0,4,4,13.0,0,0.0
Marvin Mims,WR,DEN,ATL,11,11.3,13.3,0,0,0.0,0,0.0,3,4.0,0,2,2,49.0,1,0.0
Marvin Mims,WR,DEN,LV,12,4.2,7.2,0,0,0.0,0,0.0,2,-2.0,0,3,5,44.0,0,0.0
Marvin Mims,WR,DEN,CLE,13,16.9,19.9,0,0,0.0,0,0.0,1,4.0,0,3,4,105.0,1,0.0
Marvin Mims,WR,DEN,IND,15,2.0,6.0,0,0,0.0,0,0.0,1,0.0,0,4,4,20.0,0,0.0
Marvin Mims,WR,DEN,LAC,16,6.5,9.5,0,0,0.0,0,0.0,1,3.0,0,3,5,62.0,0,0.0
Marvin Mims,WR,DEN,CIN,17,22.2,30.2,0,0,0.0,0,0.0,1,-1.0,0,8,8,103.0,2,0.0
Marvin Mims,WR,DEN,KC,18,17.1,22.1,0,0,0.0,0,0.0,0,0.0,0,5,5,51.0,2,0.0
Mason Kinsey,WR,TEN,CIN,15,1.1,2.1,0,0,0.0,0,0.0,0,0.0,0,1,1,11.0,0,0.0
Mason Kinsey,WR,TEN,IND,16,0.6,1.6,0,0,0.0,0,0.0,0,0.0,0,1,1,6.0,0,0.0
Mason Rudolph,QB,TEN,MIA,4,3.4,3.4,9,17,85.0,0,0.0,0,0.0,0,0,0,0.0,0,1.0
Mason Rudolph,QB,TEN,BUF,7,9.9,9.9,25,40,215.0,1,1.0,5,13.0,0,0,0,0.0,0,3.0
Mason Rudolph,QB,TEN,DET,8,19.54,19.54,22,38,266.0,1,2.0,4,29.0,1,0,0,0.0,0,1.0
Mason Rudolph,QB,TEN,NE,9,17.5,17.5,20,33,240.0,2,1.0,4,19.0,0,0,0,0.0,0,1.0
Mason Rudolph,QB,TEN,CIN,15,15.76,15.76,21,26,209.0,2,1.0,2,14.0,0,0,0,0.0,0,0.0
Mason Rudolph,QB,TEN,IND,16,14.38,14.38,23,34,252.0,2,3.0,4,3.0,0,0,0,0.0,0,1.0
Mason Rudolph,QB,TEN,JAX,17,12.02,12.02,19,31,193.0,1,1.0,5,23.0,0,0,0,0.0,0,3.0
Mason Rudolph,QB,TEN,HOU,18,3.3,3.3,7,9,70.0,0,0.0,1,5.0,0,0,0,0.0,0,1.0
Mason Tipton,WR,NO,CAR,1,0.6,1.6,0,0,0.0,0,0.0,0,0.0,0,1,1,6.0,0,0.0
Mason Tipton,WR,NO,PHI,3,1.1,3.1,0,0,0.0,0,0.0,0,0.0,0,2,3,11.0,0,0.0
Mason Tipton,WR,NO,ATL,4,0.6,1.6,0,0,0.0,0,0.0,0,0.0,0,1,1,6.0,0,0.0
Mason Tipton,WR,NO,KC,5,0.2,1.2,0,0,0.0,0,0.0,0,0.0,0,1,4,2.0,0,0.0
Mason Tipton,WR,NO,TB,6,1.5,2.5,0,0,0.0,0,0.0,0,0.0,0,1,2,15.0,0,0.0
Mason Tipton,WR,NO,DEN,7,4.5,10.5,0,0,0.0,0,0.0,0,0.0,0,6,9,45.0,0,0.0
Mason Tipton,WR,NO,LAC,8,1.4,3.4,0,0,0.0,0,0.0,0,0.0,0,2,2,14.0,0,0.0
Mason Tipton,WR,NO,CAR,9,0.0,0.0,0,0,0.0,0,0.0,0,0.0,0,0,3,0.0,0,0.0
Mason Tipton,WR,NO,GB,16,0.0,0.0,0,0,0.0,0,0.0,0,0.0,0,0,1,0.0,0,0.0
Matthew Hayball,P,NO,CAR,9,1.1,1.1,0,0,0.0,0,0.0,1,11.0,0,0,0,0.0,0,0.0
Matthew Stafford,QB,LA,DET,1,14.68,14.68,34,49,317.0,1,1.0,0,0.0,0,0,0,0.0,0,2.0
Matthew Stafford,QB,LA,ARI,2,6.64,6.64,19,27,216.0,0,0.0,0,0.0,0,0,0,0.0,0,5.0
Matthew Stafford,QB,LA,SF,3,12.84,12.84,16,25,221.0,1,0.0,0,0.0,0,0,0,0.0,0,3.0
Matthew Stafford,QB,LA,CHI,4,4.86,4.86,20,29,224.0,0,1.0,1,-1.0,0,0,0,0.0,0,3.0
Matthew Stafford,QB,LA,GB,5,12.4,12.4,29,45,260.0,1,1.0,0,0.0,0,0,0,0.0,0,3.0
Matthew Stafford,QB,LA,LV,7,3.96,3.96,14,23,154.0,0,1.0,2,-2.0,0,0,0,0.0,0,1.0
Matthew Stafford,QB,LA,MIN,8,24.76,24.76,25,34,279.0,4,1.0,3,-4.0,0,0,0,0.0,0,0.0
Matthew Stafford,QB,LA,SEA,9,17.92,17.92,25,44,298.0,2,1.0,1,0.0,0,0,0,0.0,0,0.0
Matthew Stafford,QB,LA,MIA,10,9.72,9.72,32,46,293.0,0,1.0,1,0.0,0,0,0,0.0,0,4.0
Matthew Stafford,QB,LA,NE,11,27.8,27.8,18,27,295.0,4,0.0,4,0.0,0,0,0,0.0,0,0.0
Matthew Stafford,QB,LA,PHI,12,19.22,19.22,24,36,243.0,2,0.0,1,15.0,0,0,0,0.0,0,5.0
Matthew Stafford,QB,LA,NO,13,15.62,15.62,14,24,183.0,2,0.0,4,3.0,0,0,0,0.0,0,2.0
Matthew Stafford,QB,LA,BUF,14,20.8,20.8,23,30,320.0,2,0.0,0,0.0,0,0,0,0.0,0,0.0
Matthew Stafford,QB,LA,SF,15,8.2,8.2,16,27,160.0,0,0.0,4,18.0,0,0,0,0.0,0,0.0
Matthew Stafford,QB,LA,NYJ,16,6.0,6.0,14,19,110.0,1,1.0,3,-4.0,0,0,0,0.0,0,0.0
Matthew Stafford,QB,LA,ARI,17,9.16,9.16,17,32,189.0,0,0.0,6,16.0,0,0,0,0.0,0,0.0
Mecole Hardman,WR,KC,NO,5,3.3,7.3,0,0,0.0,0,0.0,0,0.0,0,4,4,33.0,0,0.0
Mecole Hardman,WR,KC,SF,7,11.5,12.5,0,0,0.0,0,0.0,2,38.0,1,1,2,17.0,0,0.0
Mecole Hardman,WR,KC,LV,8,0.8,1.8,0,0,0.0,0,0.0,0,0.0,0,1,1,8.0,0,0.0
Mecole Hardman,WR,KC,TB,9,1.7,4.7,0,0,0.0,0,0.0,0,0.0,0,3,3,17.0,0,0.0
Mecole Hardman,WR,KC,DEN,10,0.3,1.3,0,0,0.0,0,0.0,0,0.0,0,1,1,3.0,0,0.0
Mecole Hardman,WR,KC,BUF,11,2.1,4.1,0,0,0.0,0,0.0,1,9.0,0,2,3,12.0,0,0.0
Mecole Hardman,WR,KC,CAR,12,1.5,1.5,0,0,0.0,0,0.0,2,15.0,0,0,0,0.0,0,0.0
Michael Burton,FB,DEN,SEA,1,0.3,1.3,0,0,0.0,0,0.0,0,0.0,0,1,1,3.0,0,0.0
Michael Burton,FB,DEN,PIT,2,0.1,1.1,0,0,0.0,0,0.0,0,0.0,0,1,1,1.0,0,0.0
Michael Burton,FB,DEN,NYJ,4,0.3,1.3,0,0,0.0,0,0.0,0,0.0,0,1,1,3.0,0,0.0
Michael Burton,FB,DEN,LV,5,0.5,1.5,0,0,0.0,0,0.0,0,0.0,0,1,1,5.0,0,0.0
Michael Burton,FB,DEN,CAR,8,2.8,3.8,0,0,0.0,0,0.0,0,0.0,0,1,1,28.0,0,0.0
Michael Burton,FB,DEN,BAL,9,-0.1,-0.1,0,0,0.0,0,0.0,2,-1.0,0,0,0,0.0,0,0.0
Michael Burton,FB,DEN,ATL,11,0.0,1.0,0,0,0.0,0,0.0,2,2.0,0,1,1,-2.0,0,0.0
Michael Burton,FB,DEN,LV,12,1.1,2.1,0,0,0.0,0,0.0,1,3.0,0,1,1,8.0,0,0.0
Michael Burton,FB,DEN,CLE,13,6.1,6.1,0,0,0.0,0,0.0,1,1.0,1,0,0,0.0,0,0.0
Michael Burton,FB,DEN,LAC,16,7.9,10.9,0,0,0.0,0,0.0,0,0.0,0,3,3,19.0,1,0.0
Michael Burton,FB,DEN,KC,18,0.3,0.3,0,0,0.0,0,0.0,1,3.0,0,0,0,0.0,0,0.0
Michael Carter,RB,ARI,CAR,16,4.8,9.8,0,0,0.0,0,0.0,5,18.0,0,5,5,30.0,0,0.0
Michael Carter,RB,ARI,LA,17,8.1,10.1,0,0,0.0,0,0.0,13,70.0,0,2,2,11.0,0,0.0
Michael Carter,RB,ARI,SF,18,11.9,15.9,0,0,0.0,0,0.0,17,43.0,1,4,4,16.0,0,0.0
Michael Mayer,TE,LV,LAC,1,0.3,2.3,0,0,0.0,0,0.0,0,0.0,0,2,3,3.0,0,0.0
Michael Mayer,TE,LV,BAL,2,1.1,2.1,0,0,0.0,0,0.0,0,0.0,0,1,1,11.0,0,0.0
Michael Mayer,TE,LV,CAR,3,0.7,1.7,0,0,0.0,0,0.0,0,0.0,0,1,3,7.0,0,0.0
Michael Mayer,TE,LV,MIA,11,0.5,1.5,0,0,0.0,0,0.0,0,0.0,0,1,3,5.0,0,0.0
Michael Mayer,TE,LV,DEN,12,1.1,3.1,0,0,0.0,0,0.0,0,0.0,0,2,2,11.0,0,0.0
Michael Mayer,TE,LV,KC,13,0.5,1.5,0,0,0.0,0,0.0,0,0.0,0,1,2,5.0,0,0.0
Michael Mayer,TE,LV,TB,14,6.8,13.8,0,0,0.0,0,0.0,0,0.0,0,7,9,68.0,0,0.0
Michael Mayer,TE,LV,ATL,15,1.1,2.1,0,0,0.0,0,0.0,0,0.0,0,1,2,11.0,0,0.0
Michael Mayer,TE,LV,JAX,16,0.0,0.0,0,0,0.0,0,0.0,0,0.0,0,0,1,0.0,0,0.0
Michael Mayer,TE,LV,NO,17,1.4,2.4,0,0,0.0,0,0.0,0,0.0,0,1,2,14.0,0,0.0
Michael Mayer,TE,LV,LAC,18,2.1,6.1,0,0,0.0,0,0.0,0,0.0,0,4,4,21.0,0,0.0
Michael Penix,QB,ATL,SEA,7,0.56,0.56,1,1,14.0,0,0.0,0,0.0,0,0,0,0.0,0,0.0
Michael Penix,QB,ATL,DEN,11,0.96,0.96,2,4,24.0,0,0.0,0,0.0,0,0,0,0.0,0,1.0
Michael Penix,QB,ATL,NYG,16,6.38,6.38,18,27,202.0,0,1.0,4,3.0,0,0,0,0.0,0,0.0
Michael Penix,QB,ATL,WAS,17,11.22,11.22,19,35,223.0,1,1.0,2,3.0,0,0,0,0.0,0,2.0
Michael Penix,QB,ATL,CAR,18,24.98,24.98,21,38,312.0,2,1.0,1,5.0,1,0,0,0.0,0,1.0
Michael Pittman,WR,IND,HOU,1,3.1,7.1,0,0,0.0,0,0.0,0,0.0,0,4,8,31.0,0,0.0
Michael Pittman,WR,IND,GB,2,2.1,5.1,0,0,0.0,0,0.0,0,0.0,0,3,7,21.0,0,0.0
Michael Pittman,WR,IND,CHI,3,3.6,7.6,0,0,0.0,0,0.0,0,0.0,0,4,5,36.0,0,0.0
Michael Pittman,WR,IND,PIT,4,11.3,17.3,0,0,0.0,0,0.0,0,0.0,0,6,9,113.0,0,0.0
Michael Pittman,WR,IND,JAX,5,9.7,14.7,0,0,0.0,0,0.0,0,0.0,0,5,8,37.0,1,0.0
Michael Pittman,WR,IND,TEN,6,9.5,12.5,0,0,0.0,0,0.0,0,0.0,0,3,5,35.0,1,0.0
Michael Pittman,WR,IND,MIA,7,6.3,9.3,0,0,0.0,0,0.0,0,0.0,0,3,5,63.0,0,0.0
Michael Pittman,WR,IND,HOU,8,1.6,2.6,0,0,0.0,0,0.0,0,0.0,0,1,6,16.0,0,0.0
Michael Pittman,WR,IND,MIN,9,1.4,2.4,0,0,0.0,0,0.0,0,0.0,0,1,4,14.0,0,0.0
Michael Pittman,WR,IND,NYJ,11,4.6,9.6,0,0,0.0,0,0.0,0,0.0,0,5,8,46.0,0,0.0
Michael Pittman,WR,IND,DET,12,9.6,15.6,0,0,0.0,0,0.0,0,0.0,0,6,7,96.0,0,0.0
Michael Pittman,WR,IND,NE,13,4.2,9.2,0,0,0.0,0,0.0,0,0.0,0,5,7,42.0,0,0.0
Michael Pittman,WR,IND,DEN,15,3.8,9.8,0,0,0.0,0,0.0,0,0.0,0,6,9,58.0,0,0.0
Michael Pittman,WR,IND,TEN,16,1.9,3.9,0,0,0.0,0,0.0,0,0.0,0,2,3,19.0,0,0.0
Michael Pittman,WR,IND,NYG,17,16.9,25.9,0,0,0.0,0,0.0,0,0.0,0,9,10,109.0,1,0.0
Michael Pittman,WR,IND,JAX,18,7.2,13.2,0,0,0.0,0,0.0,0,0.0,0,6,10,72.0,0,0.0
Michael Wilson,WR,ARI,BUF,1,6.5,7.5,0,0,0.0,0,0.0,0,0.0,0,1,2,5.0,1,0.0
Michael Wilson,WR,ARI,LA,2,3.1,5.1,0,0,0.0,0,0.0,0,0.0,0,2,2,31.0,0,0.0
Michael Wilson,WR,ARI,DET,3,6.4,14.4,0,0,0.0,0,0.0,0,0.0,0,8,9,64.0,0,0.0
Michael Wilson,WR,ARI,WAS,4,1.8,4.8,0,0,0.0,0,0.0,0,0.0,0,3,7,38.0,0,0.0
Michael Wilson,WR,ARI,SF,5,7.8,12.8,0,0,0.0,0,0.0,0,0.0,0,5,6,78.0,0,0.0
Michael Wilson,WR,ARI,GB,6,8.1,10.1,0,0,0.0,0,0.0,0,0.0,0,2,4,21.0,1,0.0
Michael Wilson,WR,ARI,LAC,7,1.5,2.5,0,0,0.0,0,0.0,0,0.0,0,1,3,15.0,0,0.0
Michael Wilson,WR,ARI,MIA,8,9.1,14.1,0,0,0.0,0,0.0,0,0.0,0,5,6,31.0,1,0.0
Michael Wilson,WR,ARI,CHI,9,0.0,0.0,0,0,0.0,0,0.0,0,0.0,0,0,1,0.0,0,0.0
Michael Wilson,WR,ARI,NYJ,10,2.4,5.4,0,0,0.0,0,0.0,0,0.0,0,3,4,24.0,0,0.0
Michael Wilson,WR,ARI,SEA,12,5.4,7.4,0,0,0.0,0,0.0,0,0.0,0,2,4,54.0,0,0.0
Michael Wilson,WR,ARI,MIN,13,5.5,10.5,0,0,0.0,0,0.0,0,0.0,0,5,7,55.0,0,0.0
Michael Wilson,WR,ARI,SEA,14,11.7,13.7,0,0,0.0,0,0.0,0,0.0,0,2,3,57.0,1,0.0
Michael Wilson,WR,ARI,NE,15,0.9,2.9,0,0,0.0,0,0.0,0,0.0,0,2,2,9.0,0,0.0
Michael Wilson,WR,ARI,CAR,16,4.4,6.4,0,0,0.0,0,0.0,0,0.0,0,2,5,44.0,0,0.0
Michael Wilson,WR,ARI,LA,17,2.9,6.9,0,0,0.0,0,0.0,1,7.0,0,4,6,22.0,0,0.0
Mike Boone,RB,CAR,NO,1,0.7,0.7,0,0,0.0,0,0.0,4,7.0,0,0,0,0.0,0,0.0
Mike Boone,RB,CAR,DAL,15,1.4,1.4,0,0,0.0,0,0.0,2,14.0,0,0,0,0.0,0,0.0
Mike Boone,RB,CAR,ARI,16,0.1,0.1,0,0,0.0,0,0.0,1,1.0,0,0,0,0.0,0,0.0
Mike Boone,RB,CAR,TB,17,1.1,1.1,0,0,0.0,0,0.0,2,11.0,0,0,2,0.0,0,0.0
Mike Boone,RB,CAR,ATL,18,1.6,2.6,0,0,0.0,0,0.0,4,18.0,0,1,1,-2.0,0,0.0
Mike Caliendo,G,KC,BUF,11,0.5,1.5,0,0,0.0,0,0.0,0,0.0,0,1,1,5.0,0,0.0
Mike Evans,WR,TB,WAS,1,18.1,23.1,0,0,0.0,0,0.0,0,0.0,0,5,6,61.0,2,0.0
Mike Evans,WR,TB,DET,2,4.2,7.2,0,0,0.0,0,0.0,0,0.0,0,3,6,42.0,0,0.0
Mike Evans,WR,TB,DEN,3,1.7,3.7,0,0,0.0,0,0.0,0,0.0,0,2,3,17.0,0,0.0
Mike Evans,WR,TB,PHI,4,15.4,23.4,0,0,0.0,0,0.0,0,0.0,0,8,14,94.0,1,0.0
Mike Evans,WR,TB,ATL,5,18.2,23.2,0,0,0.0,0,0.0,0,0.0,0,5,7,62.0,2,0.0
Mike Evans,WR,TB,NO,6,3.4,5.4,0,0,0.0,0,0.0,0,0.0,0,2,6,34.0,0,0.0
Mike Evans,WR,TB,BAL,7,8.5,9.5,0,0,0.0,0,0.0,0,0.0,0,1,3,25.0,1,0.0
Mike Evans,WR,TB,NYG,12,6.8,11.8,0,0,0.0,0,0.0,0,0.0,0,5,6,68.0,0,0.0
Mike Evans,WR,TB,CAR,13,17.8,25.8,0,0,0.0,0,0.0,0,0.0,0,8,12,118.0,1,0.0
Mike Evans,WR,TB,LV,14,6.9,10.9,0,0,0.0,0,0.0,0,0.0,0,4,5,69.0,0,0.0
Mike Evans,WR,TB,LAC,15,27.9,36.9,0,0,0.0,0,0.0,0,0.0,0,9,11,159.0,2,0.0
Mike Evans,WR,TB,DAL,16,6.9,11.9,0,0,0.0,0,0.0,0,0.0,0,5,8,69.0,0,0.0
Mike Evans,WR,TB,CAR,17,21.7,29.7,0,0,0.0,0,0.0,0,0.0,0,8,9,97.0,2,0.0
Mike Evans,WR,TB,NO,18,8.9,17.9,0,0,0.0,0,0.0,0,0.0,0,9,14,89.0,0,0.0
Mike Gesicki,TE,CIN,NE,1,1.8,4.8,0,0,0.0,0,0.0,0,0.0,0,3,4,18.0,0,0.0
Mike Gesicki,TE,CIN,KC,2,9.1,16.1,0,0,0.0,0,0.0,0,0.0,0,7,9,91.0,0,0.0
Mike Gesicki,TE,CIN,WAS,3,4.7,8.7,0,0,0.0,0,0.0,0,0.0,0,4,5,47.0,0,0.0
Mike Gesicki,TE,CIN,CAR,4,-0.9,0.1,0,0,0.0,0,0.0,0,0.0,0,1,1,-9.0,0,0.0
Mike Gesicki,TE,CIN,BAL,5,3.1,5.1,0,0,0.0,0,0.0,0,0.0,0,2,2,31.0,0,0.0
Mike Gesicki,TE,CIN,CLE,7,0.2,1.2,0,0,0.0,0,0.0,0,0.0,0,1,1,2.0,0,0.0
Mike Gesicki,TE,CIN,PHI,8,5.3,12.3,0,0,0.0,0,0.0,0,0.0,0,7,8,73.0,0,0.0
Mike Gesicki,TE,CIN,LV,9,22.0,27.0,0,0,0.0,0,0.0,0,0.0,0,5,6,100.0,2,0.0
Mike Gesicki,TE,CIN,BAL,10,3.0,7.0,0,0,0.0,0,0.0,0,0.0,0,4,9,30.0,0,0.0
Mike Gesicki,TE,CIN,LAC,11,0.0,0.0,0,0,0.0,0,0.0,0,0.0,0,0,2,0.0,0,0.0
Mike Gesicki,TE,CIN,PIT,13,5.3,10.3,0,0,0.0,0,0.0,0,0.0,0,5,5,53.0,0,0.0
Mike Gesicki,TE,CIN,DAL,14,2.4,5.4,0,0,0.0,0,0.0,0,0.0,0,3,3,24.0,0,0.0
Mike Gesicki,TE,CIN,TEN,15,3.7,6.7,0,0,0.0,0,0.0,0,0.0,0,3,4,37.0,0,0.0
Mike Gesicki,TE,CIN,CLE,16,1.4,3.4,0,0,0.0,0,0.0,0,0.0,0,2,2,14.0,0,0.0
Mike Gesicki,TE,CIN,DEN,17,8.6,18.6,0,0,0.0,0,0.0,0,0.0,0,10,12,86.0,0,0.0
Mike Gesicki,TE,CIN,PIT,18,6.8,14.8,0,0,0.0,0,0.0,0,0.0,0,8,10,68.0,0,0.0
Mike White,QB,BUF,NE,18,1.12,1.12,3,11,28.0,0,0.0,0,0.0,0,0,0,0.0,0,0.0
Mike Williams,WR,NYJ,TEN,2,1.9,2.9,0,0,0.0,0,0.0,0,0.0,0,1,1,19.0,0,0.0
Mike Williams,WR,NYJ,NE,3,3.4,6.4,0,0,0.0,0,0.0,0,0.0,0,3,4,34.0,0,0.0
Mike Williams,WR,NYJ,DEN,4,6.7,10.7,0,0,0.0,0,0.0,0,0.0,0,4,5,67.0,0,0.0
Mike Williams,WR,NYJ,MIN,5,2.5,4.5,0,0,0.0,0,0.0,0,0.0,0,2,4,25.0,0,0.0
Mike Williams,WR,NYJ,BUF,6,0.0,0.0,0,0,0.0,0,0.0,0,0.0,0,0,3,0.0,0,0.0
Mike Williams,WR,NYJ,PIT,7,1.5,2.5,0,0,0.0,0,0.0,0,0.0,0,1,2,15.0,0,0.0
Mike Williams,WR,NYJ,HOU,9,0.6,1.6,0,0,0.0,0,0.0,0,0.0,0,1,2,6.0,0,0.0
Mike Williams,WR,PIT,WAS,10,9.2,10.2,0,0,0.0,0,0.0,0,0.0,0,1,1,32.0,1,0.0
Mike Williams,WR,PIT,CLE,14,3.6,6.6,0,0,0.0,0,0.0,0,0.0,0,3,4,36.0,0,0.0
Mike Williams,WR,PIT,PHI,15,1.5,2.5,0,0,0.0,0,0.0,0,0.0,0,1,2,15.0,0,0.0
Mike Williams,WR,PIT,BAL,16,2.4,5.4,0,0,0.0,0,0.0,0,0.0,0,3,3,24.0,0,0.0
Mike Williams,WR,PIT,KC,17,0.0,0.0,0,0,0.0,0,0.0,0,0.0,0,0,2,0.0,0,0.0
Mike Williams,WR,PIT,CIN,18,2.5,3.5,0,0,0.0,0,0.0,0,0.0,0,1,1,25.0,0,0.0
Mike Woods,WR,CLE,DEN,13,4.3,7.3,0,0,0.0,0,0.0,0,0.0,0,3,5,43.0,0,0.0
Mike Woods,WR,CLE,PIT,14,1.2,2.2,0,0,0.0,0,0.0,0,0.0,0,1,3,12.0,0,0.0
Mike Woods,WR,CLE,KC,15,0.7,2.7,0,0,0.0,0,0.0,0,0.0,0,2,3,7.0,0,0.0
Mike Woods,WR,CLE,CIN,16,0.0,0.0,0,0,0.0,0,0.0,0,0.0,0,0,3,0.0,0,0.0
Mike Woods,WR,CLE,MIA,17,0.3,1.3,0,0,0.0,0,0.0,0,0.0,0,1,3,3.0,0,0.0
Miles Killebrew,SS,PIT,WAS,10,0.0,0.0,0,1,0.0,0,0.0,0,0.0,0,0,0,0.0,0,0.0
Miles Sanders,RB,CAR,NO,1,2.2,2.2,0,0,0.0,0,0.0,5,22.0,0,0,2,0.0,0,0.0
Miles Sanders,RB,CAR,LAC,2,2.5,5.5,0,0,0.0,0,0.0,7,20.0,0,3,3,5.0,0,0.0
Miles Sanders,RB,CAR,LV,3,9.0,11.0,0,0,0.0,0,0.0,7,17.0,1,2,2,13.0,0,0.0
Miles Sanders,RB,CAR,CIN,4,4.6,7.6,0,0,0.0,0,0.0,6,32.0,0,3,4,14.0,0,0.0
Miles Sanders,RB,CAR,CHI,5,3.3,5.3,0,0,0.0,0,0.0,2,6.0,0,2,3,27.0,0,0.0
Miles Sanders,RB,CAR,ATL,6,1.3,2.3,0,0,0.0,0,0.0,3,1.0,0,1,1,12.0,0,0.0
Miles Sanders,RB,CAR,WAS,7,2.8,3.8,0,0,0.0,0,0.0,3,34.0,0,1,2,-6.0,0,0.0
Miles Sanders,RB,CAR,DEN,8,4.5,11.5,0,0,0.0,0,0.0,1,7.0,0,7,7,38.0,0,0.0
Miles Sanders,RB,CAR,NO,9,-1.0,1.0,0,0,0.0,0,0.0,2,-5.0,0,2,2,-5.0,0,0.0
Miles Sanders,RB,CAR,NYG,10,0.5,0.5,0,0,0.0,0,0.0,2,5.0,0,0,0,0.0,0,0.0
Miles Sanders,RB,CAR,ATL,18,23.6,26.6,0,0,0.0,0,0.0,17,66.0,1,3,4,50.0,1,0.0
Mitchell Trubisky,QB,BUF,MIA,2,-0.2,-0.2,0,0,0.0,0,0.0,2,-2.0,0,0,0,0.0,0,0.0
Mitchell Trubisky,QB,BUF,JAX,3,0.02,0.02,1,1,3.0,0,0.0,1,-1.0,0,0,0,0.0,0,0.0
Mitchell Trubisky,QB,BUF,BAL,4,0.08,0.08,1,2,2.0,0,0.0,0,0.0,0,0,0,0.0,0,0.0
Mitchell Trubisky,QB,BUF,SEA,8,-0.3,-0.3,0,0,0.0,0,0.0,3,-3.0,0,0,0,0.0,0,0.0
Mitchell Trubisky,QB,BUF,IND,10,-0.1,-0.1,0,0,0.0,0,0.0,1,-1.0,0,0,0,0.0,0,0.0
Mitchell Trubisky,QB,BUF,SF,13,-0.14,-0.14,1,1,4.0,0,0.0,4,-3.0,0,0,0,0.0,0,0.0
Mitchell Trubisky,QB,BUF,NYJ,17,6.66,6.66,1,1,69.0,1,0.0,2,-1.0,0,0,0,0.0,0,0.0
Mitchell Trubisky,QB,BUF,NE,18,9.24,9.24,15,21,101.0,1,0.0,4,12.0,0,0,0,0.0,0,0.0
Mo Alie-Cox,TE,IND,HOU,1,0.0,0.0,0,0,0.0,0,0.0,0,0.0,0,0,1,0.0,0,0.0
Mo Alie-Cox,TE,IND,GB,2,2.2,3.2,0,0,0.0,0,0.0,0,0.0,0,1,1,22.0,0,0.0
Mo Alie-Cox,TE,IND,CHI,3,0.0,0.0,0,0,0.0,0,0.0,0,0.0,0,0,1,0.0,0,0.0
Mo Alie-Cox,TE,IND,JAX,5,9.7,11.7,0,0,0.0,0,0.0,0,0.0,0,2,4,37.0,1,0.0
Mo Alie-Cox,TE,IND,TEN,6,4.1,8.1,0,0,0.0,0,0.0,0,0.0,0,4,4,41.0,0,0.0
Mo Alie-Cox,TE,IND,MIA,7,0.0,0.0,0,0,0.0,0,0.0,0,0.0,0,0,1,0.0,0,0.0
Mo Alie-Cox,TE,IND,HOU,8,0.0,0.0,0,0,0.0,0,0.0,0,0.0,0,0,1,0.0,0,0.0
Mo Alie-Cox,TE,IND,NYJ,11,1.7,3.7,0,0,0.0,0,0.0,0,0.0,0,2,3,17.0,0,0.0
Mo Alie-Cox,TE,IND,NE,13,1.5,3.5,0,0,0.0,0,0.0,0,0.0,0,2,2,15.0,0,0.0
Mo Alie-Cox,TE,IND,TEN,16,1.5,2.5,0,0,0.0,0,0.0,0,0.0,0,1,2,15.0,0,0.0
Mo Alie-Cox,TE,IND,NYG,17,0.0,0.0,0,0,0.0,0,0.0,0,0.0,0,0,1,0.0,0,0.0
Mo Alie-Cox,TE,IND,JAX,18,0.0,0.0,0,0,0.0,0,0.0,0,0.0,0,0,1,0.0,0,0.0
MyCole Pruitt,TE,PIT,ATL,1,0.9,1.9,0,0,0.0,0,0.0,0,0.0,0,1,2,9.0,0,0.0
MyCole Pruitt,TE,PIT,NYG,8,1.0,2.0,0,0,0.0,0,0.0,0,0.0,0,1,1,10.0,0,0.0
MyCole Pruitt,TE,PIT,WAS,10,0.0,0.0,0,0,0.0,0,0.0,0,0.0,0,0,1,0.0,0,0.0
MyCole Pruitt,TE,PIT,CIN,13,2.1,4.1,0,0,0.0,0,0.0,0,0.0,0,2,3,21.0,0,0.0
MyCole Pruitt,TE,PIT,CLE,14,-0.1,0.9,0,0,0.0,0,0.0,0,0.0,0,1,1,-1.0,0,0.0
MyCole Pruitt,TE,PIT,BAL,16,6.1,7.1,0,0,0.0,0,0.0,0,0.0,0,1,2,1.0,1,0.0
Myles Gaskin,RB,MIN,NYG,1,-0.3,-0.3,0,0,0.0,0,0.0,1,-3.0,0,0,0,0.0,0,0.0
Myles Gaskin,RB,MIN,NYJ,5,1.3,2.3,0,0,0.0,0,0.0,2,2.0,0,1,1,11.0,0,0.0
Najee Harris,RB,PIT,ATL,1,7.9,8.9,0,0,0.0,0,0.0,20,70.0,0,1,2,9.0,0,0.0
Najee Harris,RB,PIT,DEN,2,7.4,8.4,0,0,0.0,0,0.0,17,69.0,0,1,2,5.0,0,0.0
Najee Harris,RB,PIT,LAC,3,8.6,13.6,0,0,0.0,0,0.0,18,70.0,0,5,5,16.0,0,0.0
Najee Harris,RB,PIT,IND,4,7.3,10.3,0,0,0.0,0,0.0,13,19.0,0,3,6,54.0,0,0.0
Najee Harris,RB,PIT,DAL,5,7.7,9.7,0,0,0.0,0,0.0,14,42.0,0,2,2,35.0,0,0.0
Najee Harris,RB,PIT,LV,6,18.2,20.2,0,0,0.0,0,0.0,14,106.0,1,2,2,16.0,0,0.0
Najee Harris,RB,PIT,NYJ,7,16.2,16.2,0,0,0.0,0,0.0,21,102.0,1,0,1,0.0,0,0.0
Najee Harris,RB,PIT,NYG,8,13.1,16.1,0,0,0.0,0,0.0,19,114.0,0,3,4,17.0,0,0.0
Najee Harris,RB,PIT,WAS,10,11.3,11.3,0,0,0.0,0,0.0,21,53.0,1,0,0,0.0,0,0.0
Najee Harris,RB,PIT,BAL,11,9.3,13.3,0,0,0.0,0,0.0,18,63.0,0,4,5,30.0,0,0.0
Najee Harris,RB,PIT,CLE,12,5.4,7.4,0,0,0.0,0,0.0,16,41.0,0,2,2,13.0,0,0.0
Najee Harris,RB,PIT,CIN,13,18.9,24.9,0,0,0.0,0,0.0,16,75.0,1,6,6,54.0,0,0.0
Najee Harris,RB,PIT,CLE,14,11.3,11.3,0,0,0.0,0,0.0,16,53.0,1,0,0,0.0,0,0.0
Najee Harris,RB,PIT,PHI,15,2.1,3.1,0,0,0.0,0,0.0,6,14.0,0,1,1,7.0,0,0.0
Najee Harris,RB,PIT,BAL,16,4.2,4.2,0,0,0.0,0,0.0,9,42.0,0,0,1,0.0,0,0.0
Najee Harris,RB,PIT,KC,17,8.1,10.1,0,0,0.0,0,0.0,13,74.0,0,2,4,7.0,0,0.0
Najee Harris,RB,PIT,CIN,18,11.6,15.6,0,0,0.0,0,0.0,12,36.0,1,4,5,20.0,0,0.0
Nate Adkins,TE,DEN,PIT,2,0.0,0.0,0,0,0.0,0,0.0,0,0.0,0,0,1,0.0,0,0.0
Nate Adkins,TE,DEN,TB,3,0.6,1.6,0,0,0.0,0,0.0,0,0.0,0,1,1,6.0,0,0.0
Nate Adkins,TE,DEN,NYJ,4,0.0,1.0,0,0,0.0,0,0.0,0,0.0,0,1,1,0.0,0,0.0
Nate Adkins,TE,DEN,LV,5,0.8,1.8,0,0,0.0,0,0.0,0,0.0,0,1,1,8.0,0,0.0
Nate Adkins,TE,DEN,LAC,6,0.5,1.5,0,0,0.0,0,0.0,0,0.0,0,1,1,5.0,0,0.0
Nate Adkins,TE,DEN,CAR,8,6.3,7.3,0,0,0.0,0,0.0,0,0.0,0,1,1,3.0,1,0.0
Nate Adkins,TE,DEN,ATL,11,7.2,8.2,0,0,0.0,0,0.0,0,0.0,0,1,1,12.0,1,0.0
Nate Adkins,TE,DEN,CLE,13,1.6,2.6,0,0,0.0,0,0.0,0,0.0,0,1,1,16.0,0,0.0
Nate Adkins,TE,DEN,IND,15,7.5,8.5,0,0,0.0,0,0.0,0,0.0,0,1,1,15.0,1,0.0
Nate Adkins,TE,DEN,LAC,16,1.8,3.8,0,0,0.0,0,0.0,0,0.0,0,2,2,18.0,0,0.0
Nate Adkins,TE,DEN,CIN,17,0.7,1.7,0,0,0.0,0,0.0,0,0.0,0,1,1,7.0,0,0.0
Nate Adkins,TE,DEN,KC,18,2.5,5.5,0,0,0.0,0,0.0,0,0.0,0,3,3,25.0,0,0.0
Nelson Agholor,WR,BAL,KC,1,0.6,1.6,0,0,0.0,0,0.0,0,0.0,0,1,1,6.0,0,0.0
Nelson Agholor,WR,BAL,LV,2,1.3,2.3,0,0,0.0,0,0.0,0,0.0,0,1,3,13.0,0,0.0
Nelson Agholor,WR,BAL,DAL,3,5.6,6.6,0,0,0.0,0,0.0,0,0.0,0,1,1,56.0,0,0.0
Nelson Agholor,WR,BAL,BUF,4,1.0,3.0,0,0,0.0,0,0.0,0,0.0,0,2,3,10.0,0,0.0
Nelson Agholor,WR,BAL,CIN,5,0.4,1.4,0,0,0.0,0,0.0,0,0.0,0,1,4,4.0,0,0.0
Nelson Agholor,WR,BAL,WAS,6,2.5,3.5,0,0,0.0,0,0.0,0,0.0,0,1,3,25.0,0,0.0
Nelson Agholor,WR,BAL,TB,7,2.0,3.0,0,0,0.0,0,0.0,0,0.0,0,1,2,20.0,0,0.0
Nelson Agholor,WR,BAL,CLE,8,9.6,12.6,0,0,0.0,0,0.0,0,0.0,0,3,5,36.0,1,0.0
Nelson Agholor,WR,BAL,DEN,9,2.9,3.9,0,0,0.0,0,0.0,0,0.0,0,1,1,29.0,0,0.0
Nelson Agholor,WR,BAL,CIN,10,6.6,7.6,0,0,0.0,0,0.0,0,0.0,0,1,2,6.0,1,0.0
Nelson Agholor,WR,BAL,PIT,11,0.0,0.0,0,0,0.0,0,0.0,0,0.0,0,0,1,0.0,0,0.0
Nelson Agholor,WR,BAL,PHI,13,0.0,0.0,0,0,0.0,0,0.0,0,0.0,0,0,2,0.0,0,0.0
Nelson Agholor,WR,BAL,NYG,15,2.6,3.6,0,0,0.0,0,0.0,0,0.0,0,1,1,26.0,0,0.0
Nick Chubb,RB,CLE,CIN,7,9.2,10.2,0,0,0.0,0,0.0,11,22.0,1,1,3,10.0,0,0.0
Nick Chubb,RB,CLE,BAL,8,5.2,5.2,0,0,0.0,0,0.0,16,52.0,0,0,2,0.0,0,0.0
Nick Chubb,RB,CLE,LAC,9,3.5,4.5,0,0,0.0,0,0.0,15,39.0,0,1,1,-4.0,0,0.0
Nick Chubb,RB,CLE,NO,11,5.0,5.0,0,0,0.0,0,0.0,11,50.0,0,0,0,0.0,0,0.0
Nick Chubb,RB,CLE,PIT,12,18.0,19.0,0,0,0.0,0,0.0,20,59.0,2,1,1,1.0,0,0.0
Nick Chubb,RB,CLE,DEN,13,10.5,12.5,0,0,0.0,0,0.0,9,21.0,0,2,2,24.0,1,0.0
Nick Chubb,RB,CLE,PIT,14,4.8,4.8,0,0,0.0,0,0.0,11,48.0,0,0,1,0.0,0,0.0
Nick Chubb,RB,CLE,KC,15,2.1,2.1,0,0,0.0,0,0.0,9,41.0,0,0,1,0.0,0,0.0
Nick Mullens,QB,MIN,HOU,3,0.0,0.0,0,0,0.0,0,0.0,1,0.0,0,0,0,0.0,0,0.0
Nick Mullens,QB,MIN,NYJ,5,0.96,0.96,1,1,24.0,0,0.0,0,0.0,0,0,0,0.0,0,0.0
Nick Mullens,QB,MIN,CHI,12,0.56,0.56,1,1,14.0,0,0.0,0,0.0,0,0,0,0.0,0,0.0
Nick Mullens,QB,MIN,ATL,14,-0.2,-0.2,0,0,0.0,0,0.0,2,-2.0,0,0,0,0.0,0,0.0
Nick Vannett,TE,TEN,CHI,1,1.1,3.1,0,0,0.0,0,0.0,0,0.0,0,2,2,11.0,0,0.0
Nick Vannett,TE,TEN,GB,3,6.9,8.9,0,0,0.0,0,0.0,0,0.0,0,2,2,9.0,1,0.0
Nick Vannett,TE,TEN,BUF,7,2.5,6.5,0,0,0.0,0,0.0,0,0.0,0,4,4,25.0,0,0.0
Nick Vannett,TE,TEN,DET,8,0.0,0.0,0,0,0.0,0,0.0,0,0.0,0,0,1,0.0,0,0.0
Nick Vannett,TE,TEN,NE,9,9.3,11.3,0,0,0.0,0,0.0,0,0.0,0,2,2,33.0,1,0.0
Nick Vannett,TE,TEN,MIN,11,0.6,1.6,0,0,0.0,0,0.0,0,0.0,0,1,1,6.0,0,0.0
Nick Vannett,TE,TEN,HOU,12,0.0,0.0,0,0,0.0,0,0.0,0,0.0,0,0,1,0.0,0,0.0
Nick Vannett,TE,TEN,WAS,13,0.6,1.6,0,0,0.0,0,0.0,0,0.0,0,1,1,6.0,0,0.0
Nick Vannett,TE,TEN,JAX,14,0.4,1.4,0,0,0.0,0,0.0,0,0.0,0,1,2,4.0,0,0.0
Nick Vannett,TE,TEN,CIN,15,0.7,1.7,0,0,0.0,0,0.0,0,0.0,0,1,1,7.0,0,0.0
Nick Vannett,TE,TEN,JAX,17,6.8,7.8,0,0,0.0,0,0.0,0,0.0,0,1,1,8.0,1,0.0
Nick Vannett,TE,TEN,HOU,18,2.6,4.6,0,0,0.0,0,0.0,0,0.0,0,2,2,26.0,0,0.0
Nick Westbrook-Ikhine,WR,TEN,IND,6,6.9,7.9,0,0,0.0,0,0.0,0,0.0,0,1,2,9.0,1,0.0
Nick Westbrook-Ikhine,WR,TEN,BUF,7,7.0,9.0,0,0,0.0,0,0.0,0,0.0,0,2,4,10.0,1,0.0
Nick Westbrook-Ikhine,WR,TEN,DET,8,9.9,11.9,0,0,0.0,0,0.0,0,0.0,0,2,4,39.0,1,0.0
Nick Westbrook-Ikhine,WR,TEN,NE,9,11.0,16.0,0,0,0.0,0,0.0,0,0.0,0,5,6,50.0,1,0.0
Nick Westbrook-Ikhine,WR,TEN,LAC,10,3.1,6.1,0,0,0.0,0,0.0,0,0.0,0,3,3,31.0,0,0.0
Nick Westbrook-Ikhine,WR,TEN,MIN,11,17.7,19.7,0,0,0.0,0,0.0,0,0.0,0,2,6,117.0,1,0.0
Nick Westbrook-Ikhine,WR,TEN,HOU,12,10.8,12.8,0,0,0.0,0,0.0,0,0.0,0,2,5,48.0,1,0.0
Nick Westbrook-Ikhine,WR,TEN,WAS,13,18.1,21.1,0,0,0.0,0,0.0,0,0.0,0,3,8,61.0,2,0.0
Nick Westbrook-Ikhine,WR,TEN,JAX,14,1.9,2.9,0,0,0.0,0,0.0,0,0.0,0,1,2,19.0,0,0.0
Nick Westbrook-Ikhine,WR,TEN,CIN,15,0.9,2.9,0,0,0.0,0,0.0,0,0.0,0,2,3,9.0,0,0.0
Nick Westbrook-Ikhine,WR,TEN,IND,16,7.7,9.7,0,0,0.0,0,0.0,0,0.0,0,2,4,17.0,1,0.0
Nick Westbrook-Ikhine,WR,TEN,JAX,17,3.7,6.7,0,0,0.0,0,0.0,0,0.0,0,3,6,37.0,0,0.0
Nick Westbrook-Ikhine,WR,TEN,HOU,18,5.0,9.0,0,0,0.0,0,0.0,0,0.0,0,4,7,50.0,0,0.0
Nico Collins,WR,HOU,IND,1,11.7,17.7,0,0,0.0,0,0.0,0,0.0,0,6,8,117.0,0,0.0
Nico Collins,WR,HOU,CHI,2,19.5,27.5,0,0,0.0,0,0.0,0,0.0,0,8,10,135.0,1,0.0
Nico Collins,WR,HOU,MIN,3,8.6,12.6,0,0,0.0,0,0.0,0,0.0,0,4,10,86.0,0,0.0
Nico Collins,WR,HOU,JAX,4,21.1,33.1,0,0,0.0,0,0.0,0,0.0,0,12,15,151.0,1,0.0
Nico Collins,WR,HOU,BUF,5,13.8,15.8,0,0,0.0,0,0.0,0,0.0,0,2,2,78.0,1,0.0
Nico Collins,WR,HOU,DAL,11,5.4,9.4,0,0,0.0,0,0.0,0,0.0,0,4,7,54.0,0,0.0
Nico Collins,WR,HOU,TEN,12,15.2,20.2,0,0,0.0,0,0.0,0,0.0,0,5,9,92.0,1,0.0
Nico Collins,WR,HOU,JAX,13,11.9,19.9,0,0,0.0,0,0.0,0,0.0,0,8,11,119.0,0,0.0
Nico Collins,WR,HOU,MIA,15,13.7,17.7,0,0,0.0,0,0.0,0,0.0,0,4,6,17.0,2,0.0
Nico Collins,WR,HOU,KC,16,6.0,13.0,0,0,0.0,0,0.0,0,0.0,0,7,10,60.0,0,0.0
Nico Collins,WR,HOU,BAL,17,5.9,8.9,0,0,0.0,0,0.0,0,0.0,0,3,6,59.0,0,0.0
Nico Collins,WR,HOU,TEN,18,9.8,14.8,0,0,0.0,0,0.0,0,0.0,0,5,5,38.0,1,0.0
Nikko Remigio,WR,KC,DEN,18,4.8,6.8,0,0,0.0,0,0.0,0,0.0,0,2,6,48.0,0,0.0
Noah Brown,WR,WAS,NYG,2,5.6,8.6,0,0,0.0,0,0.0,0,0.0,0,3,3,56.0,0,0.0
Noah Brown,WR,WAS,CIN,3,2.9,5.9,0,0,0.0,0,0.0,0,0.0,0,3,3,29.0,0,0.0
Noah Brown,WR,WAS,ARI,4,2.6,5.6,0,0,0.0,0,0.0,0,0.0,0,3,4,26.0,0,0.0
Noah Brown,WR,WAS,BAL,6,5.8,9.8,0,0,0.0,0,0.0,0,0.0,0,4,8,58.0,0,0.0
Noah Brown,WR,WAS,CAR,7,1.6,2.6,0,0,0.0,0,0.0,0,0.0,0,1,1,16.0,0,0.0
Noah Brown,WR,WAS,CHI,8,13.3,16.3,0,0,0.0,0,0.0,0,0.0,0,3,6,73.0,1,0.0
Noah Brown,WR,WAS,NYG,9,6.0,11.0,0,0,0.0,0,0.0,0,0.0,0,5,6,60.0,0,0.0
Noah Brown,WR,WAS,PIT,10,3.3,6.3,0,0,0.0,0,0.0,0,0.0,0,3,7,33.0,0,0.0
Noah Brown,WR,WAS,PHI,11,0.4,1.4,0,0,0.0,0,0.0,0,0.0,0,1,4,4.0,0,0.0
Noah Brown,WR,WAS,DAL,12,7.1,13.1,0,0,0.0,0,0.0,0,0.0,0,6,10,71.0,0,0.0
Noah Brown,WR,WAS,TEN,13,2.7,5.7,0,0,0.0,0,0.0,0,0.0,0,3,4,27.0,0,0.0
Noah Fant,TE,SEA,DEN,1,1.1,3.1,0,0,0.0,0,0.0,0,0.0,0,2,4,11.0,0,0.0
Noah Fant,TE,SEA,NE,2,1.4,2.4,0,0,0.0,0,0.0,0,0.0,0,1,3,14.0,0,0.0
Noah Fant,TE,SEA,MIA,3,6.0,12.0,0,0,0.0,0,0.0,0,0.0,0,6,6,60.0,0,0.0
Noah Fant,TE,SEA,DET,4,2.6,4.6,0,0,0.0,0,0.0,0,0.0,0,2,2,26.0,0,0.0
Noah Fant,TE,SEA,NYG,5,2.4,5.4,0,0,0.0,0,0.0,0,0.0,0,3,3,24.0,0,0.0
Noah Fant,TE,SEA,SF,6,6.3,12.3,0,0,0.0,0,0.0,0,0.0,0,6,6,63.0,0,0.0
Noah Fant,TE,SEA,ATL,7,6.5,10.5,0,0,0.0,0,0.0,0,0.0,0,4,4,65.0,0,0.0
Noah Fant,TE,SEA,BUF,8,2.2,5.2,0,0,0.0,0,0.0,0,0.0,0,3,4,22.0,0,0.0
Noah Fant,TE,SEA,NYJ,13,2.6,5.6,0,0,0.0,0,0.0,0,0.0,0,3,4,26.0,0,0.0
Noah Fant,TE,SEA,ARI,14,1.8,4.8,0,0,0.0,0,0.0,0,0.0,0,3,4,18.0,0,0.0
Noah Fant,TE,SEA,GB,15,1.5,4.5,0,0,0.0,0,0.0,0,0.0,0,3,7,15.0,0,0.0
Noah Fant,TE,SEA,MIN,16,5.0,8.0,0,0,0.0,0,0.0,0,0.0,0,3,6,50.0,0,0.0
Noah Fant,TE,SEA,CHI,17,4.3,8.3,0,0,0.0,0,0.0,0,0.0,0,4,5,43.0,0,0.0
Noah Fant,TE,SEA,LA,18,12.3,17.3,0,0,0.0,0,0.0,0,0.0,0,5,6,63.0,1,0.0
Noah Gray,TE,KC,BAL,1,3.7,6.7,0,0,0.0,0,0.0,0,0.0,0,3,3,37.0,0,0.0
Noah Gray,TE,KC,ATL,3,1.3,2.3,0,0,0.0,0,0.0,0,0.0,0,1,2,13.0,0,0.0
Noah Gray,TE,KC,LAC,4,4.0,8.0,0,0,0.0,0,0.0,0,0.0,0,4,4,40.0,0,0.0
Noah Gray,TE,KC,NO,5,2.9,4.9,0,0,0.0,0,0.0,0,0.0,0,2,2,29.0,0,0.0
Noah Gray,TE,KC,SF,7,6.6,10.6,0,0,0.0,0,0.0,0,0.0,0,4,4,66.0,0,0.0
Noah Gray,TE,KC,LV,8,2.3,5.3,0,0,0.0,0,0.0,0,0.0,0,3,3,23.0,0,0.0
Noah Gray,TE,KC,TB,9,0.0,0.0,0,0,0.0,0,0.0,0,0.0,0,0,1,0.0,0,0.0
Noah Gray,TE,KC,DEN,10,1.8,3.8,0,0,0.0,0,0.0,0,0.0,0,2,2,18.0,0,0.0
Noah Gray,TE,KC,BUF,11,14.3,18.3,0,0,0.0,0,0.0,0,0.0,0,4,5,23.0,2,0.0
Noah Gray,TE,KC,CAR,12,18.6,22.6,0,0,0.0,0,0.0,0,0.0,0,4,4,66.0,2,0.0
Noah Gray,TE,KC,LV,13,5.8,9.8,0,0,0.0,0,0.0,0,0.0,0,4,6,58.0,0,0.0
Noah Gray,TE,KC,LAC,14,2.6,6.6,0,0,0.0,0,0.0,0,0.0,0,4,5,26.0,0,0.0
Noah Gray,TE,KC,CLE,15,8.1,10.1,0,0,0.0,0,0.0,0,0.0,0,2,5,21.0,1,0.0
Noah Gray,TE,KC,HOU,16,1.0,2.0,0,0,0.0,0,0.0,0,0.0,0,1,1,10.0,0,0.0
Noah Gray,TE,KC,PIT,17,0.6,1.6,0,0,0.0,0,0.0,0,0.0,0,1,1,6.0,0,0.0
Noah Gray,TE,KC,DEN,18,-0.3,0.7,0,0,0.0,0,0.0,1,-4.0,0,1,1,1.0,0,0.0
Odell Beckham,WR,MIA,NE,5,0.0,0.0,0,0,0.0,0,0.0,0,0.0,0,0,2,0.0,0,0.0
Odell Beckham,WR,MIA,IND,7,0.0,0.0,0,0,0.0,0,0.0,0,0.0,0,0,2,0.0,0,0.0
Odell Beckham,WR,MIA,BUF,9,1.5,4.5,0,0,0.0,0,0.0,0,0.0,0,3,3,15.0,0,0.0
Odell Beckham,WR,MIA,LA,10,1.7,3.7,0,0,0.0,0,0.0,0,0.0,0,2,2,17.0,0,0.0
Odell Beckham,WR,MIA,LV,11,1.3,3.3,0,0,0.0,0,0.0,0,0.0,0,2,4,13.0,0,0.0
Odell Beckham,WR,MIA,NE,12,0.0,0.0,0,0,0.0,0,0.0,0,0.0,0,0,3,0.0,0,0.0
Odell Beckham,WR,MIA,GB,13,0.9,1.9,0,0,0.0,0,0.0,0,0.0,0,1,2,9.0,0,0.0
Odell Beckham,WR,MIA,NYJ,14,0.1,1.1,0,0,0.0,0,0.0,0,0.0,0,1,1,1.0,0,0.0
Olamide Zaccheaus,WR,WAS,TB,1,1.5,2.5,0,0,0.0,0,0.0,0,0.0,0,1,3,15.0,0,0.0
Olamide Zaccheaus,WR,WAS,NYG,2,1.4,4.4,0,0,0.0,0,0.0,0,0.0,0,3,3,14.0,0,0.0
Olamide Zaccheaus,WR,WAS,ARI,4,8.5,14.5,0,0,0.0,0,0.0,0,0.0,0,6,6,85.0,0,0.0
Olamide Zaccheaus,WR,WAS,CLE,5,1.0,2.0,0,0,0.0,0,0.0,0,0.0,0,1,3,10.0,0,0.0
Olamide Zaccheaus,WR,WAS,BAL,6,2.7,6.7,0,0,0.0,0,0.0,0,0.0,0,4,6,27.0,0,0.0
Olamide Zaccheaus,WR,WAS,CAR,7,2.5,6.5,0,0,0.0,0,0.0,0,0.0,0,4,6,25.0,0,0.0
Olamide Zaccheaus,WR,WAS,NYG,9,4.8,6.8,0,0,0.0,0,0.0,0,0.0,0,2,2,48.0,0,0.0
Olamide Zaccheaus,WR,WAS,PIT,10,0.8,1.8,0,0,0.0,0,0.0,0,0.0,0,1,3,8.0,0,0.0
Olamide Zaccheaus,WR,WAS,PHI,11,1.0,2.0,0,0,0.0,0,0.0,0,0.0,0,1,2,10.0,0,0.0
Olamide Zaccheaus,WR,WAS,DAL,12,0.8,1.8,0,0,0.0,0,0.0,0,0.0,0,1,1,8.0,0,0.0
Olamide Zaccheaus,WR,WAS,TEN,13,1.4,4.4,0,0,0.0,0,0.0,0,0.0,0,3,3,14.0,0,0.0
Olamide Zaccheaus,WR,WAS,NO,15,3.6,6.6,0,0,0.0,0,0.0,0,0.0,0,3,4,36.0,0,0.0
Olamide Zaccheaus,WR,WAS,PHI,16,19.0,24.0,0,0,0.0,0,0.0,0,0.0,0,5,8,70.0,2,0.0
Olamide Zaccheaus,WR,WAS,ATL,17,15.3,23.3,0,0,0.0,0,0.0,1,8.0,0,8,9,85.0,1,0.0
Olamide Zaccheaus,WR,WAS,DAL,18,5.1,7.1,0,0,0.0,0,0.0,0,0.0,0,2,5,51.0,0,0.0
Parker Washington,WR,JAX,MIA,1,0.3,1.3,0,0,0.0,0,0.0,0,0.0,0,1,1,3.0,0,0.0
Parker Washington,WR,JAX,CLE,2,0.0,0.0,0,0,0.0,0,0.0,0,0.0,0,0,1,0.0,0,0.0
Parker Washington,WR,JAX,BUF,3,1.8,3.8,0,0,0.0,0,0.0,0,0.0,0,2,3,18.0,0,0.0
Parker Washington,WR,JAX,JAX,7,6.0,6.0,0,0,0.0,0,0.0,0,0.0,0,0,0,0.0,0,0.0
Parker Washington,WR,JAX,GB,8,4.6,7.6,0,0,0.0,0,0.0,0,0.0,0,3,4,46.0,0,0.0
Parker Washington,WR,JAX,PHI,9,4.1,7.1,0,0,0.0,0,0.0,0,0.0,0,3,6,41.0,0,0.0
Parker Washington,WR,JAX,DET,11,1.0,2.0,0,0,0.0,0,0.0,0,0.0,0,1,3,10.0,0,0.0
Parker Washington,WR,JAX,HOU,13,18.3,24.3,0,0,0.0,0,0.0,0,0.0,0,6,12,103.0,1,0.0
Parker Washington,WR,JAX,TEN,14,1.5,3.5,0,0,0.0,0,0.0,0,0.0,0,2,2,15.0,0,0.0
Parker Washington,WR,JAX,NYJ,15,5.4,8.4,0,0,0.0,0,0.0,0,0.0,0,3,6,54.0,0,0.0
Parker Washington,WR,JAX,LV,16,5.4,11.4,0,0,0.0,0,0.0,0,0.0,0,6,6,54.0,0,0.0
Parker Washington,WR,JAX,TEN,17,9.1,12.1,0,0,0.0,0,0.0,0,0.0,0,3,3,31.0,1,0.0
Parker Washington,WR,JAX,IND,18,7.5,9.5,0,0,0.0,0,0.0,0,0.0,0,2,4,15.0,1,0.0
Parris Campbell,WR,PHI,NO,3,1.3,3.3,0,0,0.0,0,0.0,0,0.0,0,2,2,13.0,0,0.0
Parris Campbell,WR,PHI,TB,4,7.7,11.7,0,0,0.0,0,0.0,0,0.0,0,4,4,17.0,1,0.0
Parris Campbell,WR,PHI,NYG,7,0.0,0.0,0,0,0.0,0,0.0,0,0.0,0,0,1,0.0,0,0.0
Parris Campbell,WR,PHI,BAL,13,0.0,0.0,0,0,0.0,0,0.0,0,0.0,0,0,1,0.0,0,0.0
Pat Freiermuth,TE,PIT,ATL,1,2.7,6.7,0,0,0.0,0,0.0,0,0.0,0,4,4,27.0,0,0.0
Pat Freiermuth,TE,PIT,DEN,2,3.9,7.9,0,0,0.0,0,0.0,0,0.0,0,4,4,39.0,0,0.0
Pat Freiermuth,TE,PIT,LAC,3,3.3,7.3,0,0,0.0,0,0.0,0,0.0,0,4,5,33.0,0,0.0
Pat Freiermuth,TE,PIT,IND,4,11.7,16.7,0,0,0.0,0,0.0,0,0.0,0,5,7,57.0,1,0.0
Pat Freiermuth,TE,PIT,DAL,5,6.2,9.2,0,0,0.0,0,0.0,0,0.0,0,3,3,22.0,1,0.0
Pat Freiermuth,TE,PIT,LV,6,1.6,3.6,0,0,0.0,0,0.0,0,0.0,0,2,3,16.0,0,0.0
Pat Freiermuth,TE,PIT,NYJ,7,5.1,7.1,0,0,0.0,0,0.0,0,0.0,0,2,3,51.0,0,0.0
Pat Freiermuth,TE,PIT,NYG,8,1.9,3.9,0,0,0.0,0,0.0,0,0.0,0,2,2,19.0,0,0.0
Pat Freiermuth,TE,PIT,WAS,10,7.7,10.7,0,0,0.0,0,0.0,0,0.0,0,3,3,17.0,1,0.0
Pat Freiermuth,TE,PIT,BAL,11,1.4,3.4,0,0,0.0,0,0.0,0,0.0,0,2,2,14.0,0,0.0
Pat Freiermuth,TE,PIT,CLE,12,5.9,9.9,0,0,0.0,0,0.0,0,0.0,0,4,4,59.0,0,0.0
Pat Freiermuth,TE,PIT,CIN,13,12.8,18.8,0,0,0.0,0,0.0,0,0.0,0,6,7,68.0,1,0.0
Pat Freiermuth,TE,PIT,CLE,14,10.8,13.8,0,0,0.0,0,0.0,0,0.0,0,3,3,48.0,1,0.0
Pat Freiermuth,TE,PIT,PHI,15,8.2,11.2,0,0,0.0,0,0.0,0,0.0,0,3,6,22.0,1,0.0
Pat Freiermuth,TE,PIT,BAL,16,1.6,4.6,0,0,0.0,0,0.0,0,0.0,0,3,3,16.0,0,0.0
Pat Freiermuth,TE,PIT,KC,17,4.0,11.0,0,0,0.0,0,0.0,0,0.0,0,7,8,60.0,0,0.0
Pat Freiermuth,TE,PIT,CIN,18,14.5,22.5,0,0,0.0,0,0.0,0,0.0,0,8,11,85.0,1,0.0
Patrick Mahomes,QB,KC,BAL,1,14.14,15.14,20,28,291.0,1,1.0,2,3.0,0,1,1,2.0,0,2.0
Patrick Mahomes,QB,KC,CIN,2,12.94,12.94,18,25,151.0,2,2.0,4,29.0,0,0,0,0.0,0,2.0
Patrick Mahomes,QB,KC,ATL,3,16.38,16.38,26,39,217.0,2,1.0,6,17.0,0,0,0,0.0,0,0.0
Patrick Mahomes,QB,KC,LAC,4,13.0,13.0,19,29,245.0,1,1.0,5,12.0,0,0,0,0.0,0,3.0
Patrick Mahomes,QB,KC,NO,5,13.44,13.44,28,39,331.0,0,1.0,6,22.0,0,0,0,0.0,0,2.0
Patrick Mahomes,QB,KC,SF,7,12.06,12.06,16,27,154.0,0,2.0,5,39.0,1,0,0,0.0,0,2.0
Patrick Mahomes,QB,KC,LV,8,18.18,18.18,27,38,262.0,2,1.0,6,17.0,0,0,0,0.0,0,1.0
Patrick Mahomes,QB,KC,TB,9,24.54,24.54,34,44,291.0,3,0.0,2,9.0,0,0,0,0.0,0,4.0
Patrick Mahomes,QB,KC,DEN,10,16.54,16.54,28,42,266.0,1,0.0,3,19.0,0,0,0,0.0,0,4.0
Patrick Mahomes,QB,KC,BUF,11,15.84,15.84,23,33,196.0,3,2.0,0,0.0,0,0,0,0.0,0,2.0
Patrick Mahomes,QB,KC,CAR,12,28.76,28.76,27,37,269.0,3,0.0,5,60.0,0,0,0,0.0,0,5.0
Patrick Mahomes,QB,KC,LV,13,16.64,16.64,26,46,306.0,1,0.0,2,4.0,0,0,0,0.0,0,5.0
Patrick Mahomes,QB,KC,LAC,14,14.1,14.1,24,37,210.0,1,0.0,4,17.0,0,0,0,0.0,0,3.0
Patrick Mahomes,QB,KC,CLE,15,15.76,15.76,19,38,159.0,2,0.0,2,14.0,0,0,0,0.0,0,0.0
Patrick Mahomes,QB,KC,HOU,16,23.7,23.7,28,41,260.0,1,0.0,5,33.0,1,0,0,0.0,0,1.0
Patrick Mahomes,QB,KC,PIT,17,26.0,26.0,29,38,320.0,3,0.0,1,12.0,0,0,0,0.0,0,0.0
Patrick Ricard,FB,BAL,LV,2,0.0,0.0,0,0,0.0,0,0.0,0,0.0,0,0,1,0.0,0,0.0
Patrick Ricard,FB,BAL,TB,7,0.0,0.0,0,0,0.0,0,0.0,0,0.0,0,0,1,0.0,0,0.0
Patrick Ricard,FB,BAL,DEN,9,6.3,7.3,0,0,0.0,0,0.0,0,0.0,0,1,1,3.0,1,0.0
Patrick Ricard,FB,BAL,PIT,11,0.5,1.5,0,0,0.0,0,0.0,0,0.0,0,1,1,5.0,0,0.0
Patrick Ricard,FB,BAL,CLE,18,1.4,2.4,0,0,0.0,0,0.0,0,0.0,0,1,1,14.0,0,0.0
Patrick Taylor,RB,SF,SEA,6,2.8,3.8,0,0,0.0,0,0.0,5,16.0,0,1,1,12.0,0,0.0
Patrick Taylor,RB,SF,DAL,8,0.9,0.9,0,0,0.0,0,0.0,2,9.0,0,0,0,0.0,0,0.0
Patrick Taylor,RB,SF,CHI,14,8.5,8.5,0,0,0.0,0,0.0,7,25.0,1,0,1,0.0,0,0.0
Patrick Taylor,RB,SF,MIA,16,2.5,3.5,0,0,0.0,0,0.0,8,24.0,0,1,5,1.0,0,0.0
Patrick Taylor,RB,SF,ARI,18,12.1,13.1,0,0,0.0,0,0.0,17,109.0,0,1,4,12.0,0,0.0
Payne Durham,TE,TB,DEN,3,0.8,1.8,0,0,0.0,0,0.0,0,0.0,0,1,1,8.0,0,0.0
Payne Durham,TE,TB,NYG,12,2.6,3.6,0,0,0.0,0,0.0,0,0.0,0,1,1,26.0,0,0.0
Payne Durham,TE,TB,DAL,16,2.9,7.9,0,0,0.0,0,0.0,0,0.0,0,5,7,29.0,0,0.0
Payne Durham,TE,TB,CAR,17,9.6,11.6,0,0,0.0,0,0.0,0,0.0,0,2,3,36.0,1,0.0
Payne Durham,TE,TB,NO,18,7.6,9.6,0,0,0.0,0,0.0,0,0.0,0,2,2,16.0,1,0.0
Penei Sewell,T,DET,CHI,13,0.0,0.0,0,0,0.0,0,0.0,0,0.0,0,0,0,0.0,0,1.0
Peyton Hendershot,TE,KC,TB,9,0.9,1.9,0,0,0.0,0,0.0,0,0.0,0,1,1,9.0,0,0.0
Peyton Hendershot,TE,KC,DEN,10,0.6,1.6,0,0,0.0,0,0.0,0,0.0,0,1,1,6.0,0,0.0
Peyton Hendershot,TE,KC,BUF,11,1.1,2.1,0,0,0.0,0,0.0,0,0.0,0,1,1,11.0,0,0.0
Peyton Hendershot,TE,KC,DEN,18,2.5,4.5,0,0,0.0,0,0.0,0,0.0,0,2,2,25.0,0,0.0
Pharaoh Brown,TE,SEA,MIA,3,0.9,1.9,0,0,0.0,0,0.0,0,0.0,0,1,2,9.0,0,0.0
Pharaoh Brown,TE,SEA,DET,4,0.3,1.3,0,0,0.0,0,0.0,0,0.0,0,1,2,3.0,0,0.0
Pharaoh Brown,TE,SEA,NYG,5,0.7,1.7,0,0,0.0,0,0.0,0,0.0,0,1,1,7.0,0,0.0
Pharaoh Brown,TE,SEA,ARI,12,1.9,3.9,0,0,0.0,0,0.0,0,0.0,0,2,2,19.0,0,0.0
Pharaoh Brown,TE,SEA,NYJ,13,0.0,0.0,0,0,0.0,0,0.0,0,0.0,0,0,1,0.0,0,0.0
Pharaoh Brown,TE,SEA,ARI,14,0.6,1.6,0,0,0.0,0,0.0,0,0.0,0,1,2,6.0,0,0.0
Pharaoh Brown,TE,SEA,MIN,16,1.7,2.7,0,0,0.0,0,0.0,0,0.0,0,1,1,17.0,0,0.0
Pharaoh Brown,TE,SEA,CHI,17,-1.6,-0.6,0,0,0.0,0,0.0,0,0.0,0,1,1,4.0,0,0.0
Pierre Strong,RB,CLE,DAL,1,3.0,5.0,0,0,0.0,0,0.0,2,10.0,0,2,3,20.0,0,0.0
Pierre Strong,RB,CLE,JAX,2,0.5,1.5,0,0,0.0,0,0.0,1,-5.0,0,1,2,10.0,0,0.0
Pierre Strong,RB,CLE,WAS,5,0.2,0.2,0,0,0.0,0,0.0,1,2.0,0,0,1,0.0,0,0.0
Pierre Strong,RB,CLE,PHI,6,7.8,9.8,0,0,0.0,0,0.0,8,43.0,0,2,3,35.0,0,0.0
Pierre Strong,RB,CLE,CIN,7,1.5,2.5,0,0,0.0,0,0.0,3,6.0,0,1,3,9.0,0,0.0
Pierre Strong,RB,CLE,BAL,8,0.3,1.3,0,0,0.0,0,0.0,0,0.0,0,1,1,3.0,0,0.0
Pierre Strong,RB,CLE,LAC,9,0.8,0.8,0,0,0.0,0,0.0,2,8.0,0,0,0,0.0,0,0.0
Pierre Strong,RB,CLE,NO,11,0.5,0.5,0,0,0.0,0,0.0,2,5.0,0,0,0,0.0,0,0.0
Pierre Strong,RB,CLE,PIT,14,0.9,2.9,0,0,0.0,0,0.0,0,0.0,0,2,2,9.0,0,0.0
Pierre Strong,RB,CLE,CIN,16,0.9,2.9,0,0,0.0,0,0.0,2,6.0,0,2,2,3.0,0,0.0
Pierre Strong,RB,CLE,MIA,17,4.8,7.8,0,0,0.0,0,0.0,5,33.0,0,3,5,15.0,0,0.0
Puka Nacua,WR,LA,DET,1,4.2,8.2,0,0,0.0,0,0.0,1,7.0,0,4,4,35.0,0,0.0
Puka Nacua,WR,LA,MIN,8,11.1,18.1,0,0,0.0,0,0.0,2,5.0,0,7,9,106.0,0,0.0
Puka Nacua,WR,LA,SEA,9,1.1,2.1,0,0,0.0,0,0.0,0,0.0,0,1,4,11.0,0,0.0
Puka Nacua,WR,LA,MIA,10,9.8,18.8,0,0,0.0,0,0.0,0,0.0,0,9,14,98.0,0,0.0
Puka Nacua,WR,LA,NE,11,18.3,25.3,0,0,0.0,0,0.0,0,0.0,0,7,9,123.0,1,0.0
Puka Nacua,WR,LA,PHI,12,11.7,20.7,0,0,0.0,0,0.0,0,0.0,0,9,13,117.0,0,0.0
Puka Nacua,WR,LA,NO,13,12.3,17.3,0,0,0.0,0,0.0,1,7.0,0,5,8,56.0,1,0.0
Puka Nacua,WR,LA,BUF,14,29.8,41.8,0,0,0.0,0,0.0,5,16.0,1,12,14,162.0,1,0.0
Puka Nacua,WR,LA,SF,15,10.8,17.8,0,0,0.0,0,0.0,2,11.0,0,7,8,97.0,0,0.0
Puka Nacua,WR,LA,NYJ,16,5.6,13.6,0,0,0.0,0,0.0,0,0.0,0,8,9,56.0,0,0.0
Puka Nacua,WR,LA,ARI,17,12.9,22.9,0,0,0.0,0,0.0,0,0.0,0,10,14,129.0,0,0.0
Quentin Johnston,WR,LAC,LV,1,3.8,6.8,0,0,0.0,0,0.0,0,0.0,0,3,5,38.0,0,0.0
Quentin Johnston,WR,LAC,CAR,2,17.1,22.1,0,0,0.0,0,0.0,0,0.0,0,5,6,51.0,2,0.0
Quentin Johnston,WR,LAC,PIT,3,10.4,12.4,0,0,0.0,0,0.0,0,0.0,0,2,2,44.0,1,0.0
Quentin Johnston,WR,LAC,KC,4,1.3,2.3,0,0,0.0,0,0.0,1,4.0,0,1,5,9.0,0,0.0
Quentin Johnston,WR,LAC,DEN,6,2.2,5.2,0,0,0.0,0,0.0,1,0.0,0,3,4,22.0,0,0.0
Quentin Johnston,WR,LAC,CLE,9,18.0,22.0,0,0,0.0,0,0.0,1,2.0,0,4,5,118.0,1,0.0
Quentin Johnston,WR,LAC,TEN,10,8.4,10.4,0,0,0.0,0,0.0,0,0.0,0,2,2,24.0,1,0.0
Quentin Johnston,WR,LAC,CIN,11,10.8,12.8,0,0,0.0,0,0.0,0,0.0,0,2,8,48.0,1,0.0
Quentin Johnston,WR,LAC,BAL,12,0.0,0.0,0,0,0.0,0,0.0,0,0.0,0,0,5,0.0,0,0.0
Quentin Johnston,WR,LAC,ATL,13,1.2,3.2,0,0,0.0,0,0.0,0,0.0,0,2,4,12.0,0,0.0
Quentin Johnston,WR,LAC,KC,14,10.8,15.8,0,0,0.0,0,0.0,0,0.0,0,5,7,48.0,1,0.0
Quentin Johnston,WR,LAC,TB,15,10.5,15.5,0,0,0.0,0,0.0,0,0.0,0,5,10,45.0,1,0.0
Quentin Johnston,WR,LAC,DEN,16,1.8,4.8,0,0,0.0,0,0.0,0,0.0,0,3,6,18.0,0,0.0
Quentin Johnston,WR,LAC,NE,17,4.8,9.8,0,0,0.0,0,0.0,0,0.0,0,5,8,48.0,0,0.0
Quentin Johnston,WR,LAC,LV,18,18.6,31.6,0,0,0.0,0,0.0,0,0.0,0,13,14,186.0,0,0.0
Quintin Morris,TE,BUF,MIA,9,6.2,7.2,0,0,0.0,0,0.0,0,0.0,0,1,1,2.0,1,0.0
Quintin Morris,TE,BUF,KC,11,0.0,0.0,0,0,0.0,0,0.0,0,0.0,0,0,1,0.0,0,0.0
Quintin Morris,TE,BUF,SF,13,1.4,2.4,0,0,0.0,0,0.0,0,0.0,0,1,1,14.0,0,0.0
Quintin Morris,TE,BUF,NYJ,17,0.0,0.0,0,0,0.0,0,0.0,0,0.0,0,0,1,0.0,0,0.0
Quintin Morris,TE,BUF,NE,18,2.0,5.0,0,0,0.0,0,0.0,0,0.0,0,3,4,20.0,0,0.0
Rachaad White,RB,TB,WAS,1,10.6,16.6,0,0,0.0,0,0.0,15,31.0,0,6,6,75.0,0,0.0
Rachaad White,RB,TB,DET,2,2.3,3.3,0,0,0.0,0,0.0,10,18.0,0,1,1,5.0,0,0.0
Rachaad White,RB,TB,DEN,3,3.5,8.5,0,0,0.0,0,0.0,6,17.0,0,5,6,18.0,0,0.0
Rachaad White,RB,TB,PHI,4,8.4,10.4,0,0,0.0,0,0.0,10,49.0,0,2,3,35.0,0,0.0
Rachaad White,RB,TB,ATL,5,6.6,9.6,0,0,0.0,0,0.0,10,72.0,0,3,3,-6.0,0,0.0
Rachaad White,RB,TB,BAL,7,23.1,29.1,0,0,0.0,0,0.0,10,40.0,0,6,6,71.0,2,0.0
Rachaad White,RB,TB,ATL,8,10.7,15.7,0,0,0.0,0,0.0,6,29.0,0,5,6,38.0,1,0.0
Rachaad White,RB,TB,KC,9,9.5,12.5,0,0,0.0,0,0.0,3,19.0,1,3,3,16.0,0,0.0
Rachaad White,RB,TB,SF,10,13.0,19.0,0,0,0.0,0,0.0,10,31.0,0,6,7,39.0,1,0.0
Rachaad White,RB,TB,NYG,12,10.7,11.7,0,0,0.0,0,0.0,12,37.0,1,1,1,10.0,0,0.0
Rachaad White,RB,TB,CAR,13,7.8,8.8,0,0,0.0,0,0.0,11,76.0,0,1,1,2.0,0,0.0
Rachaad White,RB,TB,LV,14,22.9,24.9,0,0,0.0,0,0.0,17,90.0,1,2,3,19.0,1,0.0
Rachaad White,RB,TB,LAC,15,12.1,14.1,0,0,0.0,0,0.0,15,64.0,0,2,2,17.0,1,0.0
Rachaad White,RB,TB,DAL,16,4.0,11.0,0,0,0.0,0,0.0,3,10.0,0,7,8,50.0,0,0.0
Rachaad White,RB,TB,CAR,17,3.4,4.4,0,0,0.0,0,0.0,6,30.0,0,1,1,4.0,0,0.0
Raheem Blackshear,RB,CAR,ARI,16,1.3,1.3,0,0,0.0,0,0.0,3,13.0,0,0,0,0.0,0,0.0
Raheem Blackshear,RB,CAR,TB,17,2.0,2.0,0,0,0.0,0,0.0,8,20.0,0,0,0,0.0,0,0.0
Raheem Blackshear,RB,CAR,ATL,18,4.7,4.7,0,0,0.0,0,0.0,4,47.0,0,0,0,0.0,0,0.0
Raheem Mostert,RB,MIA,JAX,1,1.9,3.9,0,0,0.0,0,0.0,6,9.0,0,2,3,10.0,0,0.0
Raheem Mostert,RB,MIA,NE,5,9.8,11.8,0,0,0.0,0,0.0,19,80.0,0,2,2,18.0,0,0.0
Raheem Mostert,RB,MIA,IND,7,3.0,3.0,0,0,0.0,0,0.0,11,50.0,0,0,0,0.0,0,0.0
Raheem Mostert,RB,MIA,ARI,8,15.0,16.0,0,0,0.0,0,0.0,9,19.0,2,1,2,11.0,0,0.0
Raheem Mostert,RB,MIA,BUF,9,6.8,8.8,0,0,0.0,0,0.0,10,56.0,0,2,2,32.0,0,0.0
Raheem Mostert,RB,MIA,LA,10,3.4,5.4,0,0,0.0,0,0.0,0,0.0,0,2,3,34.0,0,0.0
Raheem Mostert,RB,MIA,LV,11,-0.2,-0.2,0,0,0.0,0,0.0,3,-2.0,0,0,0,0.0,0,0.0
Raheem Mostert,RB,MIA,NE,12,0.2,1.2,0,0,0.0,0,0.0,2,5.0,0,1,1,-3.0,0,0.0
Raheem Mostert,RB,MIA,GB,13,3.4,5.4,0,0,0.0,0,0.0,5,19.0,0,2,3,15.0,0,0.0
Raheem Mostert,RB,MIA,HOU,15,2.1,5.1,0,0,0.0,0,0.0,6,8.0,0,3,3,13.0,0,0.0
Raheem Mostert,RB,MIA,SF,16,4.6,6.6,0,0,0.0,0,0.0,8,31.0,0,2,2,15.0,0,0.0
Raheem Mostert,RB,MIA,CLE,17,1.9,3.9,0,0,0.0,0,0.0,6,3.0,0,2,2,16.0,0,0.0
Rakim Jarrett,WR,TB,ATL,8,5.8,8.8,0,0,0.0,0,0.0,0,0.0,0,3,3,58.0,0,0.0
Rakim Jarrett,WR,TB,KC,9,0.9,1.9,0,0,0.0,0,0.0,0,0.0,0,1,1,9.0,0,0.0
Rakim Jarrett,WR,TB,SF,10,1.0,3.0,0,0,0.0,0,0.0,0,0.0,0,2,4,10.0,0,0.0
Rakim Jarrett,WR,TB,NYG,12,3.0,4.0,0,0,0.0,0,0.0,0,0.0,0,1,1,30.0,0,0.0
Rakim Jarrett,WR,TB,DAL,16,0.6,1.6,0,0,0.0,0,0.0,0,0.0,0,1,1,6.0,0,0.0
Rakim Jarrett,WR,TB,CAR,17,1.1,2.1,0,0,0.0,0,0.0,0,0.0,0,1,1,11.0,0,0.0
Ramel Keyton,WR,LV,CIN,9,0.7,1.7,0,0,0.0,0,0.0,0,0.0,0,1,2,7.0,0,0.0
Ramel Keyton,WR,LV,MIA,11,0.0,0.0,0,0,0.0,0,0.0,0,0.0,0,0,1,0.0,0,0.0
Rashee Rice,WR,KC,BAL,1,10.3,17.3,0,0,0.0,0,0.0,0,0.0,0,7,9,103.0,0,0.0
Rashee Rice,WR,KC,CIN,2,13.5,18.5,0,0,0.0,0,0.0,0,0.0,0,5,6,75.0,1,0.0
Rashee Rice,WR,KC,ATL,3,17.1,29.1,0,0,0.0,0,0.0,1,1.0,0,12,14,110.0,1,0.0
Rasheen Ali,RB,BAL,NYG,15,3.2,3.2,0,0,0.0,0,0.0,8,32.0,0,0,0,0.0,0,0.0
Rasheen Ali,RB,BAL,PIT,16,0.2,0.2,0,0,0.0,0,0.0,1,2.0,0,0,0,0.0,0,0.0
Rasheen Ali,RB,BAL,HOU,17,-0.3,-0.3,0,0,0.0,0,0.0,1,-3.0,0,0,0,0.0,0,0.0
Rasheen Ali,RB,BAL,CLE,18,0.0,0.0,0,0,0.0,0,0.0,0,0.0,0,0,2,0.0,0,0.0
Rashid Shaheed,WR,NO,CAR,1,13.3,16.3,0,0,0.0,0,0.0,0,0.0,0,3,5,73.0,1,0.0
Rashid Shaheed,WR,NO,DAL,2,16.9,20.9,0,0,0.0,0,0.0,3,13.0,0,4,4,96.0,1,0.0
Rashid Shaheed,WR,NO,PHI,3,0.0,0.0,0,0,0.0,0,0.0,0,0.0,0,0,5,0.0,0,0.0
Rashid Shaheed,WR,NO,ATL,4,9.7,17.7,0,0,0.0,0,0.0,2,14.0,0,8,11,83.0,0,0.0
Rashid Shaheed,WR,NO,KC,5,14.6,18.6,0,0,0.0,0,0.0,0,0.0,0,4,9,86.0,1,0.0
Rashid Shaheed,WR,NO,TB,6,7.3,8.3,0,0,0.0,0,0.0,1,2.0,0,1,7,11.0,0,0.0
Rashod Bateman,WR,BAL,KC,1,5.3,7.3,0,0,0.0,0,0.0,0,0.0,0,2,5,53.0,0,0.0
Rashod Bateman,WR,BAL,LV,2,4.0,7.0,0,0,0.0,0,0.0,0,0.0,0,3,4,40.0,0,0.0
Rashod Bateman,WR,BAL,DAL,3,8.8,11.8,0,0,0.0,0,0.0,0,0.0,0,3,4,28.0,1,0.0
Rashod Bateman,WR,BAL,BUF,4,2.3,3.3,0,0,0.0,0,0.0,0,0.0,0,1,1,23.0,0,0.0
Rashod Bateman,WR,BAL,CIN,5,11.8,15.8,0,0,0.0,0,0.0,0,0.0,0,4,8,58.0,1,0.0
Rashod Bateman,WR,BAL,WAS,6,7.1,11.1,0,0,0.0,0,0.0,0,0.0,0,4,4,71.0,0,0.0
Rashod Bateman,WR,BAL,TB,7,18.1,22.1,0,0,0.0,0,0.0,0,0.0,0,4,4,121.0,1,0.0
Rashod Bateman,WR,BAL,CLE,8,2.8,3.8,0,0,0.0,0,0.0,0,0.0,0,1,5,28.0,0,0.0
Rashod Bateman,WR,BAL,DEN,9,2.5,5.5,0,0,0.0,0,0.0,0,0.0,0,3,4,25.0,0,0.0
Rashod Bateman,WR,BAL,CIN,10,11.4,17.4,0,0,0.0,0,0.0,0,0.0,0,6,8,54.0,1,0.0
Rashod Bateman,WR,BAL,PIT,11,3.0,5.0,0,0,0.0,0,0.0,0,0.0,0,2,5,30.0,0,0.0
Rashod Bateman,WR,BAL,LAC,12,10.3,12.3,0,0,0.0,0,0.0,0,0.0,0,2,3,43.0,1,0.0
Rashod Bateman,WR,BAL,NYG,15,20.0,23.0,0,0,0.0,0,0.0,0,0.0,0,3,5,80.0,2,0.0
Rashod Bateman,WR,BAL,PIT,16,7.4,8.4,0,0,0.0,0,0.0,0,0.0,0,1,3,14.0,1,0.0
Rashod Bateman,WR,BAL,HOU,17,1.2,2.2,0,0,0.0,0,0.0,0,0.0,0,1,1,12.0,0,0.0
Rashod Bateman,WR,BAL,CLE,18,13.6,18.6,0,0,0.0,0,0.0,0,0.0,0,5,8,76.0,1,0.0
Ray Davis,RB,BUF,ARI,1,2.7,3.7,0,0,0.0,0,0.0,3,13.0,0,1,1,14.0,0,0.0
Ray Davis,RB,BUF,MIA,2,2.8,3.8,0,0,0.0,0,0.0,9,29.0,0,1,1,-1.0,0,0.0
Ray Davis,RB,BUF,JAX,3,8.3,9.3,0,0,0.0,0,0.0,7,22.0,1,1,1,1.0,0,0.0
Ray Davis,RB,BUF,BAL,4,1.1,1.1,0,0,0.0,0,0.0,7,11.0,0,0,0,0.0,0,0.0
Ray Davis,RB,BUF,HOU,5,0.4,1.4,0,0,0.0,0,0.0,0,0.0,0,1,2,4.0,0,0.0
Ray Davis,RB,BUF,NYJ,6,15.2,18.2,0,0,0.0,0,0.0,20,97.0,0,3,3,55.0,0,0.0
Ray Davis,RB,BUF,TEN,7,10.7,11.7,0,0,0.0,0,0.0,5,41.0,1,1,1,6.0,0,0.0
Ray Davis,RB,BUF,SEA,8,2.9,2.9,0,0,0.0,0,0.0,6,29.0,0,0,0,0.0,0,0.0
Ray Davis,RB,BUF,MIA,9,15.0,17.0,0,0,0.0,0,0.0,4,20.0,0,2,2,70.0,1,0.0
Ray Davis,RB,BUF,IND,10,0.6,0.6,0,0,0.0,0,0.0,3,6.0,0,0,0,0.0,0,0.0
Ray Davis,RB,BUF,KC,11,1.1,1.1,0,0,0.0,0,0.0,5,11.0,0,0,0,0.0,0,0.0
Ray Davis,RB,BUF,SF,13,12.7,13.7,0,0,0.0,0,0.0,11,63.0,1,1,1,4.0,0,0.0
Ray Davis,RB,BUF,DET,15,8.9,10.9,0,0,0.0,0,0.0,7,15.0,0,2,2,14.0,1,0.0
Ray Davis,RB,BUF,NE,16,2.9,3.9,0,0,0.0,0,0.0,5,12.0,0,1,1,17.0,0,0.0
Ray Davis,RB,BUF,NYJ,17,1.3,2.3,0,0,0.0,0,0.0,6,9.0,0,1,1,4.0,0,0.0
Ray Davis,RB,BUF,NE,18,12.5,14.5,0,0,0.0,0,0.0,15,64.0,0,2,3,1.0,1,0.0
Ray-Ray McCloud,WR,ATL,PIT,1,5.2,9.2,0,0,0.0,0,0.0,0,0.0,0,4,7,52.0,0,0.0
Ray-Ray McCloud,WR,ATL,PHI,2,4.5,7.5,0,0,0.0,0,0.0,1,3.0,0,3,5,42.0,0,0.0
Ray-Ray McCloud,WR,ATL,KC,3,3.7,5.7,0,0,0.0,0,0.0,1,20.0,0,2,3,17.0,0,0.0
Ray-Ray McCloud,WR,ATL,NO,4,5.2,11.2,0,0,0.0,0,0.0,0,0.0,0,6,7,52.0,0,0.0
Ray-Ray McCloud,WR,ATL,TB,5,6.6,12.6,0,0,0.0,0,0.0,0,0.0,0,6,9,66.0,0,0.0
Ray-Ray McCloud,WR,ATL,CAR,6,1.3,4.3,0,0,0.0,0,0.0,1,3.0,0,3,4,30.0,0,0.0
Ray-Ray McCloud,WR,ATL,SEA,7,0.9,2.9,0,0,0.0,0,0.0,0,0.0,0,2,4,9.0,0,0.0
Ray-Ray McCloud,WR,ATL,TB,8,2.6,5.6,0,0,0.0,0,0.0,1,17.0,0,3,3,9.0,0,0.0
Ray-Ray McCloud,WR,ATL,DAL,9,9.5,12.5,0,0,0.0,0,0.0,1,7.0,0,3,3,28.0,1,0.0
Ray-Ray McCloud,WR,ATL,NO,10,3.6,6.6,0,0,0.0,0,0.0,1,6.0,0,3,4,30.0,0,0.0
Ray-Ray McCloud,WR,ATL,DEN,11,4.6,10.6,0,0,0.0,0,0.0,0,0.0,0,6,6,46.0,0,0.0
Ray-Ray McCloud,WR,ATL,LAC,13,9.3,13.3,0,0,0.0,0,0.0,1,-2.0,0,4,6,95.0,0,0.0
Ray-Ray McCloud,WR,ATL,MIN,14,10.1,18.1,0,0,0.0,0,0.0,1,3.0,0,8,11,98.0,0,0.0
Ray-Ray McCloud,WR,ATL,LV,15,1.4,2.4,0,0,0.0,0,0.0,0,0.0,0,1,3,14.0,0,0.0
Ray-Ray McCloud,WR,ATL,NYG,16,2.7,5.7,0,0,0.0,0,0.0,1,8.0,0,3,4,19.0,0,0.0
Ray-Ray McCloud,WR,ATL,WAS,17,2.7,3.7,0,0,0.0,0,0.0,1,14.0,0,1,1,13.0,0,0.0
Ray-Ray McCloud,WR,ATL,CAR,18,6.6,10.6,0,0,0.0,0,0.0,0,0.0,0,4,7,66.0,0,0.0
Reggie Gilliam,FB,BUF,NYJ,17,0.3,0.3,0,0,0.0,0,0.0,2,3.0,0,0,0,0.0,0,0.0
Reggie Gilliam,FB,BUF,NE,18,0.4,0.4,0,0,0.0,0,0.0,1,4.0,0,0,0,0.0,0,0.0
Rhamondre Stevenson,RB,NE,CIN,1,18.6,21.6,0,0,0.0,0,0.0,25,120.0,1,3,3,6.0,0,0.0
Rhamondre Stevenson,RB,NE,SEA,2,15.0,17.0,0,0,0.0,0,0.0,21,81.0,1,2,5,9.0,0,0.0
Rhamondre Stevenson,RB,NE,NYJ,3,0.3,0.3,0,0,0.0,0,0.0,6,23.0,0,0,0,0.0,0,0.0
Rhamondre Stevenson,RB,NE,SF,4,4.2,8.2,0,0,0.0,0,0.0,13,43.0,0,4,5,19.0,0,0.0
Rhamondre Stevenson,RB,NE,MIA,5,15.2,19.2,0,0,0.0,0,0.0,12,89.0,1,4,4,3.0,0,0.0
Rhamondre Stevenson,RB,NE,JAX,7,2.5,4.5,0,0,0.0,0,0.0,7,18.0,0,2,3,7.0,0,0.0
Rhamondre Stevenson,RB,NE,NYJ,8,20.5,23.5,0,0,0.0,0,0.0,20,48.0,2,3,3,17.0,0,0.0
Rhamondre Stevenson,RB,NE,TEN,9,17.4,22.4,0,0,0.0,0,0.0,10,16.0,1,5,5,38.0,1,0.0
Rhamondre Stevenson,RB,NE,CHI,10,7.7,8.7,0,0,0.0,0,0.0,20,74.0,0,1,1,3.0,0,0.0
Rhamondre Stevenson,RB,NE,LA,11,8.9,12.9,0,0,0.0,0,0.0,20,73.0,0,4,4,16.0,0,0.0
Rhamondre Stevenson,RB,NE,MIA,12,3.3,3.3,0,0,0.0,0,0.0,8,13.0,0,0,2,0.0,0,0.0
Rhamondre Stevenson,RB,NE,IND,13,9.4,12.4,0,0,0.0,0,0.0,18,73.0,0,3,3,21.0,0,0.0
Rhamondre Stevenson,RB,NE,ARI,15,8.5,9.5,0,0,0.0,0,0.0,13,69.0,0,1,1,16.0,0,0.0
Rhamondre Stevenson,RB,NE,BUF,16,11.3,12.3,0,0,0.0,0,0.0,12,60.0,1,1,1,13.0,0,0.0
Rhamondre Stevenson,RB,NE,LAC,17,0.1,0.1,0,0,0.0,0,0.0,2,1.0,0,0,1,0.0,0,0.0
Ricky Pearsall,WR,SF,KC,7,2.1,5.1,0,0,0.0,0,0.0,0,0.0,0,3,5,21.0,0,0.0
Ricky Pearsall,WR,SF,DAL,8,7.7,11.7,0,0,0.0,0,0.0,1,39.0,0,4,4,38.0,0,0.0
Ricky Pearsall,WR,SF,TB,10,13.3,17.3,0,0,0.0,0,0.0,0,0.0,0,4,6,73.0,1,0.0
Ricky Pearsall,WR,SF,SEA,11,0.0,0.0,0,0,0.0,0,0.0,0,0.0,0,0,2,0.0,0,0.0
Ricky Pearsall,WR,SF,BUF,13,0.0,0.0,0,0,0.0,0,0.0,0,0.0,0,0,1,0.0,0,0.0
Ricky Pearsall,WR,SF,CHI,14,0.5,1.5,0,0,0.0,0,0.0,0,0.0,0,1,2,5.0,0,0.0
Ricky Pearsall,WR,SF,LA,15,1.6,2.6,0,0,0.0,0,0.0,0,0.0,0,1,4,16.0,0,0.0
Ricky Pearsall,WR,SF,MIA,16,3.7,7.7,0,0,0.0,0,0.0,0,0.0,0,4,4,37.0,0,0.0
Ricky Pearsall,WR,SF,DET,17,20.7,28.7,0,1,0.0,0,0.0,2,6.0,0,8,10,141.0,1,0.0
Ricky Pearsall,WR,SF,ARI,18,12.9,18.9,0,0,0.0,0,0.0,0,0.0,0,6,8,69.0,1,0.0
Rico Dowdle,RB,DAL,CLE,1,3.2,4.2,0,0,0.0,0,0.0,8,26.0,0,1,1,6.0,0,0.0
Rico Dowdle,RB,DAL,NO,2,5.9,9.9,0,0,0.0,0,0.0,7,30.0,0,4,5,29.0,0,0.0
Rico Dowdle,RB,DAL,BAL,3,5.6,8.6,0,0,0.0,0,0.0,8,32.0,0,3,5,24.0,0,0.0
Rico Dowdle,RB,DAL,NYG,4,12.1,13.1,0,0,0.0,0,0.0,11,46.0,0,1,1,15.0,1,0.0
Rico Dowdle,RB,DAL,PIT,5,17.4,19.4,0,0,0.0,0,0.0,20,87.0,0,2,2,27.0,1,0.0
Rico Dowdle,RB,DAL,DET,6,5.5,10.5,0,0,0.0,0,0.0,5,25.0,0,5,6,30.0,0,0.0
Rico Dowdle,RB,DAL,ATL,9,16.7,21.7,0,0,0.0,0,0.0,12,75.0,0,5,6,32.0,1,0.0
Rico Dowdle,RB,DAL,PHI,10,5.6,8.6,0,0,0.0,0,0.0,12,53.0,0,3,3,3.0,0,0.0
Rico Dowdle,RB,DAL,HOU,11,3.4,5.4,0,0,0.0,0,0.0,10,28.0,0,2,5,6.0,0,0.0
Rico Dowdle,RB,DAL,WAS,12,7.8,10.8,0,0,0.0,0,0.0,19,86.0,0,3,3,12.0,0,0.0
Rico Dowdle,RB,DAL,NYG,13,18.3,21.3,0,0,0.0,0,0.0,22,112.0,1,3,3,11.0,0,0.0
Rico Dowdle,RB,DAL,CIN,14,14.1,15.1,0,0,0.0,0,0.0,18,131.0,0,1,2,10.0,0,0.0
Rico Dowdle,RB,DAL,CAR,15,14.9,14.9,0,0,0.0,0,0.0,25,149.0,0,0,0,0.0,0,0.0
Rico Dowdle,RB,DAL,TB,16,5.1,8.1,0,0,0.0,0,0.0,13,23.0,0,3,3,28.0,0,0.0
Rico Dowdle,RB,DAL,PHI,17,8.8,9.8,0,0,0.0,0,0.0,23,104.0,0,1,1,4.0,0,0.0
Rico Dowdle,RB,DAL,WAS,18,14.4,16.4,0,0,0.0,0,0.0,22,72.0,1,2,3,12.0,0,0.0
Riley Dixon,P,DEN,CAR,8,0.12,0.12,1,1,3.0,0,0.0,0,0.0,0,0,0,0.0,0,0.0
River Cracraft,WR,MIA,HOU,15,0.6,1.6,0,0,0.0,0,0.0,0,0.0,0,1,1,6.0,0,0.0
River Cracraft,WR,MIA,SF,16,0.6,1.6,0,0,0.0,0,0.0,0,0.0,0,1,3,6.0,0,0.0
River Cracraft,WR,MIA,CLE,17,1.6,2.6,0,0,0.0,0,0.0,0,0.0,0,1,1,16.0,0,0.0
River Cracraft,WR,MIA,NYJ,18,3.8,7.8,0,0,0.0,0,0.0,0,0.0,0,4,4,38.0,0,0.0
Robbie Chosen,WR,MIA,BUF,2,0.5,1.5,0,0,0.0,0,0.0,0,0.0,0,1,4,5.0,0,0.0
Robert Woods,WR,HOU,MIN,3,1.8,3.8,0,0,0.0,0,0.0,0,0.0,0,2,2,18.0,0,0.0
Robert Woods,WR,HOU,JAX,4,1.0,2.0,0,0,0.0,0,0.0,0,0.0,0,1,3,10.0,0,0.0
Robert Woods,WR,HOU,IND,8,1.8,3.8,0,0,0.0,0,0.0,0,0.0,0,2,2,18.0,0,0.0
Robert Woods,WR,HOU,NYJ,9,4.4,6.4,0,0,0.0,0,0.0,0,0.0,0,2,3,44.0,0,0.0
Robert Woods,WR,HOU,DET,10,0.1,1.1,0,0,0.0,0,0.0,0,0.0,0,1,3,1.0,0,0.0
Robert Woods,WR,HOU,DAL,11,1.3,3.3,0,0,0.0,0,0.0,0,0.0,0,2,2,13.0,0,0.0
Robert Woods,WR,HOU,TEN,12,0.8,1.8,0,0,0.0,0,0.0,0,0.0,0,1,1,8.0,0,0.0
Robert Woods,WR,HOU,JAX,13,0.0,0.0,0,0,0.0,0,0.0,0,0.0,0,0,1,0.0,0,0.0
Robert Woods,WR,HOU,MIA,15,1.2,3.2,0,0,0.0,0,0.0,0,0.0,0,2,2,12.0,0,0.0
Robert Woods,WR,HOU,KC,16,1.9,4.9,0,0,0.0,0,0.0,0,0.0,0,3,6,19.0,0,0.0
Robert Woods,WR,HOU,BAL,17,2.1,4.1,0,0,0.0,0,0.0,0,0.0,0,2,2,21.0,0,0.0
Robert Woods,WR,HOU,TEN,18,1.9,3.9,0,0,0.0,0,0.0,0,0.0,0,2,3,39.0,0,0.0
Rodney McLeod,FS,CLE,CLE,6,6.0,6.0,0,0,0.0,0,0.0,0,0.0,0,0,0,0.0,0,0.0
Rome Odunze,WR,CHI,TEN,1,1.1,2.1,0,0,0.0,0,0.0,0,0.0,0,1,4,11.0,0,0.0
Rome Odunze,WR,CHI,HOU,2,3.3,5.3,0,0,0.0,0,0.0,0,0.0,0,2,5,33.0,0,0.0
Rome Odunze,WR,CHI,IND,3,17.4,23.4,0,0,0.0,0,0.0,1,2.0,0,6,11,112.0,1,0.0
Rome Odunze,WR,CHI,LA,4,1.0,2.0,0,0,0.0,0,0.0,0,0.0,0,1,3,10.0,0,0.0
Rome Odunze,WR,CHI,CAR,5,4.0,9.0,0,0,0.0,0,0.0,0,0.0,0,5,6,40.0,0,0.0
Rome Odunze,WR,CHI,JAX,6,4.0,6.0,0,0,0.0,0,0.0,0,0.0,0,2,2,40.0,0,0.0
Rome Odunze,WR,CHI,WAS,8,5.4,8.4,0,0,0.0,0,0.0,2,13.0,0,3,6,41.0,0,0.0
Rome Odunze,WR,CHI,ARI,9,10.4,15.4,0,0,0.0,0,0.0,0,0.0,0,5,7,104.0,0,0.0
Rome Odunze,WR,CHI,NE,10,2.3,5.3,0,0,0.0,0,0.0,0,0.0,0,3,6,23.0,0,0.0
Rome Odunze,WR,CHI,GB,11,6.5,12.5,0,0,0.0,0,0.0,0,0.0,0,6,10,65.0,0,0.0
Rome Odunze,WR,CHI,MIN,12,3.9,8.9,0,0,0.0,0,0.0,0,0.0,0,5,10,39.0,0,0.0
Rome Odunze,WR,CHI,DET,13,2.5,4.5,0,0,0.0,0,0.0,0,0.0,0,2,6,25.0,0,0.0
Rome Odunze,WR,CHI,SF,14,16.2,20.2,0,0,0.0,0,0.0,0,0.0,0,4,5,42.0,2,0.0
Rome Odunze,WR,CHI,MIN,15,3.9,5.9,0,0,0.0,0,0.0,0,0.0,0,2,7,39.0,0,0.0
Rome Odunze,WR,CHI,DET,16,5.7,9.7,0,0,0.0,0,0.0,0,0.0,0,4,7,77.0,0,0.0
Rome Odunze,WR,CHI,SEA,17,1.5,2.5,0,0,0.0,0,0.0,0,0.0,0,1,4,15.0,0,0.0
Rome Odunze,WR,CHI,GB,18,1.8,3.8,0,0,0.0,0,0.0,0,0.0,0,2,2,18.0,0,0.0
Romeo Doubs,WR,GB,PHI,1,5.0,9.0,0,0,0.0,0,0.0,0,0.0,0,4,7,50.0,0,0.0
Romeo Doubs,WR,GB,IND,2,6.2,9.2,0,0,0.0,0,0.0,0,0.0,0,3,3,62.0,0,0.0
Romeo Doubs,WR,GB,TEN,3,1.8,2.8,0,0,0.0,0,0.0,0,0.0,0,1,2,18.0,0,0.0
Romeo Doubs,WR,GB,MIN,4,3.9,7.9,0,0,0.0,0,0.0,0,0.0,0,4,8,39.0,0,0.0
Romeo Doubs,WR,GB,ARI,6,16.9,19.9,0,0,0.0,0,0.0,0,0.0,0,3,4,49.0,2,0.0
Romeo Doubs,WR,GB,HOU,7,9.4,17.4,0,0,0.0,0,0.0,0,0.0,0,8,10,94.0,0,0.0
Romeo Doubs,WR,GB,JAX,8,7.2,10.2,0,0,0.0,0,0.0,0,0.0,0,3,6,72.0,0,0.0
Romeo Doubs,WR,GB,DET,9,2.8,6.8,0,0,0.0,0,0.0,0,0.0,0,4,5,28.0,0,0.0
Romeo Doubs,WR,GB,CHI,11,1.7,2.7,0,0,0.0,0,0.0,0,0.0,0,1,2,17.0,0,0.0
Romeo Doubs,WR,GB,SF,12,5.4,8.4,0,0,0.0,0,0.0,0,0.0,0,3,6,54.0,0,0.0
Romeo Doubs,WR,GB,SEA,15,16.0,19.0,0,0,0.0,0,0.0,0,0.0,0,3,5,40.0,2,0.0
Romeo Doubs,WR,GB,NO,16,2.0,4.0,0,0,0.0,0,0.0,0,0.0,0,2,3,20.0,0,0.0
Romeo Doubs,WR,GB,MIN,17,7.8,14.8,0,0,0.0,0,0.0,0,0.0,0,7,11,58.0,0,0.0
Ronnie Bell,WR,SF,LA,3,1.2,2.2,0,0,0.0,0,0.0,0,0.0,0,1,3,12.0,0,0.0
Ronnie Bell,WR,SF,KC,7,1.0,2.0,0,0,0.0,0,0.0,0,0.0,0,1,2,10.0,0,0.0
Ronnie Bell,WR,SF,DAL,8,0.0,0.0,0,0,0.0,0,0.0,0,0.0,0,0,1,0.0,0,0.0
Ronnie Rivers,RB,LA,DET,1,1.6,1.6,0,0,0.0,0,0.0,2,16.0,0,0,0,0.0,0,0.0
Ronnie Rivers,RB,LA,ARI,2,0.0,1.0,0,0,0.0,0,0.0,0,0.0,0,1,1,0.0,0,0.0
Ronnie Rivers,RB,LA,SF,3,0.9,0.9,0,0,0.0,0,0.0,2,9.0,0,0,0,0.0,0,0.0
Ronnie Rivers,RB,LA,CHI,4,2.6,2.6,0,0,0.0,0,0.0,6,26.0,0,0,0,0.0,0,0.0
Ronnie Rivers,RB,LA,SEA,18,8.2,12.2,0,0,0.0,0,0.0,12,48.0,0,4,5,34.0,0,0.0
Roschon Johnson,RB,CHI,IND,3,6.2,10.2,0,0,0.0,0,0.0,8,30.0,0,4,5,32.0,0,0.0
Roschon Johnson,RB,CHI,LA,4,8.6,8.6,0,0,0.0,0,0.0,7,26.0,1,0,0,0.0,0,0.0
Roschon Johnson,RB,CHI,CAR,5,14.5,14.5,0,0,0.0,0,0.0,10,25.0,2,0,0,0.0,0,0.0
Roschon Johnson,RB,CHI,JAX,6,3.3,5.3,0,0,0.0,0,0.0,5,8.0,0,2,3,25.0,0,0.0
Roschon Johnson,RB,CHI,WAS,8,6.6,6.6,0,0,0.0,0,0.0,2,6.0,1,0,0,0.0,0,0.0
Roschon Johnson,RB,CHI,ARI,9,2.1,4.1,0,0,0.0,0,0.0,3,13.0,0,2,3,8.0,0,0.0
Roschon Johnson,RB,CHI,NE,10,0.1,1.1,0,0,0.0,0,0.0,1,-4.0,0,1,2,5.0,0,0.0
Roschon Johnson,RB,CHI,GB,11,10.1,11.1,0,0,0.0,0,0.0,10,33.0,1,1,1,8.0,0,0.0
Roschon Johnson,RB,CHI,MIN,12,7.2,8.2,0,0,0.0,0,0.0,2,2.0,1,1,1,10.0,0,0.0
Roschon Johnson,RB,CHI,DET,16,0.3,0.3,0,0,0.0,0,0.0,1,3.0,0,0,0,0.0,0,0.0
Roschon Johnson,RB,CHI,SEA,17,0.5,0.5,0,0,0.0,0,0.0,4,5.0,0,0,0,0.0,0,0.0
Roschon Johnson,RB,CHI,GB,18,1.9,6.9,0,0,0.0,0,0.0,2,3.0,0,5,5,16.0,0,0.0
Ross Dwelley,TE,ATL,DEN,11,0.5,1.5,0,0,0.0,0,0.0,0,0.0,0,1,1,5.0,0,0.0
Russell Wilson,QB,PIT,NYJ,7,24.86,24.86,16,29,264.0,2,0.0,3,3.0,1,0,0,0.0,0,1.0
Russell Wilson,QB,PIT,NYG,8,13.82,13.82,20,28,278.0,1,0.0,3,7.0,0,0,0,0.0,0,4.0
Russell Wilson,QB,PIT,WAS,10,18.1,18.1,14,28,195.0,3,1.0,4,3.0,0,0,0,0.0,0,3.0
Russell Wilson,QB,PIT,BAL,11,6.3,6.3,23,36,205.0,0,1.0,4,1.0,0,0,0,0.0,0,4.0
Russell Wilson,QB,PIT,CLE,12,13.8,13.8,21,28,270.0,1,0.0,3,10.0,0,0,0,0.0,0,4.0
Russell Wilson,QB,PIT,CIN,13,26.86,26.86,29,38,414.0,3,1.0,3,3.0,0,0,0,0.0,0,2.0
Russell Wilson,QB,PIT,CLE,14,16.02,16.02,15,26,158.0,2,0.0,6,17.0,0,0,0,0.0,0,1.0
Russell Wilson,QB,PIT,PHI,15,8.42,8.42,14,22,128.0,1,0.0,4,13.0,0,0,0,0.0,0,2.0
Russell Wilson,QB,PIT,BAL,16,15.38,15.38,22,33,217.0,2,1.0,3,27.0,0,0,0,0.0,0,3.0
Russell Wilson,QB,PIT,KC,17,17.7,17.7,23,37,205.0,0,1.0,6,55.0,1,0,0,0.0,0,5.0
Russell Wilson,QB,PIT,CIN,18,11.52,11.52,17,31,148.0,1,0.0,4,16.0,0,0,0,0.0,0,4.0
Ryan Flournoy,WR,DAL,DET,6,-0.8,0.2,0,0,0.0,0,0.0,0,0.0,0,1,1,12.0,0,0.0
Ryan Flournoy,WR,DAL,ATL,9,1.3,2.3,0,0,0.0,0,0.0,0,0.0,0,1,2,13.0,0,0.0
Ryan Flournoy,WR,DAL,HOU,11,1.9,3.9,0,0,0.0,0,0.0,0,0.0,0,2,3,19.0,0,0.0
Ryan Flournoy,WR,DAL,CIN,14,0.0,0.0,0,0,0.0,0,0.0,0,0.0,0,0,1,0.0,0,0.0
Ryan Flournoy,WR,DAL,TB,16,4.1,7.1,0,0,0.0,0,0.0,0,0.0,0,3,3,41.0,0,0.0
Ryan Flournoy,WR,DAL,PHI,17,0.3,1.3,0,0,0.0,0,0.0,0,0.0,0,1,2,3.0,0,0.0
Ryan Flournoy,WR,DAL,WAS,18,1.4,3.4,0,0,0.0,0,0.0,0,0.0,0,2,2,14.0,0,0.0
Ryan Miller,WR,TB,NO,6,3.9,4.9,0,0,0.0,0,0.0,0,0.0,0,1,1,39.0,0,0.0
Ryan Miller,WR,TB,ATL,8,1.9,4.9,0,0,0.0,0,0.0,0,0.0,0,3,5,19.0,0,0.0
Ryan Miller,WR,TB,KC,9,6.1,7.1,0,0,0.0,0,0.0,0,0.0,0,1,3,1.0,1,0.0
Ryan Miller,WR,TB,SF,10,1.1,2.1,0,0,0.0,0,0.0,0,0.0,0,1,3,11.0,0,0.0
Ryan Miller,WR,TB,NYG,12,1.4,2.4,0,0,0.0,0,0.0,0,0.0,0,1,1,14.0,0,0.0
Ryan Miller,WR,TB,LAC,15,0.1,1.1,0,0,0.0,0,0.0,0,0.0,0,1,1,1.0,0,0.0
Ryan Miller,WR,TB,DAL,16,7.7,9.7,0,0,0.0,0,0.0,0,0.0,0,2,2,17.0,1,0.0
Ryan Miller,WR,TB,CAR,17,2.6,4.6,0,0,0.0,0,0.0,0,0.0,0,2,4,26.0,0,0.0
Sam Darnold,QB,MIN,NYG,1,14.62,14.62,19,24,208.0,2,1.0,3,3.0,0,0,0,0.0,0,1.0
Sam Darnold,QB,MIN,SF,2,19.92,19.92,17,26,268.0,2,1.0,5,32.0,0,0,0,0.0,0,3.0
Sam Darnold,QB,MIN,HOU,3,23.24,23.24,17,28,181.0,4,0.0,0,0.0,0,0,0,0.0,0,4.0
Sam Darnold,QB,MIN,GB,4,20.5,20.5,20,28,275.0,3,1.0,7,15.0,0,0,0,0.0,0,2.0
Sam Darnold,QB,MIN,NYJ,5,4.26,4.26,14,31,179.0,0,1.0,5,11.0,0,0,0,0.0,0,4.0
Sam Darnold,QB,MIN,DET,7,16.26,16.26,22,27,259.0,1,1.0,4,39.0,0,0,0,0.0,0,4.0
Sam Darnold,QB,MIN,LA,8,18.2,18.2,18,25,240.0,2,0.0,3,6.0,0,0,0,0.0,0,3.0
Sam Darnold,QB,MIN,IND,9,19.0,19.0,28,34,290.0,3,2.0,4,14.0,0,0,0,0.0,0,4.0
Sam Darnold,QB,MIN,JAX,10,6.44,6.44,24,38,241.0,0,3.0,7,28.0,0,0,0,0.0,0,1.0
Sam Darnold,QB,MIN,TEN,11,23.64,23.64,20,32,246.0,2,0.0,8,18.0,1,0,0,0.0,0,2.0
Sam Darnold,QB,MIN,CHI,12,21.1,21.1,22,34,330.0,2,0.0,2,-1.0,0,0,0,0.0,0,3.0
Sam Darnold,QB,MIN,ARI,13,19.6,19.6,21,31,235.0,2,0.0,4,22.0,0,0,0,0.0,0,5.0
Sam Darnold,QB,MIN,ATL,14,34.58,34.58,22,28,347.0,5,0.0,4,7.0,0,0,0,0.0,0,4.0
Sam Darnold,QB,MIN,CHI,15,11.24,11.24,24,40,231.0,1,1.0,0,0.0,0,0,0,0.0,0,2.0
Sam Darnold,QB,MIN,SEA,16,22.94,22.94,22,35,246.0,3,0.0,5,11.0,0,0,0,0.0,0,3.0
Sam Darnold,QB,MIN,GB,17,24.78,24.78,33,43,377.0,3,1.0,3,-3.0,0,0,0,0.0,0,1.0
Sam Darnold,QB,MIN,DET,18,7.64,7.64,18,41,166.0,0,0.0,3,10.0,0,0,0,0.0,0,2.0
Sam Franklin,SS,CAR,DEN,8,0.0,0.0,0,0,0.0,0,0.0,0,0.0,0,0,1,0.0,0,0.0
Sam Howell,QB,SEA,GB,15,-0.84,-0.84,5,14,24.0,0,1.0,1,2.0,0,0,0,0.0,0,4.0
Sam Hubbard,DE,CIN,TEN,15,6.2,7.2,0,0,0.0,0,0.0,0,0.0,0,1,1,2.0,1,0.0
Sam LaPorta,TE,DET,LA,1,4.5,8.5,0,0,0.0,0,0.0,0,0.0,0,4,5,45.0,0,0.0
Sam LaPorta,TE,DET,TB,2,1.3,3.3,0,0,0.0,0,0.0,0,0.0,0,2,3,13.0,0,0.0
Sam LaPorta,TE,DET,ARI,3,3.6,5.6,0,0,0.0,0,0.0,0,0.0,0,2,2,36.0,0,0.0
Sam LaPorta,TE,DET,SEA,4,5.3,9.3,0,0,0.0,0,0.0,0,0.0,0,4,4,53.0,0,0.0
Sam LaPorta,TE,DET,DAL,6,11.2,12.2,0,0,0.0,0,0.0,0,0.0,0,1,1,52.0,1,0.0
Sam LaPorta,TE,DET,MIN,7,2.5,3.5,0,0,0.0,0,0.0,0,0.0,0,1,2,25.0,0,0.0
Sam LaPorta,TE,DET,TEN,8,10.8,16.8,0,0,0.0,0,0.0,0,0.0,0,6,6,48.0,1,0.0
Sam LaPorta,TE,DET,GB,9,2.8,4.8,0,0,0.0,0,0.0,0,0.0,0,2,3,28.0,0,0.0
Sam LaPorta,TE,DET,HOU,10,12.6,15.6,0,0,0.0,0,0.0,0,0.0,0,3,6,66.0,1,0.0
Sam LaPorta,TE,DET,IND,12,1.9,4.9,0,0,0.0,0,0.0,0,0.0,0,3,6,19.0,0,0.0
Sam LaPorta,TE,DET,CHI,13,12.6,15.6,0,0,0.0,0,0.0,0,0.0,0,3,6,6.0,2,0.0
Sam LaPorta,TE,DET,GB,14,5.4,10.4,0,0,0.0,0,0.0,0,0.0,0,5,7,54.0,0,0.0
Sam LaPorta,TE,DET,BUF,15,11.1,18.1,0,0,0.0,0,0.0,0,0.0,0,7,10,111.0,0,0.0
Sam LaPorta,TE,DET,CHI,16,10.3,14.3,0,0,0.0,0,0.0,0,0.0,0,4,7,43.0,1,0.0
Sam LaPorta,TE,DET,SF,17,12.4,18.4,0,0,0.0,0,0.0,0,0.0,0,6,8,64.0,1,0.0
Sam LaPorta,TE,DET,MIN,18,6.3,13.3,0,0,0.0,0,0.0,0,0.0,0,7,7,63.0,0,0.0
Samaje Perine,RB,KC,BAL,1,1.0,2.0,0,0,0.0,0,0.0,0,0.0,0,1,2,10.0,0,0.0
Samaje Perine,RB,KC,CIN,2,0.3,1.3,0,0,0.0,0,0.0,0,0.0,0,1,1,3.0,0,0.0
Samaje Perine,RB,KC,ATL,3,4.0,7.0,0,0,0.0,0,0.0,6,25.0,0,3,4,15.0,0,0.0
Samaje Perine,RB,KC,LAC,4,7.4,7.4,0,0,0.0,0,0.0,5,14.0,1,0,0,0.0,0,0.0
Samaje Perine,RB,KC,NO,5,2.4,3.4,0,0,0.0,0,0.0,0,0.0,0,1,2,24.0,0,0.0
Samaje Perine,RB,KC,SF,7,2.8,3.8,0,0,0.0,0,0.0,2,6.0,0,1,1,22.0,0,0.0
Samaje Perine,RB,KC,LV,8,3.0,5.0,0,0,0.0,0,0.0,0,0.0,0,2,2,30.0,0,0.0
Samaje Perine,RB,KC,TB,9,9.5,13.5,0,0,0.0,0,0.0,1,10.0,0,4,5,25.0,1,0.0
Samaje Perine,RB,KC,DEN,10,3.7,5.7,0,0,0.0,0,0.0,0,0.0,0,2,2,37.0,0,0.0
Samaje Perine,RB,KC,BUF,11,0.8,2.8,0,0,0.0,0,0.0,0,0.0,0,2,4,8.0,0,0.0
Samaje Perine,RB,KC,CAR,12,2.4,4.4,0,0,0.0,0,0.0,1,13.0,0,2,2,11.0,0,0.0
Samaje Perine,RB,KC,LV,13,1.5,2.5,0,0,0.0,0,0.0,0,0.0,0,1,1,15.0,0,0.0
Samaje Perine,RB,KC,LAC,14,1.9,2.9,0,0,0.0,0,0.0,1,3.0,0,1,2,16.0,0,0.0
Samaje Perine,RB,KC,CLE,15,3.4,4.4,0,0,0.0,0,0.0,1,11.0,0,1,1,23.0,0,0.0
Samaje Perine,RB,KC,HOU,16,5.0,8.0,0,0,0.0,0,0.0,0,0.0,0,3,3,50.0,0,0.0
Samaje Perine,RB,KC,PIT,17,2.9,4.9,0,0,0.0,0,0.0,2,9.0,0,2,2,20.0,0,0.0
Samaje Perine,RB,KC,DEN,18,1.4,2.4,0,0,0.0,0,0.0,1,1.0,0,1,1,13.0,0,0.0
Saquon Barkley,RB,PHI,GB,1,31.2,33.2,0,0,0.0,0,0.0,24,109.0,2,2,2,23.0,1,0.0
Saquon Barkley,RB,PHI,ATL,2,13.6,17.6,0,0,0.0,0,0.0,22,95.0,0,4,5,21.0,0,0.0
Saquon Barkley,RB,PHI,NO,3,29.6,33.6,0,0,0.0,0,0.0,17,147.0,2,4,4,9.0,0,0.0
Saquon Barkley,RB,PHI,TB,4,11.6,13.6,0,0,0.0,0,0.0,10,84.0,0,2,4,32.0,0,0.0
Saquon Barkley,RB,PHI,CLE,6,5.4,7.4,0,0,0.0,0,0.0,18,47.0,0,2,2,7.0,0,0.0
Saquon Barkley,RB,PHI,NYG,7,24.7,26.7,0,0,0.0,0,0.0,17,176.0,1,2,3,11.0,0,0.0
Saquon Barkley,RB,PHI,CIN,8,11.1,12.1,0,0,0.0,0,0.0,22,108.0,0,1,1,3.0,0,0.0
Saquon Barkley,RB,PHI,JAX,9,29.9,32.9,0,0,0.0,0,0.0,27,159.0,1,3,4,40.0,1,0.0
Saquon Barkley,RB,PHI,DAL,10,7.8,8.8,0,0,0.0,0,0.0,14,66.0,0,1,1,12.0,0,0.0
Saquon Barkley,RB,PHI,WAS,11,31.8,33.8,0,0,0.0,0,0.0,26,146.0,2,2,3,52.0,0,0.0
Saquon Barkley,RB,PHI,LA,12,42.2,46.2,0,0,0.0,0,0.0,26,255.0,2,4,4,47.0,0,0.0
Saquon Barkley,RB,PHI,BAL,13,17.7,19.7,0,0,0.0,0,0.0,23,107.0,1,2,4,10.0,0,0.0
Saquon Barkley,RB,PHI,CAR,14,14.4,14.4,0,0,0.0,0,0.0,20,124.0,0,0,1,0.0,0,0.0
Saquon Barkley,RB,PHI,PIT,15,7.4,9.4,0,0,0.0,0,0.0,19,65.0,0,2,2,9.0,0,0.0
Saquon Barkley,RB,PHI,WAS,16,27.0,27.0,0,0,0.0,0,0.0,29,150.0,2,0,1,0.0,0,1.0
Saquon Barkley,RB,PHI,DAL,17,16.9,18.9,0,0,0.0,0,0.0,31,167.0,0,2,2,2.0,0,0.0
Scott Matlock,FB,LAC,LV,1,0.0,0.0,0,0,0.0,0,0.0,0,0.0,0,0,1,0.0,0,0.0
Scott Matlock,FB,LAC,KC,4,0.7,1.7,0,0,0.0,0,0.0,0,0.0,0,1,1,7.0,0,0.0
Scott Matlock,FB,LAC,NO,8,0.9,1.9,0,0,0.0,0,0.0,0,0.0,0,1,1,9.0,0,0.0
Scott Matlock,FB,LAC,ATL,13,0.2,1.2,0,0,0.0,0,0.0,0,0.0,0,1,1,2.0,0,0.0
Scott Matlock,FB,LAC,DEN,16,1.0,2.0,0,0,0.0,0,0.0,0,0.0,0,1,1,10.0,0,0.0
Scott Miller,WR,PIT,LAC,3,3.1,5.1,0,0,0.0,0,0.0,0,0.0,0,2,2,31.0,0,0.0
Scott Miller,WR,PIT,NYG,8,0.0,0.0,0,0,0.0,0,0.0,0,0.0,0,0,2,0.0,0,0.0
Scott Miller,WR,PIT,CLE,14,3.8,6.8,0,0,0.0,0,0.0,0,0.0,0,3,4,38.0,0,0.0
Scott Miller,WR,PIT,PHI,15,0.0,0.0,0,0,0.0,0,0.0,0,0.0,0,0,1,0.0,0,0.0
Sean Tucker,RB,TB,DEN,3,0.4,0.4,0,0,0.0,0,0.0,1,4.0,0,0,0,0.0,0,0.0
Sean Tucker,RB,TB,PHI,4,1.7,2.7,0,0,0.0,0,0.0,1,3.0,0,1,1,14.0,0,0.0
Sean Tucker,RB,TB,NO,6,31.2,34.2,0,0,0.0,0,0.0,14,136.0,1,3,3,56.0,1,0.0
Sean Tucker,RB,TB,BAL,7,3.8,4.8,0,0,0.0,0,0.0,5,29.0,0,1,2,9.0,0,0.0
Sean Tucker,RB,TB,ATL,8,1.5,2.5,0,0,0.0,0,0.0,2,3.0,0,1,1,12.0,0,0.0
Sean Tucker,RB,TB,KC,9,1.7,2.7,0,0,0.0,0,0.0,3,11.0,0,1,1,6.0,0,0.0
Sean Tucker,RB,TB,NYG,12,7.0,8.0,0,0,0.0,0,0.0,4,3.0,1,1,1,7.0,0,0.0
Sean Tucker,RB,TB,LV,14,4.7,4.7,0,0,0.0,0,0.0,3,47.0,0,0,2,0.0,0,0.0
Sean Tucker,RB,TB,LAC,15,1.7,1.7,0,0,0.0,0,0.0,7,17.0,0,0,0,0.0,0,0.0
Sean Tucker,RB,TB,CAR,17,4.4,5.4,0,0,0.0,0,0.0,8,39.0,0,1,1,5.0,0,0.0
Sean Tucker,RB,TB,NO,18,1.6,1.6,0,0,0.0,0,0.0,2,16.0,0,0,0,0.0,0,0.0
Shane Zylstra,TE,DET,JAX,11,2.2,3.2,0,0,0.0,0,0.0,0,0.0,0,1,1,22.0,0,0.0
Simi Fehoko,WR,LAC,PIT,3,1.7,2.7,0,0,0.0,0,0.0,0,0.0,0,1,3,17.0,0,0.0
Simi Fehoko,WR,LAC,DEN,6,4.4,6.4,0,0,0.0,0,0.0,0,0.0,0,2,4,44.0,0,0.0
Simi Fehoko,WR,LAC,ARI,7,4.5,7.5,0,0,0.0,0,0.0,0,0.0,0,3,6,45.0,0,0.0
Simi Fehoko,WR,LAC,NO,8,0.0,0.0,0,0,0.0,0,0.0,0,0.0,0,0,2,0.0,0,0.0
Simi Fehoko,WR,LAC,CLE,9,0.0,0.0,0,0,0.0,0,0.0,0,0.0,0,0,1,0.0,0,0.0
Sincere McCormick,RB,LV,DEN,12,3.3,3.3,0,0,0.0,0,0.0,5,33.0,0,0,0,0.0,0,0.0
Sincere McCormick,RB,LV,KC,13,6.5,8.5,0,0,0.0,0,0.0,12,64.0,0,2,2,1.0,0,0.0
Sincere McCormick,RB,LV,TB,14,8.9,10.9,0,0,0.0,0,0.0,15,78.0,0,2,3,11.0,0,0.0
Sincere McCormick,RB,LV,ATL,15,2.5,4.5,0,0,0.0,0,0.0,7,8.0,0,2,2,17.0,0,0.0
Sione Vaki,RB,DET,TB,2,1.7,2.7,0,0,0.0,0,0.0,0,0.0,0,1,1,17.0,0,0.0
Sione Vaki,RB,DET,DAL,6,0.5,0.5,0,0,0.0,0,0.0,1,5.0,0,0,0,0.0,0,0.0
Sione Vaki,RB,DET,JAX,11,0.9,0.9,0,0,0.0,0,0.0,5,9.0,0,0,0,0.0,0,0.0
Sione Vaki,RB,DET,CHI,16,2.0,4.0,0,0,0.0,0,0.0,0,0.0,0,2,2,20.0,0,0.0
Skylar Thompson,QB,MIA,BUF,2,3.6,3.6,8,14,80.0,0,0.0,1,4.0,0,0,0,0.0,0,1.0
Skylar Thompson,QB,MIA,SEA,3,4.28,4.28,13,19,107.0,0,0.0,0,0.0,0,0,0,0.0,0,5.0
Skyy Moore,WR,KC,LAC,4,0.0,0.0,0,0,0.0,0,0.0,0,0.0,0,0,2,0.0,0,0.0
Skyy Moore,WR,KC,SF,7,0.0,0.0,0,0,0.0,0,0.0,0,0.0,0,0,1,0.0,0,0.0
Spencer Rattler,QB,NO,TB,6,12.42,12.42,22,40,243.0,1,2.0,4,27.0,0,0,0,0.0,0,5.0
Spencer Rattler,QB,NO,DEN,7,6.28,6.28,25,35,172.0,0,0.0,5,34.0,0,0,0,0.0,0,6.0
Spencer Rattler,QB,NO,LAC,8,6.24,6.24,12,24,156.0,0,0.0,0,0.0,0,0,0,0.0,0,3.0
Spencer Rattler,QB,NO,WAS,15,9.4,9.4,10,21,135.0,1,0.0,0,0.0,0,0,0,0.0,0,0.0
Spencer Rattler,QB,NO,GB,16,4.92,4.92,15,30,153.0,0,1.0,5,28.0,0,0,0,0.0,0,3.0
Spencer Rattler,QB,NO,LV,17,13.32,13.32,20,36,218.0,1,2.0,3,46.0,0,0,0,0.0,0,3.0
Spencer Rattler,QB,NO,TB,18,14.7,14.7,26,42,240.0,1,0.0,1,11.0,0,0,0,0.0,0,2.0
Stefon Diggs,WR,HOU,IND,1,15.9,21.9,0,0,0.0,0,0.0,1,6.0,0,6,6,33.0,2,0.0
Stefon Diggs,WR,HOU,CHI,2,3.7,7.7,0,0,0.0,0,0.0,0,0.0,0,4,6,37.0,0,0.0
Stefon Diggs,WR,HOU,MIN,3,9.92,19.92,1,1,13.0,0,0.0,0,0.0,0,10,12,94.0,0,0.0
Stefon Diggs,WR,HOU,JAX,4,13.5,18.5,0,0,0.0,0,0.0,1,6.0,1,5,9,69.0,0,0.0
Stefon Diggs,WR,HOU,BUF,5,8.2,14.2,0,0,0.0,0,0.0,0,0.0,0,6,8,82.0,0,0.0
Stefon Diggs,WR,HOU,NE,6,13.7,19.7,0,0,0.0,0,0.0,0,0.0,0,6,7,77.0,1,0.0
Stefon Diggs,WR,HOU,GB,7,2.3,7.3,0,0,0.0,0,0.0,0,0.0,0,5,7,23.0,0,0.0
Stefon Diggs,WR,HOU,IND,8,7.7,12.7,0,0,0.0,0,0.0,1,-4.0,0,5,9,81.0,0,0.0
Stephen Sullivan,TE,CAR,TB,13,0.0,0.0,0,0,0.0,0,0.0,0,0.0,0,0,1,0.0,0,0.0
Sterling Shepard,WR,TB,PHI,4,5.1,8.1,0,0,0.0,0,0.0,0,0.0,0,3,5,51.0,0,0.0
Sterling Shepard,WR,TB,ATL,5,6.4,7.4,0,0,0.0,0,0.0,0,0.0,0,1,2,4.0,1,0.0
Sterling Shepard,WR,TB,NO,6,5.4,8.4,0,0,0.0,0,0.0,4,31.0,0,3,4,23.0,0,0.0
Sterling Shepard,WR,TB,BAL,7,3.5,4.5,0,0,0.0,0,0.0,0,0.0,0,1,1,15.0,0,0.0
Sterling Shepard,WR,TB,ATL,8,1.8,4.8,0,0,0.0,0,0.0,0,0.0,0,3,5,18.0,0,0.0
Sterling Shepard,WR,TB,KC,9,6.9,10.9,0,0,0.0,0,0.0,2,21.0,0,4,5,48.0,0,0.0
Sterling Shepard,WR,TB,SF,10,1.0,2.0,0,0,0.0,0,0.0,1,3.0,0,1,3,7.0,0,0.0
Sterling Shepard,WR,TB,NYG,12,1.6,6.6,0,0,0.0,0,0.0,0,0.0,0,5,7,16.0,0,0.0
Sterling Shepard,WR,TB,CAR,13,4.2,8.2,0,0,0.0,0,0.0,0,0.0,0,4,7,42.0,0,0.0
Sterling Shepard,WR,TB,LV,14,6.3,10.3,0,0,0.0,0,0.0,0,0.0,0,4,6,63.0,0,0.0
Sterling Shepard,WR,TB,LAC,15,1.6,2.6,0,0,0.0,0,0.0,0,0.0,0,1,1,16.0,0,0.0
Sterling Shepard,WR,TB,DAL,16,3.4,4.4,0,0,0.0,0,0.0,1,14.0,0,1,3,20.0,0,0.0
Sterling Shepard,WR,TB,NO,18,1.1,2.1,0,0,0.0,0,0.0,0,0.0,0,1,2,11.0,0,0.0
Steven Sims,WR,HOU,JAX,4,0.0,0.0,0,0,0.0,0,0.0,1,0.0,0,0,0,0.0,0,0.0
Stone Smartt,TE,LAC,DEN,6,1.0,2.0,0,0,0.0,0,0.0,0,0.0,0,1,1,10.0,0,0.0
Stone Smartt,TE,LAC,ARI,7,3.1,4.1,0,0,0.0,0,0.0,0,0.0,0,1,2,31.0,0,0.0
Stone Smartt,TE,LAC,ATL,13,0.3,1.3,0,0,0.0,0,0.0,0,0.0,0,1,2,3.0,0,0.0
Stone Smartt,TE,LAC,KC,14,5.4,8.4,0,0,0.0,0,0.0,0,0.0,0,3,3,54.0,0,0.0
Stone Smartt,TE,LAC,TB,15,3.0,8.0,0,0,0.0,0,0.0,0,0.0,0,5,6,50.0,0,0.0
Stone Smartt,TE,LAC,DEN,16,3.7,6.7,0,0,0.0,0,0.0,0,0.0,0,3,3,37.0,0,0.0
Stone Smartt,TE,LAC,NE,17,2.3,4.3,0,0,0.0,0,0.0,0,0.0,0,2,2,23.0,0,0.0
T.J. Hockenson,TE,MIN,IND,9,2.7,5.7,0,0,0.0,0,0.0,0,0.0,0,3,4,27.0,0,0.0
T.J. Hockenson,TE,MIN,JAX,10,7.2,15.2,0,0,0.0,0,0.0,0,0.0,0,8,9,72.0,0,0.0
T.J. Hockenson,TE,MIN,TEN,11,1.3,3.3,0,0,0.0,0,0.0,0,0.0,0,2,3,13.0,0,0.0
T.J. Hockenson,TE,MIN,CHI,12,11.4,18.4,0,0,0.0,0,0.0,0,0.0,0,7,9,114.0,0,0.0
T.J. Hockenson,TE,MIN,ARI,13,2.8,5.8,0,0,0.0,0,0.0,0,0.0,0,3,6,28.0,0,0.0
T.J. Hockenson,TE,MIN,ATL,14,4.5,8.5,0,0,0.0,0,0.0,0,0.0,0,4,5,45.0,0,0.0
T.J. Hockenson,TE,MIN,CHI,15,5.2,10.2,0,0,0.0,0,0.0,0,0.0,0,5,7,52.0,0,0.0
T.J. Hockenson,TE,MIN,SEA,16,2.7,4.7,0,0,0.0,0,0.0,0,0.0,0,2,5,27.0,0,0.0
T.J. Hockenson,TE,MIN,GB,17,6.8,11.8,0,0,0.0,0,0.0,0,0.0,0,5,6,68.0,0,0.0
T.J. Hockenson,TE,MIN,DET,18,0.9,2.9,0,0,0.0,0,0.0,0,0.0,0,2,8,9.0,0,0.0
Tank Bigsby,RB,JAX,MIA,1,7.3,7.3,0,0,0.0,0,0.0,12,73.0,0,0,0,0.0,0,0.0
Tank Bigsby,RB,JAX,BUF,3,0.9,0.9,0,0,0.0,0,0.0,2,9.0,0,0,0,0.0,0,0.0
Tank Bigsby,RB,JAX,HOU,4,9.0,9.0,0,0,0.0,0,0.0,7,90.0,0,0,0,0.0,0,0.0
Tank Bigsby,RB,JAX,IND,5,24.9,25.9,0,0,0.0,0,0.0,13,101.0,2,1,1,28.0,0,0.0
Tank Bigsby,RB,JAX,CHI,6,2.4,2.4,0,0,0.0,0,0.0,7,24.0,0,0,0,0.0,0,0.0
Tank Bigsby,RB,JAX,NE,7,23.8,23.8,0,0,0.0,0,0.0,26,118.0,2,0,1,0.0,0,0.0
Tank Bigsby,RB,JAX,GB,8,8.6,10.6,0,0,0.0,0,0.0,18,78.0,0,2,3,8.0,0,0.0
Tank Bigsby,RB,JAX,PHI,9,2.2,2.2,0,0,0.0,0,0.0,8,22.0,0,0,0,0.0,0,0.0
Tank Bigsby,RB,JAX,MIN,10,0.4,0.4,0,0,0.0,0,0.0,2,4.0,0,0,0,0.0,0,0.0
Tank Bigsby,RB,JAX,HOU,13,3.5,4.5,0,0,0.0,0,0.0,7,28.0,0,1,1,7.0,0,0.0
Tank Bigsby,RB,JAX,TEN,14,12.2,13.2,0,0,0.0,0,0.0,18,55.0,1,1,2,7.0,0,0.0
Tank Bigsby,RB,JAX,NYJ,15,4.2,4.2,0,0,0.0,0,0.0,11,42.0,0,0,1,0.0,0,0.0
Tank Bigsby,RB,JAX,LV,16,9.1,10.1,0,0,0.0,0,0.0,12,50.0,1,1,1,1.0,0,0.0
Tank Bigsby,RB,JAX,TEN,17,3.3,3.3,0,0,0.0,0,0.0,11,33.0,0,0,1,0.0,0,0.0
Tank Bigsby,RB,JAX,IND,18,10.2,11.2,0,0,0.0,0,0.0,14,39.0,1,1,1,3.0,0,0.0
Tank Dell,WR,HOU,IND,1,5.9,8.9,0,0,0.0,0,0.0,2,19.0,0,3,7,40.0,0,0.0
Tank Dell,WR,HOU,CHI,2,1.3,2.3,0,0,0.0,0,0.0,3,16.0,0,1,4,-3.0,0,0.0
Tank Dell,WR,HOU,MIN,3,6.2,11.2,0,0,0.0,0,0.0,0,0.0,0,5,6,62.0,0,0.0
Tank Dell,WR,HOU,BUF,5,3.3,7.3,0,0,0.0,0,0.0,1,-5.0,0,4,4,38.0,0,0.0
Tank Dell,WR,HOU,NE,6,11.7,18.7,0,0,0.0,0,0.0,0,0.0,0,7,9,57.0,1,0.0
Tank Dell,WR,HOU,GB,7,0.0,0.0,0,0,0.0,0,0.0,0,0.0,0,0,4,0.0,0,0.0
Tank Dell,WR,HOU,IND,8,9.5,13.5,0,0,0.0,0,0.0,0,0.0,0,4,4,35.0,1,0.0
Tank Dell,WR,HOU,NYJ,9,12.6,18.6,0,0,0.0,0,0.0,0,0.0,0,6,9,126.0,0,0.0
Tank Dell,WR,HOU,DET,10,3.3,8.3,0,0,0.0,0,0.0,1,-6.0,0,5,9,39.0,0,0.0
Tank Dell,WR,HOU,DAL,11,5.8,9.8,0,0,0.0,0,0.0,1,4.0,0,4,7,54.0,0,0.0
Tank Dell,WR,HOU,TEN,12,7.2,10.2,0,0,0.0,0,0.0,0,0.0,0,3,5,72.0,0,0.0
Tank Dell,WR,HOU,JAX,13,2.3,3.3,0,0,0.0,0,0.0,0,0.0,0,1,4,23.0,0,0.0
Tank Dell,WR,HOU,MIA,15,4.1,6.1,0,0,0.0,0,0.0,1,15.0,0,2,2,26.0,0,0.0
Tank Dell,WR,HOU,KC,16,15.8,21.8,0,0,0.0,0,0.0,0,0.0,0,6,7,98.0,1,0.0
Tanner Conner,WR,MIA,SEA,3,0.1,1.1,0,0,0.0,0,0.0,0,0.0,0,1,2,1.0,0,0.0
Tanner Conner,WR,MIA,TEN,4,1.5,3.5,0,0,0.0,0,0.0,0,0.0,0,2,2,15.0,0,0.0
Tanner Hudson,TE,CIN,NE,1,-0.2,1.8,0,0,0.0,0,0.0,0,0.0,0,2,3,18.0,0,0.0
Tanner Hudson,TE,CIN,CLE,7,0.0,0.0,0,0,0.0,0,0.0,0,0.0,0,0,1,0.0,0,0.0
Tanner Hudson,TE,CIN,LV,9,1.4,3.4,0,0,0.0,0,0.0,0,0.0,0,2,3,14.0,0,0.0
Tanner Hudson,TE,CIN,BAL,10,10.3,16.3,0,0,0.0,0,0.0,1,1.0,0,6,7,42.0,1,0.0
Tanner Hudson,TE,CIN,LAC,11,1.3,3.3,0,0,0.0,0,0.0,0,0.0,0,2,2,13.0,0,0.0
Tanner Hudson,TE,CIN,PIT,13,2.8,6.8,0,0,0.0,0,0.0,0,0.0,0,4,4,28.0,0,0.0
Tanner Hudson,TE,CIN,DAL,14,1.9,2.9,0,0,0.0,0,0.0,0,0.0,0,1,1,19.0,0,0.0
Tanner Hudson,TE,CIN,TEN,15,0.9,1.9,0,0,0.0,0,0.0,0,0.0,0,1,1,9.0,0,0.0
Tanner Hudson,TE,CIN,PIT,18,1.1,2.1,0,0,0.0,0,0.0,0,0.0,0,1,1,11.0,0,0.0
Tanner McKee,QB,PHI,DAL,17,9.96,9.96,3,4,54.0,2,0.0,2,-2.0,0,0,0,0.0,0,0.0
Tanner McKee,QB,PHI,NYG,18,18.86,18.86,27,41,269.0,2,0.0,3,1.0,0,0,0,0.0,0,2.0
Tavierre Thomas,CB,TB,ATL,8,-0.2,-0.2,0,0,0.0,0,0.0,1,-2.0,0,0,0,0.0,0,0.0
Tay Martin,WR,TEN,HOU,18,10.9,11.9,0,0,0.0,0,0.0,0,0.0,0,1,2,49.0,1,0.0
Taylor Decker,T,DET,DAL,6,0.0,0.0,0,0,0.0,0,0.0,0,0.0,0,0,1,0.0,0,0.0
Taylor Heinicke,QB,LAC,PIT,3,0.96,0.96,2,2,24.0,0,0.0,0,0.0,0,0,0,0.0,0,3.0
Taylor Heinicke,QB,LAC,KC,14,1.2,1.2,0,0,0.0,0,0.0,1,12.0,0,0,0,0.0,0,0.0
Taylor Heinicke,QB,LAC,TB,15,0.16,0.16,1,1,4.0,0,0.0,0,0.0,0,0,0,0.0,0,0.0
Taylor Heinicke,QB,LAC,NE,17,0.8,0.8,0,2,0.0,0,0.0,1,8.0,0,0,0,0.0,0,0.0
Taysom Hill,TE,NO,CAR,1,3.6,4.6,0,0,0.0,0,0.0,5,35.0,0,1,2,1.0,0,0.0
Taysom Hill,TE,NO,DAL,2,1.9,2.9,0,0,0.0,0,0.0,3,18.0,0,1,1,1.0,0,0.0
Taysom Hill,TE,NO,ATL,4,14.4,14.4,0,0,0.0,0,0.0,6,24.0,2,0,0,0.0,0,0.0
Taysom Hill,TE,NO,LAC,8,4.22,6.22,1,1,3.0,0,0.0,4,20.0,0,2,4,21.0,0,0.0
Taysom Hill,TE,NO,CAR,9,12.0,16.0,0,1,0.0,0,0.0,5,19.0,1,4,5,41.0,0,0.0
Taysom Hill,TE,NO,ATL,10,5.0,7.0,0,0,0.0,0,0.0,4,14.0,0,2,2,36.0,0,0.0
Taysom Hill,TE,NO,CLE,11,33.52,41.52,1,2,18.0,0,1.0,7,138.0,3,8,10,50.0,0,0.0
Taysom Hill,TE,NO,LA,13,4.7,9.7,0,0,0.0,0,0.0,5,10.0,0,5,7,37.0,0,0.0
Tee Higgins,WR,CIN,WAS,3,3.9,6.9,0,0,0.0,0,0.0,0,0.0,0,3,6,39.0,0,0.0
Tee Higgins,WR,CIN,CAR,4,6.0,12.0,0,0,0.0,0,0.0,0,0.0,0,6,10,60.0,0,0.0
Tee Higgins,WR,CIN,BAL,5,20.3,29.3,0,0,0.0,0,0.0,0,0.0,0,9,14,83.0,2,0.0
Tee Higgins,WR,CIN,NYG,6,7.7,14.7,0,0,0.0,0,0.0,0,0.0,0,7,7,77.0,0,0.0
Tee Higgins,WR,CIN,CLE,7,14.2,18.2,0,0,0.0,0,0.0,0,0.0,0,4,8,82.0,1,0.0
Tee Higgins,WR,CIN,LAC,11,20.8,29.8,0,0,0.0,0,0.0,0,0.0,0,9,13,148.0,1,0.0
Tee Higgins,WR,CIN,PIT,13,12.9,17.9,0,0,0.0,0,0.0,0,0.0,0,5,10,69.0,1,0.0
Tee Higgins,WR,CIN,DAL,14,2.3,4.3,0,0,0.0,0,0.0,0,0.0,0,2,5,23.0,0,0.0
Tee Higgins,WR,CIN,TEN,15,14.8,19.8,0,0,0.0,0,0.0,0,0.0,0,5,8,88.0,1,0.0
Tee Higgins,WR,CIN,CLE,16,11.8,19.8,0,0,0.0,0,0.0,0,0.0,0,8,11,58.0,1,0.0
Tee Higgins,WR,CIN,DEN,17,29.1,40.1,0,0,0.0,0,0.0,0,0.0,0,11,12,131.0,3,0.0
Tee Higgins,WR,CIN,PIT,18,5.3,9.3,0,0,0.0,0,0.0,0,0.0,0,4,5,53.0,0,0.0
Terrace Marshall,WR,LV,KC,13,0.0,0.0,0,0,0.0,0,0.0,0,0.0,0,0,1,0.0,0,0.0
Terrace Marshall,WR,LV,TB,14,0.6,1.6,0,0,0.0,0,0.0,0,0.0,0,1,1,6.0,0,0.0
Terrace Marshall,WR,LV,ATL,15,0.7,1.7,0,0,0.0,0,0.0,0,0.0,0,1,1,7.0,0,0.0
Terrace Marshall,WR,LV,JAX,16,0.0,0.0,0,0,0.0,0,0.0,0,0.0,0,0,1,0.0,0,0.0
Terrace Marshall,WR,LV,NO,17,2.8,3.8,0,0,0.0,0,0.0,0,0.0,0,1,2,28.0,0,0.0
Terrell Jennings,RB,NE,HOU,6,1.3,1.3,0,0,0.0,0,0.0,5,13.0,0,0,0,0.0,0,0.0
Terrell Jennings,RB,NE,BUF,18,2.0,2.0,0,0,0.0,0,0.0,8,20.0,0,0,1,0.0,0,0.0
Terry McLaurin,WR,WAS,TB,1,1.7,3.7,0,0,0.0,0,0.0,0,0.0,0,2,4,17.0,0,0.0
Terry McLaurin,WR,WAS,NYG,2,2.2,8.2,0,0,0.0,0,0.0,0,0.0,0,6,8,22.0,0,0.0
Terry McLaurin,WR,WAS,CIN,3,16.0,20.0,0,0,0.0,0,0.0,0,0.0,0,4,6,100.0,1,0.0
Terry McLaurin,WR,WAS,ARI,4,11.2,18.2,0,0,0.0,0,0.0,0,0.0,0,7,10,52.0,1,0.0
Terry McLaurin,WR,WAS,CLE,5,9.4,13.4,0,0,0.0,0,0.0,1,2.0,0,4,8,112.0,0,0.0
Terry McLaurin,WR,WAS,BAL,6,17.3,23.3,0,0,0.0,0,0.0,1,0.0,0,6,7,53.0,2,0.0
Terry McLaurin,WR,WAS,CAR,7,9.8,15.8,0,0,0.0,0,0.0,0,0.0,0,6,6,98.0,0,0.0
Terry McLaurin,WR,WAS,CHI,8,12.5,17.5,0,0,0.0,0,0.0,0,0.0,0,5,8,125.0,0,0.0
Terry McLaurin,WR,WAS,NYG,9,13.9,15.9,0,0,0.0,0,0.0,0,0.0,0,2,3,19.0,2,0.0
Terry McLaurin,WR,WAS,PIT,10,11.3,16.3,0,0,0.0,0,0.0,0,0.0,0,5,6,113.0,0,0.0
Terry McLaurin,WR,WAS,PHI,11,1.0,2.0,0,0,0.0,0,0.0,0,0.0,0,1,2,10.0,0,0.0
Terry McLaurin,WR,WAS,DAL,12,16.2,21.2,0,0,0.0,0,0.0,0,0.0,0,5,6,102.0,1,0.0
Terry McLaurin,WR,WAS,TEN,13,19.3,27.3,0,0,0.0,0,0.0,0,0.0,0,8,8,73.0,2,0.0
Terry McLaurin,WR,WAS,NO,15,19.3,26.3,0,0,0.0,0,0.0,0,0.0,0,7,10,73.0,2,0.0
Terry McLaurin,WR,WAS,PHI,16,12.0,17.0,0,0,0.0,0,0.0,0,0.0,0,5,6,60.0,1,0.0
Terry McLaurin,WR,WAS,ATL,17,0.5,1.5,0,0,0.0,0,0.0,0,0.0,0,1,7,5.0,0,0.0
Terry McLaurin,WR,WAS,DAL,18,12.2,20.2,0,0,0.0,0,0.0,0,0.0,0,8,12,62.0,1,0.0
Theo Johnson,TE,NYG,MIN,1,1.8,2.8,0,0,0.0,0,0.0,0,0.0,0,1,4,18.0,0,0.0
Theo Johnson,TE,NYG,CLE,3,1.3,2.3,0,0,0.0,0,0.0,0,0.0,0,1,3,13.0,0,0.0
Theo Johnson,TE,NYG,DAL,4,0.6,1.6,0,0,0.0,0,0.0,0,0.0,0,1,1,6.0,0,0.0
Theo Johnson,TE,NYG,SEA,5,4.8,9.8,0,0,0.0,0,0.0,0,0.0,0,5,5,48.0,0,0.0
Theo Johnson,TE,NYG,CIN,6,3.0,6.0,0,0,0.0,0,0.0,0,0.0,0,3,3,30.0,0,0.0
Theo Johnson,TE,NYG,PIT,8,3.5,6.5,0,0,0.0,0,0.0,0,0.0,0,3,4,35.0,0,0.0
Theo Johnson,TE,NYG,WAS,9,11.1,14.1,0,0,0.0,0,0.0,0,0.0,0,3,6,51.0,1,0.0
Theo Johnson,TE,NYG,CAR,10,3.7,7.7,0,0,0.0,0,0.0,0,0.0,0,4,6,37.0,0,0.0
Theo Johnson,TE,NYG,TB,12,3.9,6.9,0,0,0.0,0,0.0,0,0.0,0,3,6,39.0,0,0.0
Theo Johnson,TE,NYG,DAL,13,5.4,10.4,0,0,0.0,0,0.0,0,0.0,0,5,5,54.0,0,0.0
Tim Boyle,QB,MIA,SEA,3,3.76,3.76,7,13,79.0,0,0.0,1,6.0,0,0,0,0.0,0,1.0
Tim Boyle,QB,MIA,IND,7,3.36,3.36,8,13,74.0,0,0.0,1,4.0,0,0,0,0.0,0,0.0
Tim Boyle,QB,NYG,BAL,15,6.82,6.82,12,24,123.0,1,1.0,1,-1.0,0,0,0,0.0,0,1.0
Tim Jones,WR,JAX,GB,8,2.0,3.0,0,0,0.0,0,0.0,0,0.0,0,1,2,20.0,0,0.0
Tim Jones,WR,JAX,PHI,9,1.0,2.0,0,0,0.0,0,0.0,0,0.0,0,1,2,10.0,0,0.0
Tim Jones,WR,JAX,TEN,17,1.1,2.1,0,0,0.0,0,0.0,0,0.0,0,1,1,11.0,0,0.0
Tim Patrick,WR,DET,TB,2,1.2,3.2,0,0,0.0,0,0.0,0,0.0,0,2,4,12.0,0,0.0
Tim Patrick,WR,DET,ARI,3,0.8,1.8,0,0,0.0,0,0.0,0,0.0,0,1,1,8.0,0,0.0
Tim Patrick,WR,DET,SEA,4,5.2,7.2,0,0,0.0,0,0.0,0,0.0,0,2,2,52.0,0,0.0
Tim Patrick,WR,DET,DAL,6,6.8,9.8,0,0,0.0,0,0.0,0,0.0,0,3,3,68.0,0,0.0
Tim Patrick,WR,DET,MIN,7,2.5,4.5,0,0,0.0,0,0.0,0,0.0,0,2,2,25.0,0,0.0
Tim Patrick,WR,DET,TEN,8,0.0,0.0,0,0,0.0,0,0.0,0,0.0,0,0,1,0.0,0,0.0
Tim Patrick,WR,DET,GB,9,1.2,3.2,0,0,0.0,0,0.0,0,0.0,0,2,2,12.0,0,0.0
Tim Patrick,WR,DET,JAX,11,2.6,5.6,0,0,0.0,0,0.0,0,0.0,0,3,4,26.0,0,0.0
Tim Patrick,WR,DET,IND,12,5.5,9.5,0,0,0.0,0,0.0,0,0.0,0,4,4,55.0,0,0.0
Tim Patrick,WR,DET,CHI,13,4.8,6.8,0,0,0.0,0,0.0,0,0.0,0,2,3,48.0,0,0.0
Tim Patrick,WR,DET,GB,14,16.3,22.3,0,0,0.0,0,0.0,0,0.0,0,6,7,43.0,2,0.0
Tim Patrick,WR,DET,BUF,15,9.0,13.0,0,0,0.0,0,0.0,0,0.0,0,4,8,30.0,1,0.0
Tim Patrick,WR,DET,CHI,16,0.0,0.0,0,0,0.0,0,0.0,0,0.0,0,0,1,0.0,0,0.0
Tim Patrick,WR,DET,SF,17,2.0,2.0,0,0,0.0,0,0.0,0,0.0,0,0,0,0.0,0,0.0
Tim Patrick,WR,DET,MIN,18,1.5,3.5,0,0,0.0,0,0.0,0,0.0,0,2,2,15.0,0,0.0
Tip Reiman,TE,ARI,SF,5,0.5,1.5,0,0,0.0,0,0.0,0,0.0,0,1,1,5.0,0,0.0
Tip Reiman,TE,ARI,LAC,7,0.1,1.1,0,0,0.0,0,0.0,0,0.0,0,1,1,1.0,0,0.0
Tip Reiman,TE,ARI,MIN,13,0.9,1.9,0,0,0.0,0,0.0,0,0.0,0,1,1,9.0,0,0.0
Tip Reiman,TE,ARI,SEA,14,1.4,2.4,0,0,0.0,0,0.0,0,0.0,0,1,1,14.0,0,0.0
Tip Reiman,TE,ARI,NE,15,0.8,2.8,0,0,0.0,0,0.0,0,0.0,0,2,3,8.0,0,0.0
Tom Kennedy,WR,DET,TB,2,0.0,0.0,0,0,0.0,0,0.0,0,0.0,0,0,1,0.0,0,0.0
Tommy DeVito,QB,NYG,TB,12,10.76,10.76,21,31,189.0,0,0.0,7,32.0,0,0,0,0.0,0,4.0
Tommy DeVito,QB,NYG,BAL,15,2.72,2.72,10,13,68.0,0,0.0,1,0.0,0,0,0,0.0,0,2.0
Tommy Tremble,TE,CAR,LAC,2,2.3,5.3,0,0,0.0,0,0.0,0,0.0,0,3,4,23.0,0,0.0
Tommy Tremble,TE,CAR,LV,3,2.9,5.9,0,0,0.0,0,0.0,0,0.0,0,3,3,29.0,0,0.0
Tommy Tremble,TE,CAR,CHI,5,-1.3,-0.3,0,0,0.0,0,0.0,0,0.0,0,1,2,7.0,0,0.0
Tommy Tremble,TE,CAR,DEN,8,1.3,3.3,0,0,0.0,0,0.0,0,0.0,0,2,3,13.0,0,0.0
Tommy Tremble,TE,CAR,KC,12,0.5,1.5,0,0,0.0,0,0.0,0,0.0,0,1,2,5.0,0,0.0
Tommy Tremble,TE,CAR,TB,13,7.7,12.7,0,0,0.0,0,0.0,0,0.0,0,5,8,77.0,0,0.0
Tommy Tremble,TE,CAR,PHI,14,6.3,7.3,0,0,0.0,0,0.0,0,0.0,0,1,2,3.0,1,0.0
Tommy Tremble,TE,CAR,DAL,15,1.5,3.5,0,0,0.0,0,0.0,0,0.0,0,2,2,15.0,0,0.0
Tommy Tremble,TE,CAR,ARI,16,3.2,6.2,0,0,0.0,0,0.0,0,0.0,0,3,3,32.0,0,0.0
Tommy Tremble,TE,CAR,ATL,18,9.0,11.0,0,0,0.0,0,0.0,0,0.0,0,2,3,30.0,1,0.0
Tony Jones,RB,ARI,SF,18,11.5,11.5,0,0,0.0,0,0.0,4,55.0,1,0,0,0.0,0,0.0
Tony Pollard,RB,TEN,CHI,1,15.4,18.4,0,0,0.0,0,0.0,16,82.0,1,3,4,12.0,0,0.0
Tony Pollard,RB,TEN,NYJ,2,10.2,15.2,0,0,0.0,0,0.0,17,62.0,0,5,6,40.0,0,0.0
Tony Pollard,RB,TEN,GB,3,2.9,5.9,0,0,0.0,0,0.0,6,14.0,0,3,4,15.0,0,0.0
Tony Pollard,RB,TEN,MIA,4,16.8,18.8,0,0,0.0,0,0.0,22,88.0,1,2,2,20.0,0,0.0
Tony Pollard,RB,TEN,IND,6,14.8,17.8,0,0,0.0,0,0.0,17,93.0,1,3,3,-5.0,0,0.0
Tony Pollard,RB,TEN,BUF,7,6.5,8.5,0,0,0.0,0,0.0,16,61.0,0,2,6,4.0,0,0.0
Tony Pollard,RB,TEN,DET,8,11.7,14.7,0,0,0.0,0,0.0,20,94.0,0,3,4,23.0,0,0.0
Tony Pollard,RB,TEN,NE,9,15.4,18.4,0,0,0.0,0,0.0,28,128.0,0,3,3,26.0,0,0.0
Tony Pollard,RB,TEN,LAC,10,6.3,10.3,0,0,0.0,0,0.0,9,44.0,0,4,4,19.0,0,0.0
Tony Pollard,RB,TEN,MIN,11,2.9,4.9,0,0,0.0,0,0.0,9,15.0,0,2,4,14.0,0,0.0
Tony Pollard,RB,TEN,HOU,12,18.9,21.9,0,0,0.0,0,0.0,24,119.0,1,3,5,10.0,0,0.0
Tony Pollard,RB,TEN,WAS,13,4.8,8.8,0,0,0.0,0,0.0,8,35.0,0,4,6,33.0,0,0.0
Tony Pollard,RB,TEN,JAX,14,12.4,14.4,0,0,0.0,0,0.0,21,102.0,0,2,2,22.0,0,0.0
Tony Pollard,RB,TEN,CIN,15,8.5,8.5,0,0,0.0,0,0.0,17,45.0,1,0,0,0.0,0,0.0
Tony Pollard,RB,TEN,IND,16,6.0,8.0,0,0,0.0,0,0.0,8,35.0,0,2,4,5.0,0,0.0
Tony Pollard,RB,TEN,HOU,18,6.2,6.2,0,0,0.0,0,0.0,22,62.0,0,0,0,0.0,0,0.0
Travis Etienne,RB,JAX,MIA,1,9.9,11.9,0,0,0.0,0,0.0,12,44.0,1,2,3,15.0,0,0.0
Travis Etienne,RB,JAX,CLE,2,11.8,14.8,0,0,0.0,0,0.0,13,52.0,1,3,4,6.0,0,0.0
Travis Etienne,RB,JAX,BUF,3,8.5,12.5,0,0,0.0,0,0.0,11,68.0,0,4,6,17.0,0,0.0
Travis Etienne,RB,JAX,HOU,4,6.0,7.0,0,0,0.0,0,0.0,11,50.0,0,1,2,10.0,0,0.0
Travis Etienne,RB,JAX,IND,5,6.0,12.0,0,0,0.0,0,0.0,6,17.0,0,6,7,43.0,0,0.0
Travis Etienne,RB,JAX,CHI,6,-0.1,-0.1,0,0,0.0,0,0.0,3,-1.0,0,0,1,0.0,0,0.0
Travis Etienne,RB,JAX,PHI,9,3.0,5.0,0,0,0.0,0,0.0,3,24.0,0,2,3,6.0,0,0.0
Travis Etienne,RB,JAX,MIN,10,4.3,5.3,0,0,0.0,0,0.0,11,44.0,0,1,1,-1.0,0,0.0
Travis Etienne,RB,JAX,DET,11,3.3,6.3,0,0,0.0,0,0.0,12,27.0,0,3,3,6.0,0,0.0
Travis Etienne,RB,JAX,HOU,13,5.8,8.8,0,0,0.0,0,0.0,13,46.0,0,3,3,12.0,0,0.0
Travis Etienne,RB,JAX,TEN,14,7.0,11.0,0,0,0.0,0,0.0,4,20.0,0,4,4,50.0,0,0.0
Travis Etienne,RB,JAX,NYJ,15,8.5,12.5,0,0,0.0,0,0.0,14,65.0,0,4,5,20.0,0,0.0
Travis Etienne,RB,JAX,LV,16,3.7,5.7,0,0,0.0,0,0.0,9,22.0,0,2,3,15.0,0,0.0
Travis Etienne,RB,JAX,TEN,17,7.5,8.5,0,0,0.0,0,0.0,15,49.0,0,1,2,26.0,0,0.0
Travis Etienne,RB,JAX,IND,18,6.0,9.0,0,0,0.0,0,0.0,13,31.0,0,3,5,29.0,0,0.0
Travis Homer,RB,CHI,TEN,1,1.0,1.0,0,0,0.0,0,0.0,2,10.0,0,0,0,0.0,0,0.0
Travis Homer,RB,CHI,HOU,2,0.6,0.6,0,0,0.0,0,0.0,1,6.0,0,0,0,0.0,0,0.0
Travis Homer,RB,CHI,SF,14,1.1,4.1,0,0,0.0,0,0.0,0,0.0,0,3,3,11.0,0,0.0
Travis Homer,RB,CHI,MIN,15,0.7,0.7,0,0,0.0,0,0.0,3,7.0,0,0,0,0.0,0,0.0
Travis Kelce,TE,KC,BAL,1,3.4,6.4,0,0,0.0,0,0.0,0,0.0,0,3,4,34.0,0,0.0
Travis Kelce,TE,KC,CIN,2,0.6,1.6,0,0,0.0,0,0.0,1,1.0,0,1,3,5.0,0,0.0
Travis Kelce,TE,KC,ATL,3,3.0,7.0,0,0,0.0,0,0.0,0,0.0,0,4,5,30.0,0,0.0
Travis Kelce,TE,KC,LAC,4,8.9,15.9,0,0,0.0,0,0.0,0,0.0,0,7,9,89.0,0,0.0
Travis Kelce,TE,KC,NO,5,7.0,16.0,0,0,0.0,0,0.0,0,0.0,0,9,10,70.0,0,0.0
Travis Kelce,TE,KC,SF,7,1.7,5.7,0,0,0.0,0,0.0,0,0.0,0,4,5,17.0,0,0.0
Travis Kelce,TE,KC,LV,8,15.0,25.0,0,0,0.0,0,0.0,0,0.0,0,10,12,90.0,1,0.0
Travis Kelce,TE,KC,TB,9,8.0,22.0,0,0,0.0,0,0.0,0,0.0,0,14,16,100.0,0,0.0
Travis Kelce,TE,KC,DEN,10,12.4,20.4,0,0,0.0,0,0.0,0,0.0,0,8,12,64.0,1,0.0
Travis Kelce,TE,KC,BUF,11,0.8,2.8,0,0,0.0,0,0.0,0,0.0,0,2,4,8.0,0,0.0
Travis Kelce,TE,KC,CAR,12,6.2,12.2,0,0,0.0,0,0.0,0,0.0,0,6,8,62.0,0,0.0
Travis Kelce,TE,KC,LV,13,6.8,13.8,0,0,0.0,0,0.0,0,0.0,0,7,13,68.0,0,0.0
Travis Kelce,TE,KC,LAC,14,4.5,9.5,0,0,0.0,0,0.0,0,0.0,0,5,6,45.0,0,0.0
Travis Kelce,TE,KC,CLE,15,2.7,6.7,0,0,0.0,0,0.0,0,0.0,0,4,8,27.0,0,0.0
Travis Kelce,TE,KC,HOU,16,3.0,8.0,0,0,0.0,0,0.0,0,0.0,0,5,7,30.0,0,0.0
Travis Kelce,TE,KC,PIT,17,14.4,22.4,0,0,0.0,0,0.0,0,0.0,0,8,11,84.0,1,0.0
Tre Tucker,WR,LV,LAC,1,2.2,4.2,0,0,0.0,0,0.0,0,0.0,0,2,3,22.0,0,0.0
Tre Tucker,WR,LV,BAL,2,1.3,3.3,0,0,0.0,0,0.0,0,0.0,0,2,2,13.0,0,0.0
Tre Tucker,WR,LV,CAR,3,15.6,22.6,0,0,0.0,0,0.0,0,0.0,0,7,9,96.0,1,0.0
Tre Tucker,WR,LV,CLE,4,10.4,15.4,0,0,0.0,0,0.0,1,3.0,1,5,6,41.0,0,0.0
Tre Tucker,WR,LV,DEN,5,2.6,4.6,0,0,0.0,0,0.0,2,8.0,0,2,5,18.0,0,0.0
Tre Tucker,WR,LV,PIT,6,0.0,0.0,0,0,0.0,0,0.0,0,0.0,0,0,2,0.0,0,0.0
Tre Tucker,WR,LV,LA,7,4.7,7.7,0,0,0.0,0,0.0,1,11.0,0,3,8,36.0,0,0.0
Tre Tucker,WR,LV,KC,8,3.3,5.3,0,0,0.0,0,0.0,1,7.0,0,2,3,26.0,0,0.0
Tre Tucker,WR,LV,CIN,9,0.5,2.5,0,0,0.0,0,0.0,0,0.0,0,2,6,5.0,0,0.0
Tre Tucker,WR,LV,MIA,11,3.5,6.5,0,0,0.0,0,0.0,1,7.0,0,3,4,28.0,0,0.0
Tre Tucker,WR,LV,DEN,12,8.2,15.2,0,0,0.0,0,0.0,0,0.0,0,7,8,82.0,0,0.0
Tre Tucker,WR,LV,KC,13,12.9,13.9,0,0,0.0,0,0.0,1,11.0,0,1,1,58.0,1,0.0
Tre Tucker,WR,LV,TB,14,0.7,2.7,0,0,0.0,0,0.0,0,0.0,0,2,5,7.0,0,0.0
Tre Tucker,WR,LV,ATL,15,1.8,3.8,0,0,0.0,0,0.0,0,0.0,0,2,3,18.0,0,0.0
Tre Tucker,WR,LV,JAX,16,3.3,5.3,0,0,0.0,0,0.0,1,-8.0,0,2,4,41.0,0,0.0
Tre Tucker,WR,LV,NO,17,8.9,10.9,0,0,0.0,0,0.0,1,5.0,0,2,8,24.0,1,0.0
Tre Tucker,WR,LV,LAC,18,2.4,5.4,0,0,0.0,0,0.0,0,0.0,0,3,4,24.0,0,0.0
Trent Sherfield,WR,MIN,SF,2,1.7,2.7,0,0,0.0,0,0.0,0,0.0,0,1,2,17.0,0,0.0
Trent Sherfield,WR,MIN,HOU,3,0.8,1.8,0,0,0.0,0,0.0,0,0.0,0,1,1,8.0,0,0.0
Trent Sherfield,WR,MIN,GB,4,0.8,1.8,0,0,0.0,0,0.0,0,0.0,0,1,1,8.0,0,0.0
Trent Sherfield,WR,MIN,LA,8,7.0,8.0,0,0,0.0,0,0.0,0,0.0,0,1,1,10.0,1,0.0
Trent Sherfield,WR,MIN,IND,9,0.7,1.7,0,0,0.0,0,0.0,0,0.0,0,1,1,7.0,0,0.0
Trent Sherfield,WR,MIN,JAX,10,1.1,2.1,0,0,0.0,0,0.0,0,0.0,0,1,1,11.0,0,0.0
Trent Sherfield,WR,MIN,TEN,11,1.6,2.6,0,0,0.0,0,0.0,0,0.0,0,1,1,16.0,0,0.0
Trent Sherfield,WR,MIN,CHI,15,0.6,1.6,0,0,0.0,0,0.0,0,0.0,0,1,1,6.0,0,0.0
Trent Taylor,WR,SF,ARI,18,1.1,2.1,0,0,0.0,0,0.0,0,0.0,0,1,1,11.0,0,0.0
Trenton Irwin,WR,CIN,NE,1,0.6,1.6,0,0,0.0,0,0.0,0,0.0,0,1,2,6.0,0,0.0
Trenton Irwin,WR,CIN,KC,2,0.5,1.5,0,0,0.0,0,0.0,0,0.0,0,1,6,5.0,0,0.0
Trenton Irwin,WR,CIN,PHI,8,0.4,1.4,0,0,0.0,0,0.0,0,0.0,0,1,1,4.0,0,0.0
Trenton Irwin,WR,CIN,LV,9,0.0,0.0,0,0,0.0,0,0.0,0,0.0,0,0,1,0.0,0,0.0
Trenton Scott,T,WAS,CIN,3,6.1,7.1,0,0,0.0,0,0.0,0,0.0,0,1,1,1.0,1,0.0
Trevor Lawrence,QB,JAX,MIA,1,11.28,11.28,12,21,162.0,1,0.0,1,8.0,0,0,0,0.0,0,3.0
Trevor Lawrence,QB,JAX,CLE,2,13.3,13.3,14,30,220.0,0,0.0,2,45.0,0,0,0,0.0,0,4.0
Trevor Lawrence,QB,JAX,BUF,3,9.42,9.42,21,38,178.0,1,1.0,2,3.0,0,0,0,0.0,0,4.0
Trevor Lawrence,QB,JAX,HOU,4,15.26,15.26,18,33,169.0,2,0.0,3,5.0,0,0,0,0.0,0,1.0
Trevor Lawrence,QB,JAX,IND,5,21.24,21.24,28,34,371.0,2,1.0,2,4.0,0,0,0,0.0,0,0.0
Trevor Lawrence,QB,JAX,CHI,6,17.06,17.06,23,35,234.0,2,1.0,4,17.0,0,0,0,0.0,0,3.0
Trevor Lawrence,QB,JAX,NE,7,15.02,15.02,15,20,193.0,1,0.0,2,13.0,0,0,0,0.0,0,0.0
Trevor Lawrence,QB,JAX,GB,8,23.32,23.32,21,32,308.0,2,1.0,4,10.0,1,0,0,0.0,0,1.0
Trevor Lawrence,QB,JAX,PHI,9,19.56,19.56,16,31,169.0,0,2.0,5,8.0,2,0,0,0.0,0,2.0
Trevor Lawrence,QB,JAX,HOU,13,0.24,0.24,4,10,41.0,0,1.0,1,6.0,0,0,0,0.0,0,0.0
Trey Benson,RB,ARI,BUF,1,1.8,2.8,0,0,0.0,0,0.0,3,13.0,0,1,1,5.0,0,0.0
Trey Benson,RB,ARI,LA,2,1.7,2.7,0,0,0.0,0,0.0,11,10.0,0,1,1,7.0,0,0.0
Trey Benson,RB,ARI,DET,3,0.8,0.8,0,0,0.0,0,0.0,2,8.0,0,0,0,0.0,0,0.0
Trey Benson,RB,ARI,WAS,4,5.0,5.0,0,0,0.0,0,0.0,9,50.0,0,0,0,0.0,0,0.0
Trey Benson,RB,ARI,GB,6,2.6,2.6,0,0,0.0,0,0.0,5,26.0,0,0,0,0.0,0,0.0
Trey Benson,RB,ARI,MIA,8,1.0,1.0,0,0,0.0,0,0.0,1,10.0,0,0,0,0.0,0,0.0
Trey Benson,RB,ARI,CHI,9,11.5,12.5,0,0,0.0,0,0.0,8,37.0,1,1,1,18.0,0,0.0
Trey Benson,RB,ARI,NYJ,10,8.7,10.7,0,0,0.0,0,0.0,10,62.0,0,2,2,25.0,0,0.0
Trey Benson,RB,ARI,SEA,12,1.8,1.8,0,0,0.0,0,0.0,4,18.0,0,0,0,0.0,0,0.0
Trey Benson,RB,ARI,MIN,13,2.0,2.0,0,0,0.0,0,0.0,3,20.0,0,0,0,0.0,0,0.0
Trey Benson,RB,ARI,SEA,14,1.9,2.9,0,0,0.0,0,0.0,2,15.0,0,1,1,4.0,0,0.0
Trey Benson,RB,ARI,NE,15,2.2,2.2,0,0,0.0,0,0.0,5,22.0,0,0,0,0.0,0,0.0
Trey Lance,QB,DAL,PHI,10,0.54,0.54,4,6,21.0,0,1.0,3,17.0,0,0,0,0.0,0,2.0
Trey Lance,QB,DAL,WAS,12,-0.3,-0.3,0,0,0.0,0,0.0,1,-3.0,0,0,0,0.0,0,0.0
Trey Lance,QB,DAL,PHI,17,0.14,0.14,1,1,1.0,0,0.0,1,1.0,0,0,0,0.0,0,0.0
Trey Lance,QB,DAL,WAS,18,12.36,12.36,20,34,244.0,0,0.0,6,26.0,0,0,0,0.0,0,2.0
Trey McBride,TE,ARI,BUF,1,3.0,8.0,0,0,0.0,0,0.0,0,0.0,0,5,9,30.0,0,0.0
Trey McBride,TE,ARI,LA,2,6.7,12.7,0,0,0.0,0,0.0,0,0.0,0,6,6,67.0,0,0.0
Trey McBride,TE,ARI,DET,3,2.5,5.5,0,0,0.0,0,0.0,0,0.0,0,3,6,25.0,0,0.0
Trey McBride,TE,ARI,SF,5,5.3,11.3,0,0,0.0,0,0.0,0,0.0,0,6,9,53.0,0,0.0
Trey McBride,TE,ARI,GB,6,9.6,17.6,0,0,0.0,0,0.0,0,0.0,0,8,8,96.0,0,0.0
Trey McBride,TE,ARI,LAC,7,5.1,10.1,0,0,0.0,0,0.0,0,0.0,0,5,7,51.0,0,0.0
Trey McBride,TE,ARI,MIA,8,12.4,21.4,0,0,0.0,0,0.0,0,0.0,0,9,11,124.0,0,0.0
Trey McBride,TE,ARI,CHI,9,9.7,12.7,0,0,0.0,0,0.0,1,2.0,1,3,4,35.0,0,0.0
Trey McBride,TE,ARI,NYJ,10,7.1,11.1,0,0,0.0,0,0.0,0,0.0,0,4,5,71.0,0,0.0
Trey McBride,TE,ARI,SEA,12,13.3,25.3,0,0,0.0,0,0.0,0,0.0,0,12,15,133.0,0,0.0
Trey McBride,TE,ARI,MIN,13,9.6,21.6,0,0,0.0,0,0.0,0,0.0,0,12,12,96.0,0,0.0
Trey McBride,TE,ARI,SEA,14,7.0,14.0,0,0,0.0,0,0.0,0,0.0,0,7,14,70.0,0,0.0
Trey McBride,TE,ARI,NE,15,8.7,17.7,0,0,0.0,0,0.0,0,0.0,0,9,10,87.0,0,0.0
Trey McBride,TE,ARI,CAR,16,2.0,5.0,0,0,0.0,0,0.0,0,0.0,0,3,4,20.0,0,0.0
Trey McBride,TE,ARI,LA,17,18.3,30.3,0,0,0.0,0,0.0,0,0.0,0,12,16,123.0,1,0.0
Trey McBride,TE,ARI,SF,18,12.5,19.5,0,0,0.0,0,0.0,0,0.0,0,7,11,65.0,1,0.0
Trey Palmer,WR,TB,WAS,1,1.9,2.9,0,0,0.0,0,0.0,0,0.0,0,1,2,19.0,0,0.0
Trey Palmer,WR,TB,DEN,3,0.0,0.0,0,0,0.0,0,0.0,0,0.0,0,0,1,0.0,0,0.0
Trey Palmer,WR,TB,PHI,4,8.6,11.6,0,0,0.0,0,0.0,0,0.0,0,3,3,26.0,1,0.0
Trey Palmer,WR,TB,BAL,7,1.6,2.6,0,0,0.0,0,0.0,0,0.0,0,1,3,16.0,0,0.0
Trey Palmer,WR,TB,ATL,8,2.9,4.9,0,0,0.0,0,0.0,0,0.0,0,2,2,29.0,0,0.0
Trey Palmer,WR,TB,KC,9,3.3,5.3,0,0,0.0,0,0.0,0,0.0,0,2,4,33.0,0,0.0
Trey Palmer,WR,TB,SF,10,0.0,0.0,0,0,0.0,0,0.0,0,0.0,0,0,1,0.0,0,0.0
Trey Palmer,WR,TB,NYG,12,1.8,2.8,0,0,0.0,0,0.0,0,0.0,0,1,1,18.0,0,0.0
Trey Palmer,WR,TB,CAR,13,0.0,0.0,0,0,0.0,0,0.0,0,0.0,0,0,1,0.0,0,0.0
Trey Palmer,WR,TB,DAL,16,3.1,5.1,0,0,0.0,0,0.0,0,0.0,0,2,4,31.0,0,0.0
Trey Sermon,RB,IND,GB,2,0.7,1.7,0,0,0.0,0,0.0,2,0.0,0,1,1,7.0,0,0.0
Trey Sermon,RB,IND,CHI,3,7.6,7.6,0,0,0.0,0,0.0,2,16.0,1,0,0,0.0,0,0.0
Trey Sermon,RB,IND,PIT,4,0.8,0.8,0,0,0.0,0,0.0,5,8.0,0,0,0,0.0,0,0.0
Trey Sermon,RB,IND,JAX,5,12.3,18.3,0,0,0.0,0,0.0,10,38.0,1,6,6,25.0,0,0.0
Trey Sermon,RB,IND,TEN,6,2.9,2.9,0,0,0.0,0,0.0,18,29.0,0,0,0,0.0,0,0.0
Trey Sermon,RB,IND,MIA,7,4.9,5.9,0,0,0.0,0,0.0,8,36.0,0,1,1,13.0,0,0.0
Trey Sermon,RB,IND,HOU,8,1.4,2.4,0,0,0.0,0,0.0,0,0.0,0,1,1,14.0,0,0.0
Trey Sermon,RB,IND,MIN,9,1.3,2.3,0,0,0.0,0,0.0,2,4.0,0,1,2,9.0,0,0.0
Trey Sermon,RB,IND,BUF,10,0.4,1.4,0,0,0.0,0,0.0,0,0.0,0,1,1,4.0,0,0.0
Trey Sermon,RB,IND,NYJ,11,0.3,1.3,0,0,0.0,0,0.0,0,0.0,0,1,1,3.0,0,0.0
Trey Sermon,RB,IND,DEN,15,1.2,3.2,0,0,0.0,0,0.0,1,3.0,0,2,2,9.0,0,0.0
Trey Sermon,RB,IND,TEN,16,2.5,2.5,0,0,0.0,0,0.0,8,25.0,0,0,0,0.0,0,0.0
Trey Sermon,RB,IND,NYG,17,1.0,2.0,0,0,0.0,0,0.0,0,0.0,0,1,1,10.0,0,0.0
Trey Sermon,RB,IND,JAX,18,0.5,1.5,0,0,0.0,0,0.0,0,0.0,0,1,3,5.0,0,0.0
Treylon Burks,WR,TEN,CHI,1,0.3,1.3,0,0,0.0,0,0.0,2,1.0,0,1,2,2.0,0,0.0
Treylon Burks,WR,TEN,NYJ,2,0.0,0.0,0,0,0.0,0,0.0,0,0.0,0,0,1,0.0,0,0.0
Treylon Burks,WR,TEN,GB,3,0.9,1.9,0,0,0.0,0,0.0,0,0.0,0,1,3,9.0,0,0.0
Treylon Burks,WR,TEN,MIA,4,1.3,2.3,0,0,0.0,0,0.0,0,0.0,0,1,1,13.0,0,0.0
Treylon Burks,WR,TEN,IND,6,1.0,2.0,0,0,0.0,0,0.0,0,0.0,0,1,1,10.0,0,0.0
Troy Franklin,WR,DEN,PIT,2,0.0,0.0,0,0,0.0,0,0.0,0,0.0,0,0,1,0.0,0,0.0
Troy Franklin,WR,DEN,TB,3,1.1,3.1,0,0,0.0,0,0.0,0,0.0,0,2,5,11.0,0,0.0
Troy Franklin,WR,DEN,NYJ,4,-0.2,1.8,0,0,0.0,0,0.0,0,0.0,0,2,4,-2.0,0,0.0
Troy Franklin,WR,DEN,LV,5,2.0,3.0,0,0,0.0,0,0.0,0,0.0,0,1,2,20.0,0,0.0
Troy Franklin,WR,DEN,LAC,6,9.6,11.6,0,0,0.0,0,0.0,1,5.0,0,2,3,31.0,1,0.0
Troy Franklin,WR,DEN,NO,7,5.0,10.0,0,0,0.0,0,0.0,0,0.0,0,5,6,50.0,0,0.0
Troy Franklin,WR,DEN,CAR,8,0.9,1.9,0,0,0.0,0,0.0,1,3.0,0,1,2,6.0,0,0.0
Troy Franklin,WR,DEN,BAL,9,1.9,2.9,0,0,0.0,0,0.0,0,0.0,0,1,4,19.0,0,0.0
Troy Franklin,WR,DEN,KC,10,0.9,1.9,0,0,0.0,0,0.0,0,0.0,0,1,3,9.0,0,0.0
Troy Franklin,WR,DEN,ATL,11,7.5,9.5,0,0,0.0,0,0.0,0,0.0,0,2,2,15.0,1,0.0
Troy Franklin,WR,DEN,LV,12,3.1,5.1,0,0,0.0,0,0.0,0,0.0,0,2,4,31.0,0,0.0
Troy Franklin,WR,DEN,CLE,13,2.8,4.8,0,0,0.0,0,0.0,0,0.0,0,2,5,28.0,0,0.0
Troy Franklin,WR,DEN,IND,15,0.9,2.9,0,0,0.0,0,0.0,0,0.0,0,2,5,9.0,0,0.0
Troy Franklin,WR,DEN,LAC,16,2.5,4.5,0,0,0.0,0,0.0,0,0.0,0,2,3,25.0,0,0.0
Troy Franklin,WR,DEN,CIN,17,-0.1,0.9,0,0,0.0,0,0.0,0,0.0,0,1,2,-1.0,0,0.0
Troy Franklin,WR,DEN,KC,18,1.2,3.2,0,0,0.0,0,0.0,0,0.0,0,2,2,12.0,0,0.0
Tua Tagovailoa,QB,MIA,JAX,1,18.62,18.62,23,37,338.0,1,0.0,1,11.0,0,0,0,0.0,0,3.0
Tua Tagovailoa,QB,MIA,BUF,2,5.5,5.5,17,25,145.0,1,3.0,2,17.0,0,0,0,0.0,0,1.0
Tua Tagovailoa,QB,MIA,ARI,8,14.66,14.66,28,38,234.0,1,0.0,3,13.0,0,0,0,0.0,0,1.0
Tua Tagovailoa,QB,MIA,BUF,9,17.54,17.54,25,28,231.0,2,0.0,2,3.0,0,0,0,0.0,0,1.0
Tua Tagovailoa,QB,MIA,LA,10,8.18,8.18,20,28,207.0,1,1.0,1,-1.0,0,0,0,0.0,0,3.0
Tua Tagovailoa,QB,MIA,LV,11,23.52,23.52,28,36,288.0,3,0.0,0,0.0,0,0,0,0.0,0,2.0
Tua Tagovailoa,QB,MIA,NE,12,28.48,28.48,29,40,317.0,4,0.0,3,-2.0,0,0,0,0.0,0,2.0
Tua Tagovailoa,QB,MIA,GB,13,25.2,25.2,37,46,365.0,2,0.0,2,6.0,0,0,0,0.0,0,5.0
Tua Tagovailoa,QB,MIA,NYJ,14,23.54,23.54,33,47,331.0,2,0.0,1,3.0,0,0,0,0.0,0,0.0
Tua Tagovailoa,QB,MIA,HOU,15,3.84,3.84,29,40,196.0,1,3.0,0,0.0,0,0,0,0.0,0,3.0
Tua Tagovailoa,QB,MIA,SF,16,12.5,12.5,22,34,215.0,1,0.0,2,-1.0,0,0,0,0.0,0,0.0
Tucker Fisk,TE,LAC,CIN,11,0.6,1.6,0,0,0.0,0,0.0,0,0.0,0,1,2,6.0,0,0.0
Tucker Fisk,TE,LAC,BAL,12,0.7,1.7,0,0,0.0,0,0.0,0,0.0,0,1,1,7.0,0,0.0
Tucker Fisk,TE,LAC,ATL,13,0.1,1.1,0,0,0.0,0,0.0,0,0.0,0,1,1,1.0,0,0.0
Tucker Fisk,TE,LAC,KC,14,0.0,1.0,0,0,0.0,0,0.0,0,0.0,0,1,1,0.0,0,0.0
Tucker Fisk,TE,LAC,TB,15,0.7,1.7,0,0,0.0,0,0.0,0,0.0,0,1,1,7.0,0,0.0
Tucker Fisk,TE,LAC,DEN,16,1.0,2.0,0,0,0.0,0,0.0,0,0.0,0,1,1,10.0,0,0.0
Tucker Fisk,TE,LAC,NE,17,0.8,1.8,0,0,0.0,0,0.0,0,0.0,0,1,1,8.0,0,0.0
Tucker Kraft,TE,GB,PHI,1,3.7,5.7,0,0,0.0,0,0.0,0,0.0,0,2,3,37.0,0,0.0
Tucker Kraft,TE,GB,IND,2,1.6,3.6,0,0,0.0,0,0.0,0,0.0,0,2,2,16.0,0,0.0
Tucker Kraft,TE,GB,TEN,3,2.4,4.4,0,0,0.0,0,0.0,0,0.0,0,2,3,24.0,0,0.0
Tucker Kraft,TE,GB,MIN,4,11.3,17.3,0,0,0.0,0,0.0,0,0.0,0,6,9,53.0,1,0.0
Tucker Kraft,TE,GB,LA,5,20.8,24.8,0,0,0.0,0,0.0,0,0.0,0,4,5,88.0,2,0.0
Tucker Kraft,TE,GB,ARI,6,1.5,3.5,0,0,0.0,0,0.0,1,2.0,0,2,4,13.0,0,0.0
Tucker Kraft,TE,GB,HOU,7,9.3,12.3,0,0,0.0,0,0.0,0,0.0,0,3,4,33.0,1,0.0
Tucker Kraft,TE,GB,JAX,8,13.8,16.8,0,0,0.0,0,0.0,0,0.0,0,3,3,78.0,1,0.0
Tucker Kraft,TE,GB,DET,9,3.6,7.6,0,0,0.0,0,0.0,1,2.0,0,4,6,34.0,0,0.0
Tucker Kraft,TE,GB,CHI,11,0.0,0.0,0,0,0.0,0,0.0,0,0.0,0,0,1,0.0,0,0.0
Tucker Kraft,TE,GB,SF,12,8.6,10.6,0,0,0.0,0,0.0,0,0.0,0,2,2,26.0,1,0.0
Tucker Kraft,TE,GB,MIA,13,7.8,13.8,0,0,0.0,0,0.0,0,0.0,0,6,7,78.0,0,0.0
Tucker Kraft,TE,GB,DET,14,10.1,13.1,0,0,0.0,0,0.0,0,0.0,0,3,5,41.0,1,0.0
Tucker Kraft,TE,GB,SEA,15,3.4,5.4,0,0,0.0,0,0.0,0,0.0,0,2,2,34.0,0,0.0
Tucker Kraft,TE,GB,NO,16,6.5,9.5,0,0,0.0,0,0.0,1,2.0,0,3,4,63.0,0,0.0
Tucker Kraft,TE,GB,MIN,17,5.3,7.3,0,0,0.0,0,0.0,0,0.0,0,2,3,53.0,0,0.0
Tucker Kraft,TE,GB,CHI,18,3.6,7.6,0,0,0.0,0,0.0,0,0.0,0,4,7,36.0,0,0.0
Tutu Atwell,WR,LA,ARI,2,4.8,7.8,0,0,0.0,0,0.0,0,0.0,0,3,4,48.0,0,0.0
Tutu Atwell,WR,LA,SF,3,9.3,13.3,0,1,0.0,0,0.0,0,0.0,0,4,5,93.0,0,0.0
Tutu Atwell,WR,LA,CHI,4,8.2,12.2,0,0,0.0,0,0.0,0,0.0,0,4,6,82.0,0,0.0
Tutu Atwell,WR,LA,GB,5,6.5,12.5,0,0,0.0,0,0.0,1,7.0,0,6,10,58.0,0,0.0
Tutu Atwell,WR,LA,LV,7,5.1,11.1,0,0,0.0,0,0.0,0,0.0,0,6,9,51.0,0,0.0
Tutu Atwell,WR,LA,MIN,8,1.8,2.8,0,0,0.0,0,0.0,0,0.0,0,1,2,18.0,0,0.0
Tutu Atwell,WR,LA,SEA,9,1.6,2.6,0,0,0.0,0,0.0,0,0.0,0,1,3,16.0,0,0.0
Tutu Atwell,WR,LA,MIA,10,0.6,1.6,0,0,0.0,0,0.0,0,0.0,0,1,1,6.0,0,0.0
Tutu Atwell,WR,LA,NE,11,2.1,3.1,0,0,0.0,0,0.0,0,0.0,0,1,2,21.0,0,0.0
Tutu Atwell,WR,LA,PHI,12,3.0,6.0,0,0,0.0,0,0.0,0,0.0,0,3,3,30.0,0,0.0
Tutu Atwell,WR,LA,NO,13,3.9,5.9,0,0,0.0,0,0.0,1,0.0,0,2,2,39.0,0,0.0
Tutu Atwell,WR,LA,BUF,14,4.5,7.5,0,0,0.0,0,0.0,0,0.0,0,3,3,45.0,0,0.0
Tutu Atwell,WR,LA,SF,15,0.6,1.6,0,0,0.0,0,0.0,0,0.0,0,1,2,6.0,0,0.0
Tutu Atwell,WR,LA,NYJ,16,1.2,2.2,0,0,0.0,0,0.0,0,0.0,0,1,2,12.0,0,0.0
Tutu Atwell,WR,LA,SEA,18,3.7,8.7,0,0,0.0,0,0.0,0,0.0,0,5,8,37.0,0,0.0
Ty Chandler,RB,MIN,NYG,1,4.2,7.2,0,0,0.0,0,0.0,8,17.0,0,3,3,25.0,0,0.0
Ty Chandler,RB,MIN,SF,2,8.2,8.2,0,0,0.0,0,0.0,10,82.0,0,0,0,0.0,0,1.0
Ty Chandler,RB,MIN,HOU,3,1.3,1.3,0,0,0.0,0,0.0,7,13.0,0,0,0,0.0,0,0.0
Ty Chandler,RB,MIN,GB,4,1.3,2.3,0,0,0.0,0,0.0,3,5.0,0,1,1,8.0,0,0.0
Ty Chandler,RB,MIN,NYJ,5,3.9,5.9,0,0,0.0,0,0.0,14,30.0,0,2,2,9.0,0,0.0
Ty Chandler,RB,MIN,DET,7,0.4,0.4,0,0,0.0,0,0.0,2,4.0,0,0,0,0.0,0,0.0
Ty Chandler,RB,MIN,JAX,10,1.8,1.8,0,0,0.0,0,0.0,4,18.0,0,0,0,0.0,0,0.0
Ty Chandler,RB,MIN,ARI,13,0.2,0.2,0,0,0.0,0,0.0,2,2.0,0,0,0,0.0,0,0.0
Ty Chandler,RB,MIN,CHI,15,0.4,0.4,0,0,0.0,0,0.0,1,4.0,0,0,0,0.0,0,0.0
Ty Chandler,RB,MIN,GB,17,0.7,0.7,0,0,0.0,0,0.0,5,7.0,0,0,0,0.0,0,0.0
Ty Johnson,RB,BUF,ARI,1,0.7,0.7,0,0,0.0,0,0.0,2,7.0,0,0,1,0.0,0,0.0
Ty Johnson,RB,BUF,MIA,2,3.2,4.2,0,0,0.0,0,0.0,1,-1.0,0,1,2,33.0,0,0.0
Ty Johnson,RB,BUF,JAX,3,10.6,13.6,0,0,0.0,0,0.0,3,18.0,0,3,3,28.0,1,0.0
Ty Johnson,RB,BUF,BAL,4,6.3,6.3,0,0,0.0,0,0.0,1,3.0,1,0,0,0.0,0,0.0
Ty Johnson,RB,BUF,HOU,5,1.5,1.5,0,0,0.0,0,0.0,3,15.0,0,0,0,0.0,0,0.0
Ty Johnson,RB,BUF,NYJ,6,3.4,3.4,0,0,0.0,0,0.0,4,34.0,0,0,0,0.0,0,0.0
Ty Johnson,RB,BUF,TEN,7,6.4,7.4,0,0,0.0,0,0.0,0,0.0,0,1,1,4.0,1,0.0
Ty Johnson,RB,BUF,SEA,8,0.0,0.0,0,0,0.0,0,0.0,0,0.0,0,0,1,0.0,0,0.0
Ty Johnson,RB,BUF,MIA,9,2.3,2.3,0,0,0.0,0,0.0,3,23.0,0,0,0,0.0,0,0.0
Ty Johnson,RB,BUF,IND,10,3.2,6.2,0,0,0.0,0,0.0,0,0.0,0,3,3,32.0,0,0.0
Ty Johnson,RB,BUF,KC,11,1.8,1.8,0,0,0.0,0,0.0,5,18.0,0,0,1,0.0,0,0.0
Ty Johnson,RB,BUF,SF,13,3.7,4.7,0,0,0.0,0,0.0,5,28.0,0,1,1,9.0,0,0.0
Ty Johnson,RB,BUF,LA,14,11.5,13.5,0,0,0.0,0,0.0,0,0.0,0,2,3,55.0,1,0.0
Ty Johnson,RB,BUF,DET,15,12.3,17.3,0,0,0.0,0,0.0,2,9.0,0,5,5,114.0,0,0.0
Ty Johnson,RB,BUF,NE,16,3.0,3.0,0,0,0.0,0,0.0,6,30.0,0,0,1,0.0,0,0.0
Ty Johnson,RB,BUF,NYJ,17,2.5,3.5,0,0,0.0,0,0.0,4,16.0,0,1,1,9.0,0,0.0
Ty Johnson,RB,BUF,NE,18,1.3,2.3,0,0,0.0,0,0.0,2,13.0,0,1,2,0.0,0,0.0
Tyjae Spears,RB,TEN,CHI,1,3.2,7.2,0,0,0.0,0,0.0,4,21.0,0,4,4,11.0,0,0.0
Tyjae Spears,RB,TEN,NYJ,2,3.1,5.1,0,0,0.0,0,0.0,6,20.0,0,2,2,11.0,0,0.0
Tyjae Spears,RB,TEN,GB,3,6.1,10.1,0,0,0.0,0,0.0,2,7.0,0,4,4,54.0,0,0.0
Tyjae Spears,RB,TEN,MIA,4,9.9,11.9,0,0,0.0,0,0.0,15,39.0,1,2,2,0.0,0,0.0
Tyjae Spears,RB,TEN,IND,6,2.7,2.7,0,0,0.0,0,0.0,6,27.0,0,0,0,0.0,0,0.0
Tyjae Spears,RB,TEN,LAC,10,5.1,8.1,0,0,0.0,0,0.0,7,47.0,0,3,3,4.0,0,0.0
Tyjae Spears,RB,TEN,MIN,11,0.8,2.8,0,0,0.0,0,0.0,3,0.0,0,2,3,8.0,0,0.0
Tyjae Spears,RB,TEN,WAS,13,0.3,0.3,0,0,0.0,0,0.0,1,3.0,0,0,0,0.0,0,0.0
Tyjae Spears,RB,TEN,JAX,14,2.3,3.3,0,0,0.0,0,0.0,6,21.0,0,1,2,2.0,0,0.0
Tyjae Spears,RB,TEN,CIN,15,21.2,27.2,0,0,0.0,0,0.0,4,5.0,1,6,7,87.0,1,0.0
Tyjae Spears,RB,TEN,IND,16,18.6,21.6,0,0,0.0,0,0.0,10,27.0,2,3,4,39.0,0,0.0
Tyjae Spears,RB,TEN,JAX,17,10.3,13.3,0,0,0.0,0,0.0,20,95.0,0,3,4,8.0,0,0.0
Tylan Wallace,WR,BAL,CIN,5,3.1,5.1,0,0,0.0,0,0.0,0,0.0,0,2,2,31.0,0,0.0
Tylan Wallace,WR,BAL,CIN,10,17.5,20.5,0,0,0.0,0,0.0,0,0.0,0,3,3,115.0,1,0.0
Tylan Wallace,WR,BAL,PIT,11,0.8,1.8,0,0,0.0,0,0.0,0,0.0,0,1,1,8.0,0,0.0
Tylan Wallace,WR,BAL,LAC,12,1.5,2.5,0,0,0.0,0,0.0,0,0.0,0,1,1,15.0,0,0.0
Tylan Wallace,WR,BAL,PHI,13,1.4,3.4,0,0,0.0,0,0.0,0,0.0,0,2,2,14.0,0,0.0
Tylan Wallace,WR,BAL,NYG,15,0.8,1.8,0,0,0.0,0,0.0,0,0.0,0,1,1,8.0,0,0.0
Tylan Wallace,WR,BAL,HOU,17,0.2,1.2,0,0,0.0,0,0.0,0,0.0,0,1,1,2.0,0,0.0
Tylan Wallace,WR,BAL,CLE,18,0.0,0.0,0,0,0.0,0,0.0,0,0.0,0,0,1,0.0,0,0.0
Tyler Allgeier,RB,ATL,PIT,1,2.1,2.1,0,0,0.0,0,0.0,3,21.0,0,0,0,0.0,0,0.0
Tyler Allgeier,RB,ATL,PHI,2,6.5,7.5,0,0,0.0,0,0.0,9,53.0,0,1,1,12.0,0,0.0
Tyler Allgeier,RB,ATL,KC,3,3.2,3.2,0,0,0.0,0,0.0,7,32.0,0,0,0,0.0,0,0.0
Tyler Allgeier,RB,ATL,NO,4,8.0,10.0,0,0,0.0,0,0.0,8,60.0,0,2,2,20.0,0,0.0
Tyler Allgeier,RB,ATL,TB,5,2.5,5.5,0,0,0.0,0,0.0,6,12.0,0,3,3,13.0,0,0.0
Tyler Allgeier,RB,ATL,CAR,6,18.8,19.8,0,0,0.0,0,0.0,18,105.0,1,1,1,3.0,0,0.0
Tyler Allgeier,RB,ATL,SEA,7,4.5,5.5,0,0,0.0,0,0.0,5,36.0,0,1,1,9.0,0,0.0
Tyler Allgeier,RB,ATL,TB,8,3.3,3.3,0,0,0.0,0,0.0,12,33.0,0,0,0,0.0,0,0.0
Tyler Allgeier,RB,ATL,DAL,9,7.8,7.8,0,0,0.0,0,0.0,6,18.0,1,0,0,0.0,0,0.0
Tyler Allgeier,RB,ATL,NO,10,5.9,5.9,0,0,0.0,0,0.0,11,59.0,0,0,0,0.0,0,0.0
Tyler Allgeier,RB,ATL,DEN,11,-0.1,0.9,0,0,0.0,0,0.0,0,0.0,0,1,1,-1.0,0,0.0
Tyler Allgeier,RB,ATL,LAC,13,2.2,3.2,0,0,0.0,0,0.0,8,16.0,0,1,1,6.0,0,0.0
Tyler Allgeier,RB,ATL,MIN,14,12.3,12.3,0,0,0.0,0,0.0,9,63.0,1,0,0,0.0,0,0.0
Tyler Allgeier,RB,ATL,LV,15,4.3,4.3,0,0,0.0,0,0.0,12,43.0,0,0,0,0.0,0,0.0
Tyler Allgeier,RB,ATL,NYG,16,3.1,4.1,0,0,0.0,0,0.0,11,22.0,0,1,1,9.0,0,0.0
Tyler Allgeier,RB,ATL,WAS,17,1.9,1.9,0,0,0.0,0,0.0,3,19.0,0,0,0,0.0,0,0.0
Tyler Allgeier,RB,ATL,CAR,18,6.9,8.9,0,0,0.0,0,0.0,9,52.0,0,2,2,17.0,0,0.0
Tyler Badie,RB,DEN,PIT,2,1.8,2.8,0,0,0.0,0,0.0,1,16.0,0,1,1,2.0,0,0.0
Tyler Badie,RB,DEN,TB,3,7.0,7.0,0,0,0.0,0,0.0,9,70.0,0,0,0,0.0,0,0.0
Tyler Badie,RB,DEN,NYJ,4,-2.4,-0.4,0,0,0.0,0,0.0,1,0.0,0,2,2,-4.0,0,0.0
Tyler Boyd,WR,TEN,CHI,1,1.8,4.8,0,0,0.0,0,0.0,0,0.0,0,3,5,18.0,0,0.0
Tyler Boyd,WR,TEN,NYJ,2,2.6,4.6,0,0,0.0,0,0.0,0,0.0,0,2,5,26.0,0,0.0
Tyler Boyd,WR,TEN,GB,3,3.3,6.3,0,0,0.0,0,0.0,0,0.0,0,3,4,33.0,0,0.0
Tyler Boyd,WR,TEN,MIA,4,3.1,5.1,0,0,0.0,0,0.0,0,0.0,0,2,2,31.0,0,0.0
Tyler Boyd,WR,TEN,IND,6,1.9,4.9,0,0,0.0,0,0.0,0,0.0,0,3,3,19.0,0,0.0
Tyler Boyd,WR,TEN,BUF,7,4.3,9.3,0,0,0.0,0,0.0,0,0.0,0,5,5,43.0,0,0.0
Tyler Boyd,WR,TEN,DET,8,1.4,4.4,0,0,0.0,0,0.0,0,0.0,0,3,6,14.0,0,0.0
Tyler Boyd,WR,TEN,NE,9,0.3,0.3,0,0,0.0,0,0.0,1,3.0,0,0,0,0.0,0,0.0
Tyler Boyd,WR,TEN,MIN,11,3.4,5.4,0,0,0.0,0,0.0,0,0.0,0,2,3,34.0,0,0.0
Tyler Boyd,WR,TEN,HOU,12,5.5,11.5,0,1,0.0,0,0.0,0,0.0,0,6,6,55.0,0,0.0
Tyler Boyd,WR,TEN,WAS,13,3.7,6.7,0,0,0.0,0,0.0,0,0.0,0,3,4,37.0,0,0.0
Tyler Boyd,WR,TEN,JAX,14,0.7,1.7,0,0,0.0,0,0.0,0,0.0,0,1,4,7.0,0,0.0
Tyler Boyd,WR,TEN,CIN,15,3.9,5.9,0,0,0.0,0,0.0,0,0.0,0,2,3,39.0,0,0.0
Tyler Boyd,WR,TEN,IND,16,2.0,4.0,0,0,0.0,0,0.0,0,0.0,0,2,3,20.0,0,0.0
Tyler Boyd,WR,TEN,JAX,17,1.4,3.4,0,0,0.0,0,0.0,0,0.0,0,2,4,14.0,0,0.0
Tyler Conklin,TE,NYJ,SF,1,0.6,1.6,0,0,0.0,0,0.0,0,0.0,0,1,2,6.0,0,0.0
Tyler Conklin,TE,NYJ,TEN,2,1.0,2.0,0,0,0.0,0,0.0,0,0.0,0,1,2,10.0,0,0.0
Tyler Conklin,TE,NYJ,NE,3,9.3,14.3,0,0,0.0,0,0.0,0,0.0,0,5,6,93.0,0,0.0
Tyler Conklin,TE,NYJ,DEN,4,1.7,5.7,0,0,0.0,0,0.0,0,0.0,0,4,8,17.0,0,0.0
Tyler Conklin,TE,NYJ,MIN,5,5.5,11.5,0,0,0.0,0,0.0,0,0.0,0,6,9,55.0,0,0.0
Tyler Conklin,TE,NYJ,BUF,6,1.0,3.0,0,0,0.0,0,0.0,0,0.0,0,2,3,10.0,0,0.0
Tyler Conklin,TE,NYJ,PIT,7,6.7,10.7,0,0,0.0,0,0.0,0,0.0,0,4,4,7.0,1,0.0
Tyler Conklin,TE,NYJ,NE,8,10.2,13.2,0,0,0.0,0,0.0,0,0.0,0,3,4,42.0,1,0.0
Tyler Conklin,TE,NYJ,HOU,9,-0.3,0.7,0,0,0.0,0,0.0,0,0.0,0,1,2,-3.0,0,0.0
Tyler Conklin,TE,NYJ,ARI,10,0.8,1.8,0,0,0.0,0,0.0,0,0.0,0,1,2,8.0,0,0.0
Tyler Conklin,TE,NYJ,IND,11,0.7,1.7,0,0,0.0,0,0.0,1,0.0,0,1,2,7.0,0,0.0
Tyler Conklin,TE,NYJ,SEA,13,3.2,7.2,0,0,0.0,0,0.0,0,0.0,0,4,5,32.0,0,0.0
Tyler Conklin,TE,NYJ,MIA,14,3.3,6.3,0,0,0.0,0,0.0,0,0.0,0,3,5,33.0,0,0.0
Tyler Conklin,TE,NYJ,LA,16,5.9,10.9,0,0,0.0,0,0.0,0,0.0,0,5,7,59.0,0,0.0
Tyler Conklin,TE,NYJ,BUF,17,13.7,21.7,0,0,0.0,0,0.0,0,0.0,0,8,8,57.0,1,0.0
Tyler Conklin,TE,NYJ,MIA,18,7.6,9.6,0,0,0.0,0,0.0,0,0.0,0,2,3,16.0,1,0.0
Tyler Goodson,RB,IND,GB,2,0.2,1.2,0,0,0.0,0,0.0,0,0.0,0,1,1,2.0,0,0.0
Tyler Goodson,RB,IND,JAX,5,5.7,8.7,0,0,0.0,0,0.0,5,26.0,0,3,3,31.0,0,0.0
Tyler Goodson,RB,IND,TEN,6,6.5,10.5,0,0,0.0,0,0.0,8,51.0,0,4,5,14.0,0,0.0
Tyler Goodson,RB,IND,MIA,7,11.1,11.1,0,0,0.0,0,0.0,14,51.0,1,0,0,0.0,0,0.0
Tyler Goodson,RB,IND,HOU,8,0.0,0.0,0,0,0.0,0,0.0,0,0.0,0,0,1,0.0,0,0.0
Tyler Goodson,RB,IND,BUF,10,6.9,8.9,0,0,0.0,0,0.0,0,0.0,0,2,3,9.0,1,0.0
Tyler Goodson,RB,IND,DEN,15,0.3,0.3,0,0,0.0,0,0.0,1,3.0,0,0,0,0.0,0,0.0
Tyler Goodson,RB,IND,TEN,16,2.2,2.2,0,0,0.0,0,0.0,4,22.0,0,0,0,0.0,0,0.0
Tyler Goodson,RB,IND,JAX,18,0.5,1.5,0,0,0.0,0,0.0,0,0.0,0,1,2,5.0,0,0.0
Tyler Higbee,TE,LA,NYJ,16,7.1,8.1,0,0,0.0,0,0.0,0,0.0,0,1,2,11.0,1,0.0
Tyler Higbee,TE,LA,ARI,17,0.9,2.9,0,0,0.0,0,0.0,0,0.0,0,2,3,9.0,0,0.0
Tyler Higbee,TE,LA,SEA,18,10.6,15.6,0,0,0.0,0,0.0,0,0.0,0,5,7,46.0,1,0.0
Tyler Huntley,QB,MIA,TEN,4,11.84,11.84,14,22,96.0,0,0.0,8,40.0,1,0,0,0.0,0,2.0
Tyler Huntley,QB,MIA,NE,5,6.46,6.46,18,31,194.0,0,1.0,3,7.0,0,0,0,0.0,0,3.0
Tyler Huntley,QB,MIA,IND,7,9.48,9.48,7,13,87.0,1,0.0,5,20.0,0,0,0,0.0,0,2.0
Tyler Huntley,QB,MIA,CLE,17,24.2,24.2,22,26,225.0,1,0.0,7,52.0,1,0,0,0.0,0,4.0
Tyler Huntley,QB,MIA,NYJ,18,8.68,8.68,25,41,227.0,1,2.0,3,16.0,0,0,0,0.0,0,4.0
Tyler Johnson,WR,LA,DET,1,7.9,12.9,0,0,0.0,0,0.0,0,0.0,0,5,7,79.0,0,0.0
Tyler Johnson,WR,LA,ARI,2,2.0,4.0,0,0,0.0,0,0.0,0,0.0,0,2,3,20.0,0,0.0
Tyler Johnson,WR,LA,SF,3,2.0,5.0,0,0,0.0,0,0.0,0,0.0,0,3,4,20.0,0,0.0
Tyler Johnson,WR,LA,CHI,4,0.0,0.0,0,0,0.0,0,0.0,0,0.0,0,0,1,0.0,0,0.0
Tyler Johnson,WR,LA,LV,7,5.7,9.7,0,0,0.0,0,0.0,0,0.0,0,4,7,57.0,0,0.0
Tyler Johnson,WR,LA,MIN,8,0.6,1.6,0,0,0.0,0,0.0,0,0.0,0,1,1,6.0,0,0.0
Tyler Johnson,WR,LA,SEA,9,3.8,6.8,0,0,0.0,0,0.0,0,0.0,0,3,5,38.0,0,0.0
Tyler Johnson,WR,LA,MIA,10,2.5,5.5,0,0,0.0,0,0.0,0,0.0,0,3,4,25.0,0,0.0
Tyler Johnson,WR,LA,PHI,12,1.1,2.1,0,0,0.0,0,0.0,0,0.0,0,1,1,11.0,0,0.0
Tyler Johnson,WR,LA,NO,13,0.0,0.0,0,0,0.0,0,0.0,0,0.0,0,0,1,0.0,0,0.0
Tyler Johnson,WR,LA,SEA,18,9.5,13.5,0,0,0.0,0,0.0,0,0.0,0,4,7,35.0,1,0.0
Tyler Lockett,WR,SEA,DEN,1,7.7,13.7,0,0,0.0,0,0.0,0,0.0,0,6,7,77.0,0,0.0
Tyler Lockett,WR,SEA,NE,2,1.5,3.5,0,0,0.0,0,0.0,0,0.0,0,2,2,15.0,0,0.0
Tyler Lockett,WR,SEA,MIA,3,4.6,9.6,0,0,0.0,0,0.0,0,0.0,0,5,8,46.0,0,0.0
Tyler Lockett,WR,SEA,DET,4,6.1,11.1,0,0,0.0,0,0.0,0,0.0,0,5,9,61.0,0,0.0
Tyler Lockett,WR,SEA,NYG,5,7.5,11.5,0,0,0.0,0,0.0,0,0.0,0,4,6,75.0,0,0.0
Tyler Lockett,WR,SEA,SF,6,12.5,16.5,0,0,0.0,0,0.0,0,0.0,0,4,8,65.0,1,0.0
Tyler Lockett,WR,SEA,ATL,7,4.5,8.5,0,0,0.0,0,0.0,0,0.0,0,4,6,45.0,0,0.0
Tyler Lockett,WR,SEA,BUF,8,0.9,1.9,0,0,0.0,0,0.0,0,0.0,0,1,3,9.0,0,0.0
Tyler Lockett,WR,SEA,LA,9,12.3,15.3,0,0,0.0,0,0.0,0,0.0,0,3,4,63.0,1,0.0
Tyler Lockett,WR,SEA,SF,11,1.9,3.9,0,0,0.0,0,0.0,0,0.0,0,2,3,19.0,0,0.0
Tyler Lockett,WR,SEA,ARI,12,2.0,4.0,0,0,0.0,0,0.0,0,0.0,0,2,3,20.0,0,0.0
Tyler Lockett,WR,SEA,NYJ,13,1.6,4.6,0,0,0.0,0,0.0,0,0.0,0,3,3,16.0,0,0.0
Tyler Lockett,WR,SEA,ARI,14,0.0,0.0,0,0,0.0,0,0.0,0,0.0,0,0,1,0.0,0,0.0
Tyler Lockett,WR,SEA,GB,15,2.2,3.2,0,0,0.0,0,0.0,0,0.0,0,1,1,22.0,0,0.0
Tyler Lockett,WR,SEA,MIN,16,1.9,3.9,0,0,0.0,0,0.0,0,0.0,0,2,2,19.0,0,0.0
Tyler Lockett,WR,SEA,CHI,17,2.0,5.0,0,0,0.0,0,0.0,0,0.0,0,3,4,20.0,0,0.0
Tyler Lockett,WR,SEA,LA,18,2.8,4.8,0,0,0.0,0,0.0,0,0.0,0,2,4,28.0,0,0.0
Tyler Scott,WR,CHI,MIN,15,0.5,1.5,0,0,0.0,0,0.0,0,0.0,0,1,1,5.0,0,0.0
Tyler Smith,G,DAL,BAL,3,0.0,1.0,0,0,0.0,0,0.0,0,0.0,0,1,1,0.0,0,0.0
Tyquan Thornton,WR,NE,CIN,1,2.7,4.7,0,0,0.0,0,0.0,0,0.0,0,2,3,27.0,0,0.0
Tyquan Thornton,WR,NE,NYJ,3,0.0,0.0,0,0,0.0,0,0.0,0,0.0,0,0,1,0.0,0,0.0
Tyquan Thornton,WR,NE,SF,4,0.0,0.0,0,0,0.0,0,0.0,0,0.0,0,0,1,0.0,0,0.0
Tyquan Thornton,WR,NE,NYJ,8,2.0,4.0,0,0,0.0,0,0.0,0,0.0,0,2,3,20.0,0,0.0
Tyreek Hill,WR,MIA,JAX,1,19.0,26.0,0,0,0.0,0,0.0,0,0.0,0,7,12,130.0,1,0.0
Tyreek Hill,WR,MIA,BUF,2,3.6,6.6,0,0,0.0,0,0.0,1,12.0,0,3,6,24.0,0,0.0
Tyreek Hill,WR,MIA,SEA,3,4.0,7.0,0,0,0.0,0,0.0,0,0.0,0,3,5,40.0,0,0.0
Tyreek Hill,WR,MIA,TEN,4,4.2,8.2,0,0,0.0,0,0.0,3,19.0,0,4,7,23.0,0,0.0
Tyreek Hill,WR,MIA,NE,5,6.9,12.9,0,0,0.0,0,0.0,0,0.0,0,6,9,69.0,0,0.0
Tyreek Hill,WR,MIA,IND,7,1.3,2.3,0,0,0.0,0,0.0,1,5.0,0,1,2,8.0,0,0.0
Tyreek Hill,WR,MIA,ARI,8,7.2,13.2,0,0,0.0,0,0.0,0,0.0,0,6,9,72.0,0,0.0
Tyreek Hill,WR,MIA,BUF,9,8.0,12.0,0,0,0.0,0,0.0,0,0.0,0,4,5,80.0,0,0.0
Tyreek Hill,WR,MIA,LA,10,8.7,11.7,0,0,0.0,0,0.0,2,11.0,0,3,4,16.0,1,0.0
Tyreek Hill,WR,MIA,LV,11,12.1,19.1,0,0,0.0,0,0.0,0,0.0,0,7,8,61.0,1,0.0
Tyreek Hill,WR,MIA,NE,12,4.8,9.8,0,0,0.0,0,0.0,0,0.0,0,5,6,48.0,0,0.0
Tyreek Hill,WR,MIA,GB,13,14.3,20.3,0,0,0.0,0,0.0,0,0.0,0,6,9,83.0,1,0.0
Tyreek Hill,WR,MIA,NYJ,14,18.1,28.1,0,0,0.0,0,0.0,1,6.0,0,10,14,115.0,1,0.0
Tyreek Hill,WR,MIA,HOU,15,3.6,5.6,0,0,0.0,0,0.0,0,0.0,0,2,7,36.0,0,0.0
Tyreek Hill,WR,MIA,SF,16,8.9,11.9,0,0,0.0,0,0.0,0,0.0,0,3,7,29.0,1,0.0
Tyreek Hill,WR,MIA,CLE,17,10.5,19.5,0,0,0.0,0,0.0,0,0.0,0,9,9,105.0,0,0.0
Tyreek Hill,WR,MIA,NYJ,18,2.0,4.0,0,0,0.0,0,0.0,0,0.0,0,2,3,20.0,0,0.0
Tyreik McAllister,RB,LV,CLE,4,1.1,1.1,0,0,0.0,0,0.0,2,11.0,0,0,0,0.0,0,0.0
Tyrell Shavers,WR,BUF,NYJ,17,12.9,13.9,0,0,0.0,0,0.0,0,0.0,0,1,1,69.0,1,0.0
Tyrion Davis-Price,RB,PHI,DAL,17,0.7,0.7,0,0,0.0,0,0.0,3,7.0,0,0,0,0.0,0,0.0
Tyrod Taylor,QB,NYJ,SF,1,6.14,6.14,6,8,36.0,1,0.0,1,7.0,0,0,0,0.0,0,0.0
Tyrod Taylor,QB,NYJ,BUF,17,13.92,13.92,11,14,83.0,2,0.0,2,6.0,0,0,0,0.0,0,0.0
Tyrone Tracy,RB,NYG,MIN,1,0.7,1.7,0,0,0.0,0,0.0,2,2.0,0,1,3,5.0,0,0.0
Tyrone Tracy,RB,NYG,WAS,2,0.2,0.2,0,0,0.0,0,0.0,1,2.0,0,0,0,0.0,0,0.0
Tyrone Tracy,RB,NYG,CLE,3,4.0,6.0,0,0,0.0,0,0.0,5,23.0,0,2,2,17.0,0,0.0
Tyrone Tracy,RB,NYG,DAL,4,2.1,3.1,0,0,0.0,0,0.0,4,2.0,0,1,1,19.0,0,0.0
Tyrone Tracy,RB,NYG,SEA,5,13.0,14.0,0,0,0.0,0,0.0,18,129.0,0,1,2,1.0,0,0.0
Tyrone Tracy,RB,NYG,CIN,6,16.7,22.7,0,0,0.0,0,0.0,17,50.0,1,6,6,57.0,0,0.0
Tyrone Tracy,RB,NYG,PHI,7,3.2,6.2,0,0,0.0,0,0.0,6,23.0,0,3,3,9.0,0,0.0
Tyrone Tracy,RB,NYG,PIT,8,21.0,23.0,0,0,0.0,0,0.0,20,145.0,1,2,3,5.0,0,0.0
Tyrone Tracy,RB,NYG,WAS,9,6.9,7.9,0,0,0.0,0,0.0,16,66.0,0,1,1,3.0,0,0.0
Tyrone Tracy,RB,NYG,CAR,10,14.4,15.4,0,0,0.0,0,0.0,18,103.0,1,1,2,1.0,0,0.0
Tyrone Tracy,RB,NYG,TB,12,5.0,9.0,0,0,0.0,0,0.0,9,42.0,0,4,4,28.0,0,0.0
Tyrone Tracy,RB,NYG,DAL,13,12.5,14.5,0,0,0.0,0,0.0,9,32.0,1,2,3,33.0,0,0.0
Tyrone Tracy,RB,NYG,NO,14,14.3,19.3,0,0,0.0,0,0.0,16,45.0,1,5,10,38.0,0,0.0
Tyrone Tracy,RB,NYG,BAL,15,3.5,4.5,0,0,0.0,0,0.0,10,31.0,0,1,4,4.0,0,0.0
Tyrone Tracy,RB,NYG,ATL,16,12.9,16.9,0,0,0.0,0,0.0,7,26.0,0,4,4,43.0,1,0.0
Tyrone Tracy,RB,NYG,IND,17,7.3,9.3,0,0,0.0,0,0.0,20,59.0,0,2,3,14.0,0,0.0
Tyrone Tracy,RB,NYG,PHI,18,6.6,8.6,0,0,0.0,0,0.0,14,59.0,0,2,2,7.0,0,0.0
Tyson Bagent,QB,CHI,CAR,5,-0.4,-0.4,0,0,0.0,0,0.0,3,-4.0,0,0,0,0.0,0,0.0
Tyson Bagent,QB,CHI,JAX,6,-0.3,-0.3,0,0,0.0,0,0.0,3,-3.0,0,0,0,0.0,0,0.0
Tyson Bagent,QB,CHI,SF,14,0.24,0.24,1,1,6.0,0,0.0,0,0.0,0,0,0,0.0,0,0.0
Tyson Bagent,QB,CHI,MIN,15,0.2,0.2,1,1,5.0,0,0.0,0,0.0,0,0,0,0.0,0,0.0
Van Jefferson,WR,PIT,ATL,1,0.1,1.1,0,0,0.0,0,0.0,0,0.0,0,1,2,1.0,0,0.0
Van Jefferson,WR,PIT,DEN,2,1.4,3.4,0,0,0.0,0,0.0,0,0.0,0,2,3,14.0,0,0.0
Van Jefferson,WR,PIT,IND,4,2.1,4.1,0,0,0.0,0,0.0,0,0.0,0,2,3,21.0,0,0.0
Van Jefferson,WR,PIT,DAL,5,2.6,5.6,0,0,0.0,0,0.0,0,0.0,0,3,5,26.0,0,0.0
Van Jefferson,WR,PIT,NYJ,7,7.5,9.5,0,0,0.0,0,0.0,0,0.0,0,2,3,15.0,1,0.0
Van Jefferson,WR,PIT,NYG,8,6.2,10.2,0,0,0.0,0,0.0,0,0.0,0,4,5,62.0,0,0.0
Van Jefferson,WR,PIT,WAS,10,0.0,0.0,0,0,0.0,0,0.0,0,0.0,0,0,2,0.0,0,0.0
Van Jefferson,WR,PIT,BAL,11,0.0,0.0,0,0,0.0,0,0.0,0,0.0,0,0,1,0.0,0,0.0
Van Jefferson,WR,PIT,CLE,12,3.9,5.9,0,0,0.0,0,0.0,0,0.0,0,2,2,39.0,0,0.0
Van Jefferson,WR,PIT,CIN,13,4.3,5.3,0,0,0.0,0,0.0,0,0.0,0,1,3,43.0,0,0.0
Van Jefferson,WR,PIT,CLE,14,7.0,8.0,0,0,0.0,0,0.0,0,0.0,0,1,1,10.0,1,0.0
Van Jefferson,WR,PIT,PHI,15,0.0,1.0,0,0,0.0,0,0.0,0,0.0,0,1,2,0.0,0,0.0
Van Jefferson,WR,PIT,BAL,16,2.7,4.7,0,0,0.0,0,0.0,0,0.0,0,2,3,27.0,0,0.0
Van Jefferson,WR,PIT,KC,17,0.0,0.0,0,0,0.0,0,0.0,0,0.0,0,0,1,0.0,0,0.0
Van Jefferson,WR,PIT,CIN,18,1.8,4.8,0,0,0.0,0,0.0,0,0.0,0,3,4,18.0,0,0.0
Vederian Lowe,T,NE,LA,11,6.4,7.4,0,0,0.0,0,0.0,0,0.0,0,1,1,4.0,1,0.0
Velus Jones,RB,CHI,TEN,1,1.9,2.9,0,0,0.0,0,0.0,2,11.0,0,1,1,8.0,0,0.0
Velus Jones,RB,CAR,TB,17,0.0,0.0,0,0,0.0,0,0.0,1,0.0,0,0,0,0.0,0,0.0
Wan'Dale Robinson,WR,NYG,MIN,1,5.8,11.8,0,0,0.0,0,0.0,1,14.0,0,6,12,44.0,0,0.0
Wan'Dale Robinson,WR,NYG,WAS,2,7.8,9.8,0,0,0.0,0,0.0,0,0.0,0,2,4,18.0,1,0.0
Wan'Dale Robinson,WR,NYG,CLE,3,6.1,13.1,0,0,0.0,0,0.0,0,0.0,0,7,8,61.0,0,0.0
Wan'Dale Robinson,WR,NYG,DAL,4,7.1,18.1,0,0,0.0,0,0.0,0,0.0,0,11,14,71.0,0,0.0
Wan'Dale Robinson,WR,NYG,SEA,5,10.0,16.0,0,0,0.0,0,0.0,1,4.0,0,6,9,36.0,1,0.0
Wan'Dale Robinson,WR,NYG,CIN,6,5.0,10.0,0,0,0.0,0,0.0,0,0.0,0,5,11,50.0,0,0.0
Wan'Dale Robinson,WR,NYG,PHI,7,2.3,8.3,0,0,0.0,0,0.0,0,0.0,0,6,9,23.0,0,0.0
Wan'Dale Robinson,WR,NYG,PIT,8,3.0,8.0,0,0,0.0,0,0.0,0,0.0,0,5,5,30.0,0,0.0
Wan'Dale Robinson,WR,NYG,WAS,9,1.0,4.0,0,0,0.0,0,0.0,0,0.0,0,3,4,10.0,0,0.0
Wan'Dale Robinson,WR,NYG,CAR,10,5.1,10.1,0,0,0.0,0,0.0,0,0.0,0,5,8,51.0,0,0.0
Wan'Dale Robinson,WR,NYG,TB,12,4.7,9.7,0,0,0.0,0,0.0,1,0.0,0,5,5,47.0,0,0.0
Wan'Dale Robinson,WR,NYG,DAL,13,0.6,2.6,0,0,0.0,0,0.0,0,0.0,0,2,2,6.0,0,0.0
Wan'Dale Robinson,WR,NYG,NO,14,3.8,7.8,0,0,0.0,0,0.0,0,0.0,0,4,11,38.0,0,0.0
Wan'Dale Robinson,WR,NYG,BAL,15,3.8,7.8,0,0,0.0,0,0.0,0,0.0,0,4,9,38.0,0,0.0
Wan'Dale Robinson,WR,NYG,ATL,16,6.2,13.2,0,0,0.0,0,0.0,0,0.0,0,7,12,62.0,0,0.0
Wan'Dale Robinson,WR,NYG,IND,17,13.1,18.1,0,0,0.0,0,0.0,0,0.0,0,5,6,71.0,1,0.0
Wan'Dale Robinson,WR,NYG,PHI,18,4.3,14.3,0,0,0.0,0,0.0,0,0.0,0,10,11,43.0,0,0.0
Wanya Morris,T,KC,CIN,2,6.1,7.1,0,0,0.0,0,0.0,0,0.0,0,1,1,1.0,1,0.0
Will Dissly,TE,LAC,LV,1,1.3,2.3,0,0,0.0,0,0.0,0,0.0,0,1,1,13.0,0,0.0
Will Dissly,TE,LAC,CAR,2,2.9,5.9,0,0,0.0,0,0.0,0,0.0,0,3,3,29.0,0,0.0
Will Dissly,TE,LAC,PIT,3,1.9,4.9,0,0,0.0,0,0.0,0,0.0,0,3,3,19.0,0,0.0
Will Dissly,TE,LAC,KC,4,2.4,4.4,0,0,0.0,0,0.0,0,0.0,0,2,3,24.0,0,0.0
Will Dissly,TE,LAC,DEN,6,2.6,6.6,0,0,0.0,0,0.0,0,0.0,0,4,5,26.0,0,0.0
Will Dissly,TE,LAC,ARI,7,8.1,16.1,0,0,0.0,0,0.0,0,0.0,0,8,11,81.0,0,0.0
Will Dissly,TE,LAC,NO,8,4.1,9.1,0,0,0.0,0,0.0,0,0.0,0,5,7,41.0,0,0.0
Will Dissly,TE,LAC,CLE,9,0.9,2.9,0,0,0.0,0,0.0,0,0.0,0,2,3,9.0,0,0.0
Will Dissly,TE,LAC,TEN,10,3.0,8.0,0,0,0.0,0,0.0,0,0.0,0,5,6,30.0,0,0.0
Will Dissly,TE,LAC,CIN,11,14.0,18.0,0,0,0.0,0,0.0,0,0.0,0,4,6,80.0,1,0.0
Will Dissly,TE,LAC,BAL,12,4.7,8.7,0,0,0.0,0,0.0,0,0.0,0,4,4,47.0,0,0.0
Will Dissly,TE,LAC,ATL,13,0.0,0.0,0,0,0.0,0,0.0,0,0.0,0,0,1,0.0,0,0.0
Will Dissly,TE,LAC,KC,14,1.9,3.9,0,0,0.0,0,0.0,0,0.0,0,2,2,19.0,0,0.0
Will Dissly,TE,LAC,NE,17,2.1,4.1,0,0,0.0,0,0.0,0,0.0,0,2,3,21.0,0,0.0
Will Dissly,TE,LAC,LV,18,10.2,15.2,0,0,0.0,0,0.0,0,0.0,0,5,6,42.0,1,0.0
Will Levis,QB,TEN,CHI,1,6.68,6.68,19,32,127.0,1,2.0,4,36.0,0,0,0,0.0,0,3.0
Will Levis,QB,TEN,NYJ,2,11.48,11.48,19,28,192.0,1,1.0,4,38.0,0,0,0,0.0,0,4.0
Will Levis,QB,TEN,GB,3,13.6,13.6,26,34,260.0,2,2.0,3,12.0,0,0,0,0.0,0,8.0
Will Levis,QB,TEN,MIA,4,-0.5,-0.5,3,4,25.0,0,1.0,2,5.0,0,0,0,0.0,0,0.0
Will Levis,QB,TEN,IND,6,7.3,7.3,16,27,95.0,1,1.0,3,15.0,0,0,0,0.0,0,0.0
Will Levis,QB,TEN,LAC,10,19.1,19.1,18,23,175.0,2,0.0,5,41.0,0,0,0,0.0,0,7.0
Will Levis,QB,TEN,MIN,11,15.6,15.6,17,31,295.0,1,1.0,7,18.0,0,0,0,0.0,0,5.0
Will Levis,QB,TEN,HOU,12,16.12,16.12,18,24,278.0,2,1.0,8,10.0,0,0,0,0.0,0,8.0
Will Levis,QB,TEN,WAS,13,16.18,16.18,18,37,212.0,2,0.0,2,-3.0,0,0,0,0.0,0,2.0
Will Levis,QB,TEN,JAX,14,7.02,7.02,19,32,168.0,0,0.0,1,3.0,0,0,0,0.0,0,2.0
Will Levis,QB,TEN,CIN,15,-4.44,-4.44,8,12,89.0,0,3.0,2,0.0,0,0,0,0.0,0,1.0
Will Levis,QB,TEN,HOU,18,11.8,11.8,9,17,175.0,1,0.0,4,8.0,0,0,0,0.0,0,1.0
Will Mallory,TE,IND,JAX,5,0.7,1.7,0,0,0.0,0,0.0,0,0.0,0,1,1,7.0,0,0.0
Will Mallory,TE,IND,TEN,6,0.0,0.0,0,0,0.0,0,0.0,0,0.0,0,0,1,0.0,0,0.0
Will Mallory,TE,IND,MIA,7,0.5,1.5,0,0,0.0,0,0.0,0,0.0,0,1,1,5.0,0,0.0
Will Mallory,TE,IND,HOU,8,0.0,0.0,0,0,0.0,0,0.0,0,0.0,0,0,2,0.0,0,0.0
Will Mallory,TE,IND,BUF,10,1.0,2.0,0,0,0.0,0,0.0,0,0.0,0,1,1,10.0,0,0.0
Will Mallory,TE,IND,NE,13,0.7,1.7,0,0,0.0,0,0.0,0,0.0,0,1,1,7.0,0,0.0
Will Mallory,TE,IND,DEN,15,0.0,0.0,0,0,0.0,0,0.0,0,0.0,0,0,1,0.0,0,0.0
Will Shipley,RB,PHI,NYG,7,1.5,1.5,0,0,0.0,0,0.0,8,15.0,0,0,0,0.0,0,0.0
Will Shipley,RB,PHI,CIN,8,-0.3,-0.3,0,0,0.0,0,0.0,2,-3.0,0,0,0,0.0,0,0.0
Will Shipley,RB,PHI,DAL,10,3.4,3.4,0,0,0.0,0,0.0,9,34.0,0,0,0,0.0,0,0.0
Will Shipley,RB,PHI,BAL,13,0.4,0.4,0,0,0.0,0,0.0,1,4.0,0,0,0,0.0,0,0.0
Will Shipley,RB,PHI,NYG,18,6.7,10.7,0,0,0.0,0,0.0,10,32.0,0,4,4,35.0,0,0.0
Xavier Gipson,WR,NYJ,NE,3,1.6,3.6,0,0,0.0,0,0.0,0,0.0,0,2,2,16.0,0,0.0
Xavier Gipson,WR,NYJ,DEN,4,0.6,1.6,0,0,0.0,0,0.0,0,0.0,0,1,4,6.0,0,0.0
Xavier Gipson,WR,NYJ,NE,8,6.1,7.1,0,0,0.0,0,0.0,0,0.0,0,1,1,1.0,1,0.0
Xavier Gipson,WR,NYJ,ARI,10,0.0,0.0,0,0,0.0,0,0.0,0,0.0,0,0,1,0.0,0,0.0
Xavier Gipson,WR,NYJ,IND,11,1.7,2.7,0,0,0.0,0,0.0,0,0.0,0,1,1,17.0,0,0.0
Xavier Gipson,WR,NYJ,SEA,13,-0.1,0.9,0,0,0.0,0,0.0,0,0.0,0,1,1,-1.0,0,0.0
Xavier Gipson,WR,NYJ,MIA,18,0.5,0.5,0,0,0.0,0,0.0,1,5.0,0,0,0,0.0,0,0.0
Xavier Hutchinson,WR,HOU,IND,1,0.3,1.3,0,0,0.0,0,0.0,0,0.0,0,1,1,3.0,0,0.0
Xavier Hutchinson,WR,HOU,CHI,2,0.0,0.0,0,0,0.0,0,0.0,0,0.0,0,0,1,0.0,0,0.0
Xavier Hutchinson,WR,HOU,MIN,3,0.0,0.0,0,0,0.0,0,0.0,0,0.0,0,0,1,0.0,0,0.0
Xavier Hutchinson,WR,HOU,BUF,5,3.1,5.1,0,0,0.0,0,0.0,0,0.0,0,2,3,31.0,0,0.0
Xavier Hutchinson,WR,HOU,NE,6,0.0,0.0,0,0,0.0,0,0.0,0,0.0,0,0,2,0.0,0,0.0
Xavier Hutchinson,WR,HOU,GB,7,1.1,2.1,0,0,0.0,0,0.0,0,0.0,0,1,1,11.0,0,0.0
Xavier Hutchinson,WR,HOU,IND,8,1.9,2.9,0,0,0.0,0,0.0,0,0.0,0,1,1,19.0,0,0.0
Xavier Hutchinson,WR,HOU,NYJ,9,0.0,0.0,0,0,0.0,0,0.0,0,0.0,0,0,3,0.0,0,0.0
Xavier Hutchinson,WR,HOU,DET,10,0.6,2.6,0,0,0.0,0,0.0,0,0.0,0,2,4,6.0,0,0.0
Xavier Hutchinson,WR,HOU,TEN,12,0.0,0.0,0,0,0.0,0,0.0,0,0.0,0,0,1,0.0,0,0.0
Xavier Hutchinson,WR,HOU,MIA,15,1.3,2.3,0,0,0.0,0,0.0,0,0.0,0,1,1,13.0,0,0.0
Xavier Hutchinson,WR,HOU,KC,16,0.8,1.8,0,0,0.0,0,0.0,0,0.0,0,1,1,8.0,0,0.0
Xavier Hutchinson,WR,HOU,BAL,17,2.1,4.1,0,0,0.0,0,0.0,0,0.0,0,2,4,21.0,0,0.0
Xavier Hutchinson,WR,HOU,TEN,18,0.5,1.5,0,0,0.0,0,0.0,0,0.0,0,1,2,5.0,0,0.0
Xavier Legette,WR,CAR,NO,1,3.5,7.5,0,0,0.0,0,0.0,0,0.0,0,4,7,35.0,0,0.0
Xavier Legette,WR,CAR,LV,3,4.2,6.2,0,0,0.0,0,0.0,0,0.0,0,2,3,42.0,0,0.0
Xavier Legette,WR,CAR,CIN,4,13.6,19.6,0,0,0.0,0,0.0,2,10.0,0,6,10,66.0,1,0.0
Xavier Legette,WR,CAR,CHI,5,0.8,1.8,0,0,0.0,0,0.0,0,0.0,0,1,1,8.0,0,0.0
Xavier Legette,WR,CAR,ATL,6,8.3,11.3,0,0,0.0,0,0.0,0,0.0,0,3,4,23.0,1,0.0
Xavier Legette,WR,CAR,WAS,7,0.9,2.9,0,0,0.0,0,0.0,1,6.0,0,2,3,3.0,0,0.0
Xavier Legette,WR,CAR,DEN,8,9.4,13.4,0,0,0.0,0,0.0,1,0.0,0,4,7,34.0,1,0.0
Xavier Legette,WR,CAR,NO,9,9.9,13.9,0,0,0.0,0,0.0,1,6.0,0,4,6,33.0,1,0.0
Xavier Legette,WR,CAR,NYG,10,4.0,7.0,0,0,0.0,0,0.0,0,0.0,0,3,4,40.0,0,0.0
Xavier Legette,WR,CAR,KC,12,5.6,9.6,0,0,0.0,0,0.0,0,0.0,0,4,6,56.0,0,0.0
Xavier Legette,WR,CAR,TB,13,5.3,9.3,0,0,0.0,0,0.0,0,0.0,0,4,8,53.0,0,0.0
Xavier Legette,WR,CAR,PHI,14,3.9,5.9,0,0,0.0,0,0.0,0,0.0,0,2,8,39.0,0,0.0
Xavier Legette,WR,CAR,DAL,15,0.9,2.9,0,0,0.0,0,0.0,1,2.0,0,2,3,7.0,0,0.0
Xavier Legette,WR,CAR,TB,17,2.8,7.8,0,0,0.0,0,0.0,0,0.0,0,5,9,28.0,0,0.0
Xavier Legette,WR,CAR,ATL,18,3.0,6.0,0,0,0.0,0,0.0,0,0.0,0,3,5,30.0,0,0.0
Xavier Smith,WR,LA,GB,5,0.6,2.6,0,0,0.0,0,0.0,0,0.0,0,2,2,6.0,0,0.0
Xavier Smith,WR,LA,LV,7,3.0,3.0,0,0,0.0,0,0.0,2,30.0,0,0,0,0.0,0,0.0
Xavier Smith,WR,LA,SEA,18,0.6,0.6,0,0,0.0,0,0.0,2,6.0,0,0,0,0.0,0,0.0
Xavier Weaver,WR,ARI,GB,6,0.0,0.0,0,0,0.0,0,0.0,0,0.0,0,0,1,0.0,0,0.0
Xavier Weaver,WR,ARI,SF,18,0.0,0.0,0,0,0.0,0,0.0,0,0.0,0,0,1,0.0,0,0.0
Xavier Worthy,WR,KC,BAL,1,18.8,20.8,0,0,0.0,0,0.0,1,21.0,1,2,3,47.0,1,0.0
Xavier Worthy,WR,KC,CIN,2,2.2,4.2,0,0,0.0,0,0.0,1,5.0,0,2,4,17.0,0,0.0
Xavier Worthy,WR,KC,ATL,3,3.0,5.0,0,0,0.0,0,0.0,3,13.0,0,2,4,17.0,0,0.0
Xavier Worthy,WR,KC,LAC,4,13.3,16.3,0,0,0.0,0,0.0,0,0.0,0,3,4,73.0,1,0.0
Xavier Worthy,WR,KC,NO,5,8.8,11.8,0,0,0.0,0,0.0,1,3.0,1,3,6,25.0,0,0.0
Xavier Worthy,WR,KC,SF,7,2.4,5.4,0,0,0.0,0,0.0,1,5.0,0,3,8,19.0,0,0.0
Xavier Worthy,WR,KC,LV,8,9.7,13.7,0,0,0.0,0,0.0,0,0.0,0,4,8,37.0,1,0.0
Xavier Worthy,WR,KC,TB,9,-1.0,-1.0,0,0,0.0,0,0.0,2,-10.0,0,0,2,0.0,0,0.0
Xavier Worthy,WR,KC,DEN,10,1.1,2.1,0,0,0.0,0,0.0,0,0.0,0,1,4,11.0,0,0.0
Xavier Worthy,WR,KC,BUF,11,12.8,16.8,0,0,0.0,0,0.0,1,7.0,0,4,5,61.0,1,0.0
Xavier Worthy,WR,KC,CAR,12,5.1,9.1,0,0,0.0,0,0.0,1,5.0,0,4,6,46.0,0,0.0
Xavier Worthy,WR,KC,LV,13,5.4,10.4,0,0,0.0,0,0.0,0,0.0,0,5,7,54.0,0,0.0
Xavier Worthy,WR,KC,LAC,14,4.6,9.6,0,0,0.0,0,0.0,1,5.0,0,5,6,41.0,0,0.0
Xavier Worthy,WR,KC,CLE,15,13.6,19.6,0,0,0.0,0,0.0,3,30.0,1,6,11,46.0,0,0.0
Xavier Worthy,WR,KC,HOU,16,13.5,20.5,0,0,0.0,0,0.0,3,10.0,0,7,11,65.0,1,0.0
Xavier Worthy,WR,KC,PIT,17,14.9,22.9,0,0,0.0,0,0.0,2,10.0,0,8,9,79.0,1,0.0
Zach Charbonnet,RB,SEA,DEN,1,10.1,12.1,0,0,0.0,0,0.0,8,12.0,0,2,3,29.0,1,0.0
Zach Charbonnet,RB,SEA,NE,2,12.9,17.9,0,0,0.0,0,0.0,14,38.0,1,5,5,31.0,0,0.0
Zach Charbonnet,RB,SEA,MIA,3,22.7,25.7,0,0,0.0,0,0.0,18,91.0,2,3,4,16.0,0,0.0
Zach Charbonnet,RB,SEA,DET,4,5.4,10.4,0,0,0.0,0,0.0,2,15.0,0,5,5,39.0,0,0.0
Zach Charbonnet,RB,SEA,NYG,5,3.0,6.0,0,0,0.0,0,0.0,2,11.0,0,3,5,19.0,0,0.0
Zach Charbonnet,RB,SEA,SF,6,3.5,4.5,0,0,0.0,0,0.0,5,20.0,0,1,1,15.0,0,0.0
Zach Charbonnet,RB,SEA,ATL,7,0.9,1.9,0,0,0.0,0,0.0,7,14.0,0,1,1,-5.0,0,0.0
Zach Charbonnet,RB,SEA,BUF,8,8.4,11.4,0,0,0.0,0,0.0,3,4.0,1,3,4,20.0,0,0.0
Zach Charbonnet,RB,SEA,LA,9,3.3,5.3,0,0,0.0,0,0.0,2,8.0,0,2,3,25.0,0,0.0
Zach Charbonnet,RB,SEA,SF,11,0.5,2.5,0,0,0.0,0,0.0,4,3.0,0,2,2,2.0,0,0.0
Zach Charbonnet,RB,SEA,ARI,12,2.2,2.2,0,0,0.0,0,0.0,6,22.0,0,0,0,0.0,0,0.0
Zach Charbonnet,RB,SEA,NYJ,13,10.1,12.1,0,0,0.0,0,0.0,4,28.0,1,2,3,13.0,0,0.0
Zach Charbonnet,RB,SEA,ARI,14,31.3,38.3,0,0,0.0,0,0.0,22,134.0,2,7,7,59.0,0,0.0
Zach Charbonnet,RB,SEA,GB,15,12.6,13.6,0,0,0.0,0,0.0,8,54.0,1,1,4,12.0,0,0.0
Zach Charbonnet,RB,SEA,MIN,16,1.3,3.3,0,0,0.0,0,0.0,1,-1.0,0,2,2,14.0,0,0.0
Zach Charbonnet,RB,SEA,CHI,17,7.6,10.6,0,0,0.0,0,0.0,15,57.0,0,3,3,19.0,0,0.0
Zach Charbonnet,RB,SEA,LA,18,5.9,5.9,0,0,0.0,0,0.0,14,59.0,0,0,0,0.0,0,0.0
Zach Davidson,TE,BUF,KC,11,0.5,1.5,0,0,0.0,0,0.0,0,0.0,0,1,1,5.0,0,0.0
Zach Davidson,TE,BUF,SF,13,0.0,0.0,0,0,0.0,0,0.0,0,0.0,0,0,1,0.0,0,0.0
Zach Ertz,TE,WAS,TB,1,2.8,5.8,0,0,0.0,0,0.0,0,0.0,0,3,4,28.0,0,0.0
Zach Ertz,TE,WAS,NYG,2,6.2,10.2,0,0,0.0,0,0.0,0,0.0,0,4,4,62.0,0,0.0
Zach Ertz,TE,WAS,CIN,3,3.8,8.8,0,0,0.0,0,0.0,0,0.0,0,5,5,38.0,0,0.0
Zach Ertz,TE,WAS,ARI,4,4.2,7.2,0,0,0.0,0,0.0,0,0.0,0,3,3,22.0,0,0.0
Zach Ertz,TE,WAS,CLE,5,1.0,3.0,0,0,0.0,0,0.0,0,0.0,0,2,8,10.0,0,0.0
Zach Ertz,TE,WAS,BAL,6,6.8,10.8,0,0,0.0,0,0.0,0,0.0,0,4,5,68.0,0,0.0
Zach Ertz,TE,WAS,CAR,7,10.0,14.0,0,0,0.0,0,0.0,0,0.0,0,4,5,40.0,1,0.0
Zach Ertz,TE,WAS,CHI,8,7.7,14.7,0,0,0.0,0,0.0,0,0.0,0,7,11,77.0,0,0.0
Zach Ertz,TE,WAS,NYG,9,0.5,1.5,0,0,0.0,0,0.0,0,0.0,0,1,1,5.0,0,0.0
Zach Ertz,TE,WAS,PIT,10,3.1,7.1,0,0,0.0,0,0.0,0,0.0,0,4,8,31.0,0,0.0
Zach Ertz,TE,WAS,PHI,11,12.7,18.7,0,0,0.0,0,0.0,0,0.0,0,6,7,47.0,1,0.0
Zach Ertz,TE,WAS,DAL,12,9.8,15.8,0,0,0.0,0,0.0,0,0.0,0,6,8,38.0,1,0.0
Zach Ertz,TE,WAS,TEN,13,9.5,12.5,0,0,0.0,0,0.0,0,0.0,0,3,6,35.0,1,0.0
Zach Ertz,TE,WAS,NO,15,2.5,4.5,0,0,0.0,0,0.0,0,0.0,0,2,2,25.0,0,0.0
Zach Ertz,TE,WAS,PHI,16,1.2,2.2,0,0,0.0,0,0.0,0,0.0,0,1,2,12.0,0,0.0
Zach Ertz,TE,WAS,ATL,17,19.2,25.2,0,0,0.0,0,0.0,0,0.0,0,6,7,72.0,2,0.0
Zach Ertz,TE,WAS,DAL,18,10.4,15.4,0,0,0.0,0,0.0,0,0.0,0,5,5,44.0,1,0.0
Zack Moss,RB,CIN,NE,1,12.1,14.1,0,0,0.0,0,0.0,9,44.0,1,2,4,17.0,0,0.0
Zack Moss,RB,CIN,KC,2,4.7,5.7,0,0,0.0,0,0.0,12,34.0,0,1,1,13.0,0,0.0
Zack Moss,RB,CIN,WAS,3,15.7,20.7,0,0,0.0,0,0.0,12,58.0,1,5,6,39.0,0,0.0
Zack Moss,RB,CIN,CAR,4,13.8,17.8,0,0,0.0,0,0.0,15,51.0,0,4,4,27.0,1,0.0
Zack Moss,RB,CIN,BAL,5,5.2,8.2,0,0,0.0,0,0.0,9,24.0,0,3,4,28.0,0,0.0
Zack Moss,RB,CIN,NYG,6,-0.5,0.5,0,0,0.0,0,0.0,6,13.0,0,1,1,2.0,0,0.0
Zack Moss,RB,CIN,CLE,7,4.0,7.0,0,0,0.0,0,0.0,6,7.0,0,3,3,33.0,0,0.0
Zack Moss,RB,CIN,PHI,8,3.9,7.9,0,0,0.0,0,0.0,5,11.0,0,4,4,28.0,0,0.0
Zamir White,RB,LV,LAC,1,2.6,4.6,0,0,0.0,0,0.0,13,44.0,0,2,2,2.0,0,0.0
Zamir White,RB,LV,BAL,2,3.8,6.8,0,0,0.0,0,0.0,9,24.0,0,3,4,14.0,0,0.0
Zamir White,RB,LV,CAR,3,3.4,3.4,0,0,0.0,0,0.0,10,34.0,0,0,0,0.0,0,0.0
Zamir White,RB,LV,CLE,4,3.0,3.0,0,0,0.0,0,0.0,17,50.0,0,0,1,0.0,0,0.0
Zamir White,RB,LV,LA,7,2.7,3.7,0,0,0.0,0,0.0,3,13.0,0,1,1,14.0,0,0.0
Zamir White,RB,LV,KC,8,-0.1,-0.1,0,0,0.0,0,0.0,2,-1.0,0,0,0,0.0,0,0.0
Zamir White,RB,LV,CIN,9,7.0,7.0,0,0,0.0,0,0.0,6,10.0,1,0,0,0.0,0,0.0
Zamir White,RB,LV,MIA,11,0.9,0.9,0,0,0.0,0,0.0,5,9.0,0,0,0,0.0,0,0.0
Zay Flowers,WR,BAL,KC,1,5.1,11.1,0,0,0.0,0,0.0,2,14.0,0,6,10,37.0,0,0.0
Zay Flowers,WR,BAL,LV,2,15.1,22.1,0,0,0.0,0,0.0,0,0.0,0,7,11,91.0,1,0.0
Zay Flowers,WR,BAL,DAL,3,2.3,5.3,0,0,0.0,0,0.0,1,3.0,0,3,4,20.0,0,0.0
Zay Flowers,WR,BAL,BUF,4,1.0,2.0,0,0,0.0,0,0.0,0,0.0,0,1,2,10.0,0,0.0
Zay Flowers,WR,BAL,CIN,5,12.0,19.0,0,0,0.0,0,0.0,1,9.0,0,7,12,111.0,0,0.0
Zay Flowers,WR,BAL,WAS,6,13.4,22.4,0,0,0.0,0,0.0,1,2.0,0,9,9,132.0,0,0.0
Zay Flowers,WR,BAL,TB,7,3.0,4.0,0,0,0.0,0,0.0,1,19.0,0,1,1,11.0,0,0.0
Zay Flowers,WR,BAL,CLE,8,11.5,18.5,0,0,0.0,0,0.0,0,0.0,0,7,12,115.0,0,0.0
Zay Flowers,WR,BAL,DEN,9,24.7,29.7,0,0,0.0,0,0.0,0,0.0,0,5,6,127.0,2,0.0
Zay Flowers,WR,BAL,CIN,10,3.4,7.4,0,0,0.0,0,0.0,0,0.0,0,4,6,34.0,0,0.0
Zay Flowers,WR,BAL,PIT,11,9.9,11.9,0,0,0.0,0,0.0,0,0.0,0,2,6,39.0,1,0.0
Zay Flowers,WR,BAL,LAC,12,6.2,11.2,0,0,0.0,0,0.0,0,0.0,0,5,8,62.0,0,0.0
Zay Flowers,WR,BAL,PHI,13,7.1,10.1,0,0,0.0,0,0.0,1,-3.0,0,3,7,74.0,0,0.0
Zay Flowers,WR,BAL,NYG,15,5.3,11.3,0,0,0.0,0,0.0,0,0.0,0,6,7,53.0,0,0.0
Zay Flowers,WR,BAL,PIT,16,10.3,15.3,0,0,0.0,0,0.0,1,3.0,0,5,8,100.0,0,0.0
Zay Flowers,WR,BAL,HOU,17,3.1,5.1,0,0,0.0,0,0.0,0,0.0,0,2,5,31.0,0,0.0
Zay Flowers,WR,BAL,CLE,18,2.1,3.1,0,0,0.0,0,0.0,1,9.0,0,1,2,12.0,0,0.0
Zay Jones,WR,ARI,LAC,7,0.0,0.0,0,0,0.0,0,0.0,0,0.0,0,0,1,0.0,0,0.0
Zay Jones,WR,ARI,MIA,8,0.3,1.3,0,0,0.0,0,0.0,0,0.0,0,1,1,3.0,0,0.0
Zay Jones,WR,ARI,SEA,14,1.3,2.3,0,0,0.0,0,0.0,0,0.0,0,1,2,13.0,0,0.0
Zay Jones,WR,ARI,NE,15,0.3,1.3,0,0,0.0,0,0.0,0,0.0,0,1,1,3.0,0,0.0
Zay Jones,WR,ARI,LA,17,1.9,2.9,0,0,0.0,0,0.0,0,0.0,0,1,1,19.0,0,0.0
Zay Jones,WR,ARI,SF,18,4.6,8.6,0,0,0.0,0,0.0,0,0.0,0,4,5,46.0,0,0.0
